nivel,tienda,mes,area_batch,estado_veterana,n_dias,n_lotes,uds_total,uds_media_lote,p1_min_medio,p2_min_medio,p3_min_medio,p23_min_medio,p4_min_medio,p5_min_medio,p6_min_medio,p7_min_medio,prep_min_medio,total_min_util_medio,p1_ef_min_medio,p2_ef_min_medio,p3_ef_min_medio,p23_ef_min_medio,p4_ef_min_medio,p5_ef_min_medio,p6_ef_min_medio,p7_ef_min_medio,prep_ef_min_medio,total_min_efec_medio,p1_par_min_medio,p2_par_min_medio,p3_par_min_medio,p23_par_min_medio,p4_par_min_medio,p5_par_min_medio,p6_par_min_medio,p7_par_min_medio,prep_par_min_medio,total_min_paradas_medio,p1_pct_medio,p2_pct_medio,p3_pct_medio,p23_pct_medio,p4_pct_medio,p5_pct_medio,p6_pct_medio,p7_pct_medio,prep_pct_medio,p1_ef_pct_medio,p2_ef_pct_medio,p3_ef_pct_medio,p23_ef_pct_medio,p4_ef_pct_medio,p5_ef_pct_medio,p6_ef_pct_medio,p7_ef_pct_medio,prep_ef_pct_medio,p1_par_pct_medio,p2_par_pct_medio,p3_par_pct_medio,p23_par_pct_medio,p4_par_pct_medio,p5_par_pct_medio,p6_par_pct_medio,p7_par_pct_medio,prep_par_pct_medio,prod_total_min_ud_media,prod_efectiva_min_ud_media,uph_total_media,uph_efec_media,prod_real_oficial,prod_efec_oficial
general_trim,GENERAL,,GLOBAL,Liebre (todas),2.999,,10.985.288,,,,,,,,,,,,,,,,,,,,,,,,,,,,,,,,,,,,,,,,,,,,,,,,,,,,,,,,,,,,,,,"0,3011","0,2851"
general_trim,GENERAL,,SECOS,Liebre (todas),2.999,42.217,6.050.766,"140,77","1,14","10,36","22,23",0,0,"1,02","0,9245","4,01","32,59","39,69","1,09","10,31","21,97",0,0,"0,9973","0,911","2,36","32,28","37,63","0,055","0,0493","0,2581",0,0,"0,0267","0,0135","1,65","0,3074","2,06","0,029","0,26","0,5599",0,0,"0,026","0,0232","0,102","0,8199","0,0289","0,2725","0,5844",0,0,"0,0263","0,0239","0,0639","0,8569","0,0448","0,0294","0,1267",0,0,"0,0197","0,0065","0,773","0,1561","0,2838","0,2693","214,08","225,96",,
general_trim,GENERAL,,REFRIGERADO,Liebre (todas),2.998,18.193,1.881.199,"99,26","0,8066","6,05","11,01",0,"0,0001","0,9021","2,06","3,23","17,06","24,06","0,7733","6,01","10,87",0,"0,0001","0,8902","2,05","2,27","16,89","22,88","0,0334","0,0365","0,1408",0,0,"0,0118","0,009","0,9513","0,1773","1,18","0,0338","0,2505","0,4597",0,0,"0,0377","0,0853","0,1329","0,7103","0,0338","0,2619","0,4773",0,0,"0,0387","0,0886","0,0998","0,7391","0,0365","0,0356","0,1196",0,0,"0,0127","0,0078","0,7878","0,1552","0,2457","0,2337","250,77","264,23",,
general_trim,GENERAL,,CONGELADO,Liebre (todas),2.998,14.728,650.438,"42,56","0,882","2,91","6,45",0,0,"0,7983","1,87","3,25","9,36","16,16","0,845","2,9","6,38",0,0,"0,7846","1,86","2,23","9,29",15,"0,0369","0,0069","0,0697",0,0,"0,0136","0,0127","1,02","0,0767","1,16","0,0553","0,1791","0,3981",0,0,"0,0501","0,1172","0,2002","0,5772","0,0565","0,1917","0,4249",0,0,"0,0521","0,1244","0,1504","0,6166","0,0349","0,0115","0,0532",0,0,"0,0137","0,0101","0,8765","0,0647","0,3913","0,3628","160,56","172,99",,
general_trim,GENERAL,,FRESCOS,Liebre (todas),2.998,17.236,1.203.512,"66,93","1,02",0,0,"16,02","1,11","0,9757","3,53","3,47","16,02","26,13","0,9923",0,0,"15,92","1,1","0,9545","3,51","2,2","15,92","24,67","0,03",0,0,"0,1068","0,0068","0,0212","0,0214","1,27","0,1068","1,46","0,0391",0,0,"0,6121","0,0414","0,0381","0,1357","0,1337","0,6121","0,0399",0,0,"0,643","0,0435","0,0396","0,1422","0,0918","0,643","0,0255",0,0,"0,0813","0,0061","0,0196","0,0157","0,8518","0,0813","0,3989","0,3757","155,43","164,56",,
general_trim,GENERAL,,FYV,Liebre (todas),2.997,13.684,972.936,"67,76","1,26",0,0,"8,85","3,98","1,17","2,86","2,78","8,85","20,9","1,24",0,0,"8,8","3,93","1,15","2,85","1,77","8,8","19,73","0,0265",0,0,"0,0562","0,0473","0,0153","0,0099","1,01","0,0562","1,16","0,0617",0,0,"0,4212","0,1895","0,0577","0,1382","0,1317","0,4212","0,0635",0,0,"0,442","0,1981","0,0601","0,1447","0,0916","0,442","0,0267",0,0,"0,0533","0,0492","0,0155","0,0082","0,8469","0,0533","0,3228","0,3044","197,87","209,35",,
general_trim,GENERAL,,HORNO,Liebre (todas),2.992,8.803,179.451,"19,33","0,4992","1,16","1,58",0,0,"0,8204","3,07","0,5148","2,74","7,65","0,4782","1,16","1,56",0,0,"0,7867","3,06","0,3161","2,72","7,36","0,021","0,0007","0,0221",0,0,"0,0338","0,013","0,1987","0,0228","0,2893","0,0648","0,154","0,2058",0,0,"0,1122","0,4064","0,0567","0,3599","0,0644","0,1575","0,2092",0,0,"0,1114","0,4151","0,0424","0,3667","0,1025","0,0049","0,0996",0,0,"0,1456","0,0544","0,5929","0,1045","0,4345","0,4131","168,27","172,72",,
general_trim,GENERAL,,PENDIENTES,Liebre (todas),2.648,6.020,46.628,"7,08","0,612","0,9425","1,07",0,"0,0068","0,5271","1,75","2,64","2,01","7,55","0,5963","0,8984","1,01",0,"0,0068","0,5219","1,74","1,42","1,91","6,2","0,0157","0,0441","0,063",0,0,"0,0052","0,011","1,21","0,107","1,35","0,0948","0,117","0,1177",0,"0,0011","0,0923","0,242","0,3351","0,2347","0,1096","0,1323","0,1278",0,"0,0012","0,113","0,2803","0,2357","0,2602","0,0162","0,0424","0,0541",0,0,"0,0065","0,009","0,8719","0,0965","1,83","1,36","72,59","89,07",,
general_mes,GENERAL,1/5/2026,GLOBAL,Liebre (todas),962,,3.564.186,,,,,,,,,,,,,,,,,,,,,,,,,,,,,,,,,,,,,,,,,,,,,,,,,,,,,,,,,,,,,,,"0,2977","0,2827"
general_mes,GENERAL,1/5/2026,SECOS,Liebre (todas),962,13.509,1.940.819,"141,28","1,14","10,32","22,12",0,"0,0001","1,03","0,9235","3,91","32,44","39,45","1,09","10,28","21,86",0,"0,0001",1,"0,9143","2,38","32,14","37,53","0,0504","0,0399","0,2595",0,0,"0,0277","0,0092","1,54","0,2994","1,93","0,0292","0,2597","0,5613",0,0,"0,0263","0,0233","0,1002","0,821","0,0292","0,2714","0,5841",0,0,"0,0266","0,0241","0,0648","0,8554","0,047","0,0277","0,1323",0,0,"0,0186","0,0049","0,7695","0,1601","0,2809","0,2673","216,17","227,4",,
general_mes,GENERAL,1/5/2026,REFRIGERADO,Liebre (todas),961,5.901,622.483,"101,34","0,8105","6,13","11,23",0,"0,0001","0,9109","2,07","3,2","17,36","24,36","0,7828","6,11","11,1",0,"0,0001","0,9049","2,06","2,27","17,2","23,22","0,0277","0,0284","0,1343",0,0,"0,006","0,0058","0,9357","0,1626","1,14","0,0336","0,2507","0,4629",0,0,"0,0376","0,0849","0,1303","0,7136","0,0337","0,2617","0,4799",0,0,"0,0389","0,088","0,0978","0,7416","0,0284","0,035","0,1155",0,0,"0,0065","0,0069","0,8077","0,1505","0,2441","0,2327","252,84","265,51",,
general_mes,GENERAL,1/5/2026,CONGELADO,Liebre (todas),961,4.609,196.819,"41,4","0,8918","2,77","6,24",0,0,"0,7904","1,84","3,14",9,"15,66","0,8384","2,76","6,17",0,0,"0,7753","1,83","2,23","8,93","14,6","0,0534","0,0095","0,0654",0,0,"0,0151","0,0054","0,9071","0,0749","1,06","0,0578","0,1758","0,3961",0,0,"0,0516","0,119","0,1997","0,5718","0,0578","0,1871","0,4201",0,0,"0,0534","0,1261","0,1555","0,6072","0,0476","0,0161","0,0566",0,0,"0,0187","0,0074","0,8536","0,0726","0,391","0,3656","160,83","172,15",,
general_mes,GENERAL,1/5/2026,FRESCOS,Liebre (todas),961,5.574,405.011,"69,74","1,07",0,0,"16,44","1,3","0,9925","3,63","3,45","16,44","26,88","1,04",0,0,"16,32","1,29","0,9791","3,62","2,23","16,32","25,48","0,0243",0,0,"0,1139","0,0078","0,0135","0,0171","1,22","0,1139","1,4","0,0398",0,0,"0,6095","0,0472","0,0376","0,1355","0,1305","0,6095","0,0409",0,0,"0,6376","0,0493","0,0393","0,1419","0,091","0,6376","0,0201",0,0,"0,09","0,0072","0,0142","0,013","0,8555","0,09","0,3972","0,376","157,31","165,89",,
general_mes,GENERAL,1/5/2026,FYV,Liebre (todas),960,4.355,321.812,"70,41","1,28",0,0,"8,82","3,93","1,14","2,83","2,81","8,82","20,82","1,25",0,0,"8,78","3,88","1,13","2,82","1,76","8,78","19,63","0,0327",0,0,"0,0426","0,0462","0,0119","0,0042","1,05","0,0426","1,19","0,0628",0,0,"0,4207","0,1877","0,0568","0,1375","0,1346","0,4207","0,0644",0,0,"0,443","0,1964","0,0594","0,1445","0,0924","0,443","0,0294",0,0,"0,0473","0,0408","0,0109","0,0071","0,8645","0,0473","0,3127","0,2948","206,08","218,02",,
general_mes,GENERAL,1/5/2026,HORNO,Liebre (todas),959,2.811,58.785,"19,96","0,5206","1,15","1,63",0,0,"0,8562","3,2","0,5394","2,78","7,9","0,4954","1,15","1,6",0,0,"0,8121","3,19","0,3377","2,74","7,57","0,0252","0,0023","0,0389",0,0,"0,0441","0,0132","0,2017","0,0412","0,3254","0,0649","0,1488","0,2038",0,0,"0,1126","0,4113","0,0586","0,3526","0,0649","0,1529","0,2068",0,0,"0,1107","0,4219","0,0427","0,3597","0,1024","0,0135","0,1216",0,0,"0,1757","0,0515","0,5353","0,1351","0,4359","0,4126","166,78","172,58",,
general_mes,GENERAL,1/5/2026,PENDIENTES,Liebre (todas),867,2.027,18.303,8,"0,6339","1,01","1,23",0,"0,0115","0,5285","1,89","2,61","2,24","7,92","0,6286","0,9621","1,15",0,"0,0115","0,5234","1,88","1,44","2,11","6,6","0,0053","0,045","0,0856",0,0,"0,0051","0,0078","1,18","0,1305","1,32","0,0916","0,1177","0,1299",0,"0,0017","0,0856","0,2486","0,3249","0,2476","0,1069","0,1332","0,1383",0,"0,0017","0,105","0,2869","0,2279","0,2715","0,0042","0,052","0,0789",0,0,"0,0068","0,0085","0,8497","0,1309","1,71","1,28","70,38","84,57",,
general_mes,GENERAL,1/6/2026,GLOBAL,Liebre (todas),996,,3.669.834,,,,,,,,,,,,,,,,,,,,,,,,,,,,,,,,,,,,,,,,,,,,,,,,,,,,,,,,,,,,,,,"0,3014","0,2851"
general_mes,GENERAL,1/6/2026,SECOS,Liebre (todas),996,14.103,2.020.616,"140,62","1,14","10,35","22,18",0,0,"1,03","0,9131","4,07","32,53","39,68","1,09","10,3","21,9",0,0,1,"0,8991","2,34","32,2","37,52","0,0563","0,0501","0,2801",0,0,"0,03","0,014","1,73","0,3302","2,16","0,0291","0,2601","0,5584",0,0,"0,0261","0,0229","0,1033","0,8186","0,029","0,2733","0,5841",0,0,"0,0265","0,0237","0,0634","0,8574","0,0439","0,024","0,1323",0,0,"0,0201","0,0074","0,7724","0,1563","0,2841","0,2688","213,76","226,22",,
general_mes,GENERAL,1/6/2026,REFRIGERADO,Liebre (todas),996,6.086,627.992,"99,09","0,806","6,07","11,02",0,"0,0001","0,9109","2,07","3,17","17,1","24,06","0,7712","6,03","10,86",0,"0,0001","0,8919","2,07","2,29","16,89","22,91","0,0348","0,0464","0,1607",0,0,"0,019","0,0041","0,8858","0,207","1,15","0,0339","0,2522","0,4601",0,0,"0,038","0,0855","0,1303","0,7123","0,0339","0,2626","0,476",0,0,"0,0388","0,0891","0,0997","0,7385","0,0416","0,0358","0,1223",0,0,"0,0237","0,003","0,7736","0,1582","0,2452","0,2336","250,23","263,32",,
general_mes,GENERAL,1/6/2026,CONGELADO,Liebre (todas),996,4.944,221.806,"43,31","0,8809","2,93","6,59",0,0,"0,8134","1,9","3,23","9,52","16,35","0,8461","2,93","6,5",0,0,"0,8034","1,88","2,24","9,43","15,19","0,0348","0,0035","0,0891",0,0,"0,0099","0,0242","0,992","0,0926","1,15","0,0546","0,1787","0,4017",0,0,"0,0502","0,1178","0,1969","0,5805","0,0557","0,1909","0,4273",0,0,"0,0524","0,1243","0,1494","0,6182","0,0339","0,0063","0,0586",0,0,"0,0095","0,0142","0,8774","0,0649","0,3874","0,361","161,64","173,49",,
general_mes,GENERAL,1/6/2026,FRESCOS,Liebre (todas),996,5.748,396.568,"66,14","1,05",0,0,"15,91","1,07","0,9966","3,51","3,41","15,91","25,95","1,01",0,0,"15,81","1,07","0,9613","3,48","2,22","15,81","24,54","0,0387",0,0,"0,0993","0,0075","0,0353","0,0331","1,19","0,0993","1,41","0,0405",0,0,"0,6125","0,0406","0,0391","0,1355","0,1317","0,6125","0,041",0,0,"0,6426","0,0426","0,04","0,1414","0,0923","0,6426","0,0315",0,0,"0,0756","0,0089","0,0309","0,0247","0,8284","0,0756","0,3988","0,3763","154,54","163,46",,
general_mes,GENERAL,1/6/2026,FYV,Liebre (todas),996,4.567,328.464,"68,54","1,28",0,0,"9,09","4,05","1,19","2,89","2,86","9,09","21,36","1,25",0,0,"9,03",4,"1,17","2,87","1,76","9,03","20,08","0,0264",0,0,"0,0605","0,0493","0,0238","0,0172","1,1","0,0605","1,28","0,061",0,0,"0,4231","0,1886","0,0577","0,1369","0,1326","0,4231","0,0631",0,0,"0,4462","0,198","0,0598","0,1436","0,0894","0,4462","0,0273",0,0,"0,0448","0,0464","0,024","0,0096","0,8479","0,0448","0,3238","0,3044","196,28","208,69",,
general_mes,GENERAL,1/6/2026,HORNO,Liebre (todas),995,2.941,59.858,"19,3","0,4992","1,18","1,56",0,0,"0,7937","3,03","0,503","2,74","7,57","0,4752","1,18","1,55",0,0,"0,7669","3,01","0,3237","2,73","7,31","0,024",0,"0,0143",0,0,"0,0268","0,0192","0,1792","0,0143","0,2636","0,0666","0,1562","0,2068",0,0,"0,1115","0,4039","0,0549","0,363","0,0654","0,1593","0,2104",0,0,"0,1107","0,4106","0,0435","0,3697","0,1357",0,"0,0877",0,0,"0,1429","0,0941","0,5397","0,0877","0,4313","0,4138","171,42","175,1",,
general_mes,GENERAL,1/6/2026,PENDIENTES,Liebre (todas),865,1.996,14.441,"6,57","0,6422","0,9593","1,04",0,"0,0047","0,5389","1,71","2,78",2,"7,67","0,6126","0,9105","0,963",0,"0,0047","0,5389","1,69","1,38","1,87","6,1","0,0296","0,0488","0,0732",0,0,0,"0,0142","1,4","0,1221","1,56","0,1002","0,1152","0,1102",0,"0,0008","0,0954","0,2345","0,3437","0,2254","0,1141","0,1316","0,1219",0,"0,0009","0,1199","0,2768","0,2347","0,2536","0,0253","0,0366","0,0482",0,0,0,"0,007","0,883","0,0847","1,98","1,42","71,8","87,85",,
general_mes,GENERAL,1/7/2026,GLOBAL,Liebre (todas),1.041,,3.751.268,,,,,,,,,,,,,,,,,,,,,,,,,,,,,,,,,,,,,,,,,,,,,,,,,,,,,,,,,,,,,,,"0,3038","0,2872"
general_mes,GENERAL,1/7/2026,SECOS,Liebre (todas),1.041,14.605,2.089.331,"140,45","1,14","10,41","22,38",0,0,"1,01","0,9364","4,05","32,78","39,91","1,08","10,35","22,14",0,0,"0,9898","0,9192","2,36","32,49","37,84","0,0581","0,0572","0,2357",0,0,"0,0228","0,0172","1,68","0,2929","2,08","0,0286","0,2603","0,5599",0,0,"0,0255","0,0233","0,1024","0,8202","0,0285","0,2727","0,585",0,0,"0,026","0,024","0,0637","0,8577","0,0437","0,0359","0,1165",0,0,"0,0202","0,007","0,7766","0,1525","0,2862","0,2716","212,47","224,38",,
general_mes,GENERAL,1/7/2026,REFRIGERADO,Liebre (todas),1.041,6.206,630.724,"97,5","0,8037","5,95","10,81",0,0,"0,8854","2,04","3,3","16,76","23,79","0,7664","5,91","10,68",0,0,"0,8752","2,03","2,27","16,59","22,53","0,0373","0,0345","0,1279",0,0,"0,0103","0,0167","1,03","0,1624","1,26","0,0339","0,2489","0,4565",0,0,"0,0374","0,0856","0,1378","0,7054","0,0338","0,2614","0,476",0,0,"0,0385","0,0887","0,1016","0,7374","0,0386","0,036","0,1205",0,0,"0,0073","0,0134","0,7842","0,1565","0,2477","0,2346","249,37","263,92",,
general_mes,GENERAL,1/7/2026,CONGELADO,Liebre (todas),1.041,5.175,231.813,"42,92","0,8739","3,02","6,53",0,0,"0,7911","1,87","3,36","9,55","16,44","0,8502","3,02","6,47",0,0,"0,7753","1,86","2,21","9,49","15,19","0,0238","0,0078","0,0553",0,0,"0,0158","0,0083","1,15","0,0631","1,26","0,0538","0,1824","0,3965",0,0,"0,0485","0,115","0,2038","0,5789","0,056","0,1969","0,427",0,0,"0,0507","0,123","0,1465","0,6238","0,0261","0,0127","0,0458",0,0,"0,0137","0,0084","0,8934","0,0585","0,3953","0,3619","159,29","173,29",,
general_mes,GENERAL,1/7/2026,FRESCOS,Liebre (todas),1.041,5.914,401.933,"65,11","0,9518",0,0,"15,75","0,9597","0,9402","3,47","3,55","15,75","25,62","0,9249",0,0,"15,65","0,9546","0,9254","3,45","2,15","15,65","24,06","0,0269",0,0,"0,1074","0,0051","0,0148","0,0142","1,4","0,1074","1,57","0,037",0,0,"0,6142","0,0367","0,0375","0,136","0,1386","0,6142","0,038",0,0,"0,6483","0,0388","0,0396","0,1434","0,092","0,6483","0,025",0,0,"0,0787","0,0026","0,0143","0,0102","0,8692","0,0787","0,4004","0,3749","154,55","164,39",,
general_mes,GENERAL,1/7/2026,FYV,Liebre (todas),1.041,4.762,322.660,"64,58","1,23",0,0,"8,66","3,96","1,17","2,85","2,66","8,66","20,53","1,21",0,0,"8,59","3,91","1,16","2,84","1,79","8,59","19,51","0,0208",0,0,"0,0645","0,0464","0,0103","0,0083","0,8748","0,0645","1,02","0,0613",0,0,"0,4197","0,1921","0,0586","0,1402","0,1281","0,4197","0,0631",0,0,"0,4372","0,1996","0,061","0,1461","0,0929","0,4372","0,0236",0,0,"0,0684","0,0604","0,011","0,008","0,8286","0,0684","0,3311","0,3133","191,83","201,98",,
general_mes,GENERAL,1/7/2026,HORNO,Liebre (todas),1.038,3.051,60.808,"18,79","0,4795","1,15","1,55",0,0,"0,813","2,99","0,5033","2,7","7,49","0,4652","1,15","1,54",0,0,"0,7822","2,99","0,2888","2,68","7,21","0,0143",0,"0,014",0,0,"0,0308","0,0069","0,2145","0,014","0,2805","0,0631","0,1567","0,2068",0,0,"0,1125","0,4042","0,0567","0,3635","0,0629","0,16","0,2102",0,0,"0,1127","0,4131","0,0411","0,3703","0,0725",0,"0,087",0,0,"0,1159","0,0213","0,7033","0,087","0,4364","0,4128","166,62","170,58",,
general_mes,GENERAL,1/7/2026,PENDIENTES,Liebre (todas),916,1.997,13.884,"6,7","0,5627","0,8655","0,95",0,"0,0044","0,5147","1,66","2,53","1,82","7,09","0,5504","0,8268","0,9182",0,"0,0044","0,5044","1,65","1,45","1,75","5,91","0,0124","0,0387","0,0318",0,0,"0,0103","0,011","1,08","0,0705","1,18","0,0927","0,1181","0,1132",0,"0,0009","0,0956","0,2429","0,3367","0,2313","0,1081","0,1321","0,1236",0,"0,0009","0,114","0,2773","0,2441","0,2557","0,0183","0,0391","0,0347",0,0,"0,0137","0,0119","0,8824","0,0738","1,81","1,38","75,45","94,5",,
tienda_trim,2183,,GLOBAL,Liebre,77,,294.660,,,,,,,,,,,,,,,,,,,,,,,,,,,,,,,,,,,,,,,,,,,,,,,,,,,,,,,,,,,,,,,"0,3055","0,2796"
tienda_trim,2183,,SECOS,Veterana,77,1.150,160.028,"138,25","1,35","10,59","20,32",0,0,"0,4332","0,5346","5,83","30,91","39,05","1,29","10,54","20,1",0,0,"0,4209","0,5203","2,38","30,64","35,25","0,0548","0,045","0,2263",0,0,"0,0123","0,0143","3,45","0,2713","3,8","0,0347","0,2697","0,5207",0,0,"0,0109","0,0137","0,1502","0,7905","0,0369","0,2977","0,571",0,0,"0,0118","0,0148","0,0678","0,8687","0,0173","0,0106","0,0504",0,0,"0,0039","0,0042","0,9136","0,0611","0,2834","0,2557","212,83","235,85",,
tienda_trim,2183,,REFRIGERADO,Veterana,77,497,51.139,"101,83","0,855","6,69","12,2",0,0,"0,8356","1,88","3,68","18,89","26,14","0,82","6,66","12,16",0,0,"0,8356","1,86","2,56","18,82","24,9","0,035","0,0285","0,04",0,0,0,"0,0203","1,12","0,0684","1,24","0,0327","0,2548","0,4674",0,0,"0,0322","0,072","0,141","0,7222","0,0328","0,2669","0,4882",0,0,"0,0336","0,0748","0,1036","0,7551","0,024","0,0139","0,0285",0,0,0,"0,0142","0,9194","0,0424","0,2578","0,2458","234,74","246,33",,
tienda_trim,2183,,CONGELADO,Veterana,77,377,16.591,"44,04","0,8423","3,26","6,85",0,0,"0,8199","1,79","2,97","10,11","16,52","0,8244","3,26","6,8",0,0,"0,8199","1,79","1,87","10,06","15,36","0,0179",0,"0,0456",0,0,0,0,"1,1","0,0456","1,17","0,0498","0,1962","0,4172",0,0,"0,0496","0,1105","0,1767","0,6134","0,0524","0,2107","0,4431",0,0,"0,0532","0,1182","0,1223","0,6539","0,0151",0,"0,0313",0,0,0,0,"0,9536","0,0313","0,3785","0,3513","162,44","173,48",,
tienda_trim,2183,,FRESCOS,Veterana,77,464,33.105,"70,99","1,14",0,0,"16,61","1,35","0,8614","3,79","4,51","16,61","28,26","1,11",0,0,"16,59","1,35","0,8614","3,77","1,82","16,59","25,51","0,0285",0,0,"0,02",0,0,"0,0154","2,68","0,02","2,75","0,0408",0,0,"0,5883","0,0473","0,0306","0,1342","0,1588","0,5883","0,0438",0,0,"0,6499","0,0524","0,0339","0,1479","0,0722","0,6499","0,0094",0,0,"0,0205",0,0,"0,005","0,9652","0,0205","0,3997","0,3605","151,17","167,4",,
tienda_trim,2183,,FYV,Veterana,77,392,28.154,"71,79","1,6",0,0,"9,89","4,69","1,34","3,63","3,36","9,89","24,5","1,51",0,0,"9,84","4,65","1,32","3,59","1,77","9,84","22,68","0,0891",0,0,"0,0488","0,041","0,0131","0,036","1,59","0,0488","1,82","0,0659",0,0,"0,4047","0,1914","0,0551","0,1485","0,1344","0,4047","0,0668",0,0,"0,4334","0,2044","0,0587","0,1588","0,0779","0,4334","0,044",0,0,"0,0255","0,0082","0,0057","0,0263","0,8903","0,0255","0,3458","0,32","176,48","190,02",,
tienda_trim,2183,,HORNO,Veterana,77,240,5.296,"22,28","0,7343","1,37","1,67",0,0,"0,309","4,2","0,4797","3,05","8,77","0,4811","1,37","1,67",0,0,"0,309","4,17","0,3798","3,05","8,39","0,2532",0,0,0,0,0,"0,0302","0,0999",0,"0,3834","0,0771","0,1543","0,1925",0,0,"0,0353","0,4899","0,0509","0,3468","0,0585","0,1612","0,198",0,0,"0,0361","0,501","0,0451","0,3592","0,6667",0,0,0,0,0,"0,1111","0,2222",0,"0,41","0,3958","153,62","160,01",,
tienda_trim,2183,,PENDIENTES,Veterana,57,88,306,"3,44","0,1813","0,2305","0,1652",0,0,"0,3951","0,6655","6,11","0,3957","7,74","0,1813","0,2305","0,1652",0,0,"0,3951","0,6655","0,8923","0,3957","2,53",0,0,0,0,0,0,0,"5,21",0,"5,21","0,041","0,0444","0,0247",0,0,"0,0799","0,1167","0,6934","0,069","0,0945","0,1268","0,0468",0,0,"0,1982","0,2761","0,2577","0,1736",0,0,0,0,0,0,0,1,0,"3,69","1,08","45,73","98,1",,
tienda_trim,2749,,GLOBAL,Liebre,76,,284.533,,,,,,,,,,,,,,,,,,,,,,,,,,,,,,,,,,,,,,,,,,,,,,,,,,,,,,,,,,,,,,,"0,309","0,3011"
tienda_trim,2749,,SECOS,Veterana,76,1.096,155.916,"141,86","2,51","10,26","23,67",0,0,"1,37","1,14","2,67","33,93","41,62","2,39","10,17","23,4",0,0,"1,32","1,14","2,12","33,57","40,55","0,116","0,0848","0,2704",0,0,"0,0578","0,005","0,5414","0,3552","1,08","0,0609","0,2449","0,5695",0,0,"0,0328","0,0274","0,0646","0,8144","0,0597","0,2493","0,5782",0,0,"0,0322","0,0279","0,0527","0,8274","0,1282","0,0677","0,2166",0,0,"0,0764","0,0038","0,5073","0,2843","0,2941","0,2866","205,88","211,24",,
tienda_trim,2749,,REFRIGERADO,Veterana,76,446,45.166,"100,6","1,79","4,52","12,29",0,0,"1,14","2,21","1,31","16,82","23,27","1,62","4,46","12,24",0,0,"1,14","2,21","1,19","16,7","22,87","0,1669","0,0614","0,0561",0,0,0,0,"0,1171","0,1175","0,4015","0,0761","0,1945","0,5278",0,0,"0,0496","0,0953","0,0567","0,7223","0,0706","0,1953","0,5341",0,0,"0,0505","0,0969","0,0526","0,7294","0,4123","0,1176","0,1171",0,0,0,0,"0,3529","0,2348","0,233","0,2292","260,11","264,81",,
tienda_trim,2749,,CONGELADO,Veterana,76,396,20.144,"50,57","2,16","2,77","9,07",0,0,"1,22","1,91","1,96","11,84","19,09","1,98","2,77","8,92",0,0,"1,22","1,91","1,8","11,69","18,61","0,1837",0,"0,1434",0,0,0,0,"0,1571","0,1434","0,4842","0,1136","0,1434","0,4758",0,0,"0,0642","0,1002","0,1029","0,6192","0,1069","0,1467","0,4799",0,0,"0,066","0,1029","0,0977","0,6266","0,3326",0,"0,2916",0,0,0,0,"0,3758","0,2916","0,3828","0,3732","159,93","163,9",,
tienda_trim,2749,,FRESCOS,Veterana,76,453,32.399,"71,33","2,51",0,0,"15,79","1,37","1,07","4,02","2,36","15,79","27,11","2,23",0,0,"15,7","1,36","1,03","3,99","1,83","15,7","26,15","0,2721",0,0,"0,0841","0,0138","0,036","0,0338","0,5273","0,0841","0,9671","0,0936",0,0,"0,5819","0,0502","0,0393","0,1495","0,0855","0,5819","0,0864",0,0,"0,599","0,0514","0,0394","0,1536","0,0701","0,599","0,2733",0,0,"0,0909","0,0303","0,0606","0,0303","0,5145","0,0909","0,3823","0,3684","159,14","164,51",,
tienda_trim,2749,,FYV,Veterana,76,371,23.773,"64,81","3,03",0,0,"8,82","3,81","1,8","2,95","1,12","8,82","21,52","2,78",0,0,"8,72","3,79","1,6","2,95","1,12","8,72","20,96","0,2508",0,0,"0,0936","0,0182","0,1963",0,0,"0,0936","0,5589","0,1417",0,0,"0,4081","0,1763","0,0835","0,1369","0,0536","0,4081","0,1335",0,0,"0,4145","0,18","0,0766","0,1404","0,0551","0,4145","0,4625",0,0,"0,1566","0,0227","0,3582",0,0,"0,1566","0,3385","0,33","181,16","185,71",,
tienda_trim,2749,,HORNO,Veterana,76,248,5.649,23,"0,2681","1,09","1,6",0,0,"1,06","4,11","0,2326","2,68","8,36","0,2681","1,09","1,6",0,0,"1,04","4,11","0,1651","2,68","8,27",0,0,0,0,0,"0,0209",0,"0,0675",0,"0,0884","0,0329","0,1278","0,1864",0,0,"0,1265","0,4998","0,0265","0,3143","0,0334","0,1289","0,188",0,0,"0,125","0,5049","0,0198","0,3169",0,0,0,0,0,"0,5",0,"0,5",0,"0,3801","0,3764","169,36","172,17",,
tienda_trim,2749,,PENDIENTES,Veterana,76,219,1.485,"6,67","1,04","2,45","1,24",0,0,"0,4357","2,19",1,"3,69","8,36","0,9642","2,24","1,19",0,0,"0,4357","2,19","0,787","3,43","7,81","0,0754","0,2023","0,053",0,0,0,0,"0,2159","0,2552","0,5465","0,1265","0,2729","0,1334",0,0,"0,0588","0,2727","0,1356","0,4063","0,127","0,2694","0,1347",0,0,"0,062","0,2862","0,1208","0,404","0,1429","0,4286","0,1429",0,0,0,0,"0,2857","0,5714","1,49","1,36","52,14","54,33",,
tienda_trim,2946,,GLOBAL,Liebre,78,,56.736,,,,,,,,,,,,,,,,,,,,,,,,,,,,,,,,,,,,,,,,,,,,,,,,,,,,,,,,,,,,,,,"0,3063","0,2873"
tienda_trim,2946,,SECOS,No veterana,78,231,28.862,"127,19","0,8524","8,79","17,75",0,0,"1,28","0,712","3,18","26,54","32,57","0,8524","8,79","17,54",0,0,"1,28","0,6474","2,09","26,33","31,2",0,0,"0,2111",0,0,0,"0,0646","1,09","0,2111","1,37","0,0275","0,2679","0,5452",0,0,"0,0411","0,022","0,0964","0,8131","0,0284","0,2785","0,5617",0,0,"0,0423","0,0215","0,0677","0,8402",0,0,"0,0747",0,0,0,"0,0121","0,9132","0,0747","0,261","0,2509","237,44","247,28",,
tienda_trim,2946,,REFRIGERADO,No veterana,77,132,11.081,"82,77","0,6596","4,3","9,47",0,0,"0,8231","1,45","2,93","13,77","19,64","0,5951","4,3","8,27",0,0,"0,8231","1,45","1,49","12,57","16,94","0,0645",0,"1,2",0,0,0,0,"1,44","1,2","2,7","0,0361","0,2249","0,4858",0,0,"0,0455","0,0739","0,1338","0,7107","0,0379","0,2513","0,4897",0,0,"0,0523","0,0826","0,0862","0,741","0,0435",0,"0,3535",0,0,0,0,"0,603","0,3535","0,2479","0,219","267,39","313,4",,
tienda_trim,2946,,CONGELADO,No veterana,77,94,3.190,"33,94","0,7245","2,46","5,48",0,0,"0,7659","2,01","3,6","7,94","15,05","0,7245","2,46","5,14",0,0,"0,7659","1,92","2,63","7,61","13,64",0,0,"0,3375",0,0,0,"0,0988","0,9794","0,3375","1,42","0,0596","0,1582","0,3417",0,0,"0,0582","0,1315","0,2508","0,4999","0,0633","0,1742","0,3585",0,0,"0,0616","0,1367","0,2057","0,5327",0,0,"0,1221",0,0,0,"0,0714","0,8064","0,1221","0,5323","0,4956","137,08","149,54",,
tienda_trim,2946,,FRESCOS,No veterana,77,119,6.670,"56,3","0,8919",0,0,"14,19","0,729","0,8905","3,86","2,47","14,19","23,02","0,8919",0,0,"13,98","0,729","0,8905","3,86","1,7","13,98","22,05",0,0,0,"0,2056",0,0,0,"0,7672","0,2056","0,9727","0,0418",0,0,"0,6133","0,0296","0,0407","0,1679","0,1068","0,6133","0,0435",0,0,"0,6302","0,0304","0,0424","0,1736","0,0799","0,6302",0,0,0,"0,1191",0,0,0,"0,8809","0,1191","0,4405","0,4192","149,07","154,08",,
tienda_trim,2946,,FYV,No veterana,77,103,5.214,"50,79","1,28",0,0,"8,56","3,34","1,25","2,95","1,9","8,56","19,29","1,28",0,0,"8,56","3,25","1,25","2,95","1,57","8,56","18,86",0,0,0,0,"0,0963",0,0,"0,3259",0,"0,4222","0,0712",0,0,"0,433","0,1665","0,0679","0,1563","0,1052","0,433","0,0724",0,0,"0,4412","0,1663","0,069","0,1597","0,0915","0,4412",0,0,0,0,"0,2",0,0,"0,8",0,"0,4858","0,4764","157,65","160,33",,
tienda_trim,2946,,HORNO,No veterana,77,77,816,"10,6","0,4416","0,7345","0,8054",0,0,"0,6762","1,81","2,43","1,54","6,89","0,4416","0,7345","0,8054",0,0,"0,6762","1,81","0,6143","1,54","5,08",0,0,0,0,0,0,0,"1,82",0,"1,82","0,0801","0,1315","0,1203",0,0,"0,123","0,3395","0,2057","0,2518","0,0904","0,1447","0,1359",0,0,"0,1399","0,3836","0,1056","0,2805",0,0,0,0,0,0,0,1,0,"0,8588","0,6345","126,54","146,28",,
tienda_trim,2946,,PENDIENTES,No veterana,68,72,903,"12,26","0,3593","0,889","1,36",0,"0,0159","0,4921","2,7","0,1743","2,25","5,99","0,3593","0,889","1,06",0,"0,0159","0,4921","2,7","0,1743","1,95","5,7",0,0,"0,2928",0,0,0,0,0,"0,2928","0,2928","0,0931","0,1422","0,1498",0,"0,0011","0,1351","0,4556","0,023","0,292","0,0936","0,1444","0,1399",0,"0,0011","0,1364","0,4614","0,0231","0,2843",0,0,1,0,0,0,0,0,1,"0,6723","0,6617","180,21","183,57",,
tienda_trim,3563,,GLOBAL,Liebre,76,,314.852,,,,,,,,,,,,,,,,,,,,,,,,,,,,,,,,,,,,,,,,,,,,,,,,,,,,,,,,,,,,,,,"0,3047","0,298"
tienda_trim,3563,,SECOS,Veterana,76,1.168,179.272,"152,49","2,15","11,58","26,24",0,0,"1,93","1,22","2,1","37,81","45,21","1,43","11,55","26,13",0,0,"1,85","1,2","1,88","37,69","44,05","0,7154","0,0245","0,1008",0,0,"0,0808","0,0179","0,2227","0,1253","1,16","0,0477","0,2551","0,5809",0,0,"0,0427","0,027","0,0465","0,836","0,0327","0,2612","0,594",0,0,"0,042","0,0273","0,0428","0,8552","0,592","0,0362","0,0929",0,0,"0,0748","0,008","0,196","0,1292","0,298","0,2904","202,39","207,71",,
tienda_trim,3563,,REFRIGERADO,Veterana,76,471,49.456,"104,44","1,25","6,01","12,07",0,0,"0,8301","2,32","2,71","18,08","25,19","1,05","6,01","12,05",0,0,"0,8109","2,29","2,66","18,06","24,87","0,1996",0,"0,0233",0,0,"0,0192","0,0243","0,0486","0,0233","0,315","0,0498","0,2365","0,481",0,0,"0,033","0,0914","0,1083","0,7174","0,0424","0,2392","0,486",0,0,"0,0328","0,0918","0,1077","0,7253","0,6659",0,"0,0709",0,0,"0,0526","0,0526","0,1579","0,0709","0,2422","0,2392","249,98","253,04",,
tienda_trim,3563,,CONGELADO,Veterana,76,413,19.310,"46,29","1,26","3,23","7,94",0,"0,0002","1,05","2,03","2,48","11,17",18,"1,23","3,23","7,91",0,"0,0002","1,03","2,03","2,24","11,14","17,67","0,0374",0,"0,0277",0,0,"0,0263",0,"0,2421","0,0277","0,3335","0,0708","0,1748","0,445",0,0,"0,0589","0,1131","0,1375","0,6198","0,0702","0,178","0,4511",0,0,"0,0586","0,1152","0,1269","0,6292","0,0922",0,"0,0667",0,0,"0,0411",0,"0,8","0,0667","0,3912","0,3842","156,33","159,11",,
tienda_trim,3563,,FRESCOS,Veterana,76,457,36.202,"78,4","1,37",0,0,"17,13","1,12","0,7783","3,32","3,15","17,13","26,87","1,31",0,0,"16,98","1,12","0,7636","3,32","2,71","16,98","26,19","0,0638",0,0,"0,1571",0,"0,0147",0,"0,444","0,1571","0,6796","0,0512",0,0,"0,6366","0,0417","0,0288","0,1227","0,1191","0,6366","0,0501",0,0,"0,6471","0,0428","0,0292","0,1258","0,105","0,6471","0,0693",0,0,"0,1966",0,"0,037",0,"0,6971","0,1966","0,3586","0,3502","176,27","181,8",,
tienda_trim,3563,,FYV,Veterana,76,378,24.298,"64,66","1,79",0,0,"9,6","3,75","1,29","3,34","1,4","9,6","21,16","1,79",0,0,"9,6","3,72","1,24","3,3","1,1","9,6","20,75",0,0,0,0,"0,0274","0,0489","0,041","0,2949",0,"0,4121","0,085",0,0,"0,4537","0,1765","0,0608","0,1583","0,0656","0,4537","0,0867",0,0,"0,4624","0,1786","0,0601","0,1593","0,0529","0,4624",0,0,0,0,"0,1049","0,1017","0,0714","0,722",0,"0,3319","0,3257","185,58","189,26",,
tienda_trim,3563,,HORNO,Veterana,76,239,5.392,"22,91","0,4503","1,43","1,72",0,0,"0,3927","3,66","0,14","3,15","7,79","0,4139","1,43","1,72",0,0,"0,3927","3,66","0,14","3,15","7,76","0,0364",0,0,0,0,0,0,0,0,"0,0364","0,049","0,175","0,2201",0,0,"0,0499","0,4849","0,021","0,3952","0,0469","0,1756","0,2207",0,0,"0,0501","0,4856","0,021","0,3963",1,0,0,0,0,0,0,0,0,"0,3434","0,3421","191,14","191,39",,
tienda_trim,3563,,PENDIENTES,Veterana,70,140,897,"6,51","0,7566","0,7663","0,86",0,0,"0,7954","1,88",2,"1,63","7,06","0,7566","0,7663","0,86",0,0,"0,7954","1,88","1,79","1,63","6,85",0,0,0,0,0,0,0,"0,2148",0,"0,2148","0,1143","0,1006","0,1059",0,0,"0,1199","0,2451","0,3142","0,2065","0,1171","0,1036","0,1095",0,0,"0,1224","0,2536","0,2937","0,2131",0,0,0,0,0,0,0,1,0,"1,46","1,42","52,81","54,29",,
tienda_trim,3718,,GLOBAL,Liebre,77,,141.150,,,,,,,,,,,,,,,,,,,,,,,,,,,,,,,,,,,,,,,,,,,,,,,,,,,,,,,,,,,,,,,"0,304","0,2962"
tienda_trim,3718,,SECOS,Veterana,77,581,77.703,"133,59","1,91","8,72","20,96",0,0,"1,34","0,8522","1,82","29,68","35,6","1,86","8,72","20,81",0,0,"1,3","0,8419","1,65","29,53","35,18","0,0488",0,"0,149",0,0,"0,0408","0,0103","0,1623","0,149","0,4111","0,054","0,244","0,5894",0,0,"0,0377","0,024","0,0509","0,8333","0,0533","0,2468","0,5918",0,0,"0,0371","0,024","0,047","0,8386","0,1025",0,"0,4583",0,0,"0,0749","0,0197","0,3445","0,4583","0,2689","0,2657","225,59","228,12",,
tienda_trim,3718,,REFRIGERADO,Veterana,77,276,22.174,"80,55","1,58","4,4","11,59",0,0,"0,6839","1,25","2,13","15,99","21,63","1,35","4,38","11,43",0,0,"0,6839","1,25","2,03","15,8","21,11","0,2292","0,0233","0,164",0,0,0,0,"0,0973","0,1874","0,5138","0,0732","0,2031","0,535",0,0,"0,0321","0,0577","0,0988","0,7382","0,0649","0,2064","0,5411",0,0,"0,0328","0,0589","0,0957","0,7476","0,3975","0,0714","0,2857",0,0,0,0,"0,2454","0,3571","0,2711","0,2642","224,85","229,71",,
tienda_trim,3718,,CONGELADO,Veterana,77,230,9.509,"41,84","1,34","2,39","7,01",0,0,"0,8864","1,48","2,33","9,4","15,43","1,15","2,35","6,63",0,0,"0,8549","1,48","1,89","8,98","14,36","0,1874","0,0442","0,3737",0,0,"0,0315",0,"0,4382","0,4179","1,08","0,0865","0,1572","0,4502",0,0,"0,0585","0,0978","0,1498","0,6074","0,0797","0,164","0,4593",0,0,"0,0599","0,1037","0,1333","0,6233","0,2221","0,0648","0,2436",0,0,"0,0476",0,"0,4218","0,3085","0,373","0,3492","165,28","176,45",,
tienda_trim,3718,,FRESCOS,Veterana,77,273,16.698,"61,44","1,66",0,0,"16,98","1,02","0,9536","2,92","2,35","16,98","25,89","1,6",0,0,"16,75","0,941","0,8795","2,87","2,03","16,75","25,07","0,0592",0,0,"0,2277","0,0816","0,0741","0,0561","0,325","0,2277","0,8236","0,0646",0,0,"0,6542","0,0386","0,0374","0,1135","0,0917","0,6542","0,0648",0,0,"0,6664","0,0366","0,0358","0,1149","0,0813","0,6664","0,0703",0,0,"0,269","0,0952","0,0952","0,0476","0,4226","0,269","0,4317","0,4163","143,49","147,73",,
tienda_trim,3718,,FYV,Veterana,77,204,12.129,"61,41","1,98",0,0,"9,15","3,5","1,43","2,35","1,43","9,15","19,83","1,9",0,0,"8,92","3,46","1,36","2,35","1,12","8,92","19,12","0,08",0,0,"0,2307","0,0306","0,0672",0,"0,302","0,2307","0,7105","0,1017",0,0,"0,4559","0,1756","0,0751","0,1199","0,0717","0,4559","0,1006",0,0,"0,4616","0,1802","0,074","0,1236","0,0599","0,4616","0,125",0,0,"0,25","0,0625","0,125",0,"0,4375","0,25","0,3381","0,3259","185,49","191,13",,
tienda_trim,3718,,HORNO,Veterana,77,152,2.628,"17,2","0,5737","0,9988","1,46",0,0,"0,9728","2,78","0,0065","2,46","6,79","0,512","0,9988","1,29",0,0,"0,8628","2,78","0,0065","2,29","6,45","0,0618",0,"0,172",0,0,"0,11",0,0,"0,172","0,3438","0,0872","0,1567","0,1981",0,0,"0,137","0,4201","0,0009","0,3548","0,0828","0,1592","0,1916",0,0,"0,1334","0,432","0,0009","0,3509","0,25",0,"0,5",0,0,"0,25",0,0,"0,5","0,4376","0,4115","165,1","168,22",,
tienda_trim,3718,,PENDIENTES,Veterana,68,83,302,"3,68","0,5517","0,4512","0,6692",0,"0,0286","0,6245","1,44","1,65","1,12","5,41","0,5517","0,4512","0,6692",0,"0,0286","0,5675","1,44","1,15","1,12","4,85",0,0,0,0,0,"0,057",0,"0,4991",0,"0,5561","0,1319","0,0856","0,1064",0,"0,0015","0,1417","0,2722","0,2606","0,192","0,1399","0,0871","0,1119",0,"0,0026","0,1398","0,2868","0,2319","0,199",0,0,0,0,0,"0,25",0,"0,75",0,"1,79","1,63","46,71","49,67",,
tienda_trim,3750,,GLOBAL,Liebre,78,,115.887,,,,,,,,,,,,,,,,,,,,,,,,,,,,,,,,,,,,,,,,,,,,,,,,,,,,,,,,,,,,,,,"0,3042","0,2907"
tienda_trim,3750,,SECOS,Veterana,78,486,64.171,"130,03","0,7026","7,58","19,5",0,0,"0,7098","0,5426","4,77","27,08","33,8","0,6724","7,56","19,12",0,0,"0,7098","0,5287","3,14","26,69","31,73","0,0302","0,0162","0,3791",0,0,0,"0,0139","1,63","0,3953","2,07","0,0209","0,2225","0,5768",0,0,"0,0213","0,0162","0,1423","0,7993","0,0211","0,2373","0,6023",0,0,"0,0226","0,0167","0,1001","0,8396","0,0328","0,0063","0,143",0,0,0,"0,0081","0,8099","0,1492","0,2673","0,2508","230,9","245,78",,
tienda_trim,3750,,REFRIGERADO,Veterana,78,240,18.639,"77,62","0,3186","5,02","10,34",0,0,"0,7581","1,39","3,16","15,36","20,98","0,3186",5,"10,14",0,0,"0,7581","1,39","2,58","15,14","20,18",0,"0,0266","0,1946",0,0,0,0,"0,5792","0,2212","0,8004","0,0154","0,2377","0,4931",0,0,"0,0365","0,0656","0,1516","0,7309","0,0162","0,2447","0,5034",0,0,"0,038","0,0683","0,1295","0,7481",0,"0,0376","0,1937",0,0,0,0,"0,7687","0,2313","0,2752","0,2649","222,65","231,08",,
tienda_trim,3750,,CONGELADO,Veterana,78,198,6.642,"34,24","0,3369","2,34","5,72",0,0,"0,7344","1,59","3,4","8,06","14,12","0,3369","2,34","5,69",0,0,"0,7344","1,59","3,17","8,03","13,86",0,0,"0,0305",0,0,0,0,"0,2253","0,0305","0,2559","0,0256","0,1609","0,4053",0,0,"0,0524","0,1121","0,2438","0,5662","0,026","0,1643","0,4096",0,0,"0,0529","0,1137","0,2335","0,5739",0,0,"0,1083",0,0,0,0,"0,8917","0,1083","0,4348","0,4273","145,02","147,9",,
tienda_trim,3750,,FRESCOS,Veterana,78,231,13.453,"58,48","0,4357",0,0,"17,45","1,01","0,8762","3,33","2,86","17,45","25,96","0,4357",0,0,"17,31","1,01","0,8762","3,33","2,2","17,31","25,16",0,0,0,"0,1374",0,0,0,"0,6617","0,1374","0,7991","0,0174",0,0,"0,6712","0,0375","0,0344","0,1292","0,1102","0,6712","0,018",0,0,"0,6862","0,0387","0,0354","0,133","0,0888","0,6862",0,0,0,"0,0539",0,0,0,"0,9461","0,0539","0,4572","0,4438","135,41","139,2",,
tienda_trim,3750,,FYV,Veterana,78,186,10.898,"59,39","0,5277",0,0,"8,3","3,37","0,842","1,93","2,24","8,3","17,21","0,5277",0,0,"8,3","3,37","0,842","1,93","1,71","8,3","16,68",0,0,0,0,0,0,0,"0,5322",0,"0,5322","0,0326",0,0,"0,4796","0,1946","0,0503","0,112","0,1307","0,4796","0,0335",0,0,"0,4932","0,201","0,0523","0,1153","0,1047","0,4932",0,0,0,0,0,0,0,1,0,"0,3088","0,2982","206,26","212,37",,
tienda_trim,3750,,HORNO,Veterana,77,146,1.796,"12,5","0,2562","1,01","0,9865",0,0,"1,78","1,43","0,05","1,99","5,51","0,2562","1,01","0,9865",0,0,"1,58","1,43","0,0016","1,99","5,26",0,0,0,0,0,"0,2003",0,"0,0484",0,"0,2488","0,0505","0,1768","0,1645",0,0,"0,3456","0,2563","0,0062","0,3413","0,052","0,1828","0,1743",0,0,"0,3253","0,2655","0,0002","0,3571",0,0,0,0,0,"0,8",0,"0,2",0,"0,481","0,4589","138,29","143,81",,
tienda_trim,3750,,PENDIENTES,Veterana,43,46,288,"6,55","0,5229","0,3798","0,6693",0,"0,0273","0,4962","0,9518","2,75","1,05","5,8","0,5229","0,3798","0,6693",0,"0,0273","0,4962","0,9518","2,75","1,05","5,8",0,0,0,0,0,0,0,0,0,0,"0,0956","0,0709","0,0702",0,"0,0066","0,1133","0,1659","0,4775","0,1411","0,0956","0,0709","0,0702",0,"0,0066","0,1133","0,1659","0,4775","0,1411",,,,,,,,,,"2,1","2,1","89,24","89,24",,
tienda_trim,3769,,GLOBAL,Liebre,78,,213.853,,,,,,,,,,,,,,,,,,,,,,,,,,,,,,,,,,,,,,,,,,,,,,,,,,,,,,,,,,,,,,,"0,3072","0,2737"
tienda_trim,3769,,SECOS,No veterana,78,847,120.038,"140,89","0,3599","11,85","22,33",0,0,"0,2651","0,5248","6,09","34,19","41,43","0,3599","11,85","21,73",0,0,"0,2531","0,5183","1,91","33,59","36,63",0,0,"0,601",0,0,"0,012","0,0065","4,18","0,601","4,8","0,0085","0,2876","0,5371",0,0,"0,0064","0,0125","0,1478","0,8248","0,0096","0,3246","0,5922",0,0,"0,007","0,014","0,0526","0,9168",0,0,"0,0959",0,0,"0,0018","0,0009","0,9014","0,0959","0,2966","0,2625","204,7","231,76",,
tienda_trim,3769,,REFRIGERADO,No veterana,78,373,34.919,93,"0,2068","6,21","9,81",0,0,"0,5062","1,4","4,28","16,02","22,41","0,2068","6,21","9,72",0,0,"0,5062","1,4","3,14","15,93","21,17",0,0,"0,0966",0,0,0,0,"1,14","0,0966","1,24","0,0096","0,277","0,4371",0,0,"0,0227","0,0625","0,1911","0,7141","0,0101","0,2925","0,4581",0,0,"0,024","0,066","0,1494","0,7506",0,0,"0,067",0,0,0,0,"0,933","0,067","0,2426","0,2292","250,08","264,18",,
tienda_trim,3769,,CONGELADO,No veterana,78,299,12.033,"40,52","0,2809",3,"6,43",0,"0,0001","0,5061","1,62","5,07","9,44","16,91","0,2618",3,"6,38",0,"0,0001","0,5061","1,62","2,73","9,38","14,5","0,0191",0,"0,0544",0,0,0,0,"2,34","0,0544","2,41","0,0172","0,1792","0,3771",0,0,"0,0304","0,0967","0,2994","0,5563","0,0185","0,2079","0,4378",0,0,"0,0354","0,1134","0,187","0,6457","0,009",0,"0,0191",0,0,0,0,"0,9719","0,0191","0,4249","0,3648","144,29","168,86",,
tienda_trim,3769,,FRESCOS,No veterana,78,344,21.624,"63,21","0,7228",0,0,"14,59","0,9833","1,09","3,64","4,33","14,59","25,36","0,6931",0,0,"14,49","0,9833","1,06","3,6","2,2","14,49","23,03","0,0298",0,0,"0,105",0,"0,0325","0,0403","2,12","0,105","2,33","0,0288",0,0,"0,5767","0,0381","0,0434","0,1451","0,1679","0,5767","0,0305",0,0,"0,627","0,0418","0,0464","0,1569","0,0973","0,627","0,006",0,0,"0,0322",0,"0,0123","0,0107","0,9388","0,0322","0,4047","0,3683","151,09","165,09",,
tienda_trim,3769,,FYV,No veterana,78,274,20.053,"73,24","0,8411",0,0,"8,23","4,13","0,948","2,43","4,8","8,23","21,38","0,8411",0,0,"8,23","4,13","0,948","2,43","1,45","8,23","18,02",0,0,0,0,0,0,0,"3,35",0,"3,35","0,0414",0,0,"0,3887","0,1942","0,046","0,1155","0,2142","0,3887","0,0495",0,0,"0,4551","0,2278","0,0542","0,1362","0,0771","0,4551",0,0,0,0,0,0,0,1,0,"0,3028","0,2522","209,39","245,23",,
tienda_trim,3769,,HORNO,No veterana,78,197,4.024,"20,98","0,1935","1,05","1,42",0,0,"0,9847","3,03","0,3082","2,47","6,99","0,1935","1,05","1,38",0,0,"0,9399","3,03","0,2584","2,43","6,85",0,0,"0,0436",0,0,"0,0449",0,"0,0498","0,0436","0,1383","0,0271","0,1502","0,1977",0,0,"0,137","0,4413","0,0467","0,3479","0,0274","0,1521","0,1964",0,0,"0,1355","0,4467","0,0419","0,3485",0,0,"0,3333",0,0,"0,3333",0,"0,3333","0,3333","0,3522","0,3469","188,76","191,86",,
tienda_trim,3769,,PENDIENTES,No veterana,71,100,1.162,"9,9","0,1894","0,476","0,5187",0,"0,0075","0,2531","0,9492","6,51","0,9947","8,91","0,1894","0,4714","0,5187",0,"0,0075","0,2531","0,8706","1,54","0,9901","3,85",0,"0,0046",0,0,0,0,"0,0786","4,97","0,0046","5,06","0,0356","0,0617","0,0607",0,"0,0004","0,0453","0,132","0,6642","0,1225","0,0786","0,1371","0,1147",0,"0,0008","0,1263","0,2592","0,2833","0,2518",0,"0,0013",0,0,0,0,"0,0225","0,9762","0,0013","2,97","1,14","93,14","283,24",,
tienda_trim,3798,,GLOBAL,Liebre,76,,373.358,,,,,,,,,,,,,,,,,,,,,,,,,,,,,,,,,,,,,,,,,,,,,,,,,,,,,,,,,,,,,,,"0,2886","0,272"
tienda_trim,3798,,SECOS,Veterana,76,1.412,206.984,"144,86","0,9057","11,4","22,78",0,0,"1,03","0,7765","4,37","34,18","41,26","0,8918","11,37","22,41",0,0,"1,03","0,7656","2,44","33,78","38,91","0,0139","0,0322","0,3645",0,0,0,"0,0109","1,93","0,3967","2,35","0,0221","0,2763","0,5512",0,0,"0,0251","0,0189","0,1065","0,8275","0,0231","0,2919","0,5757",0,0,"0,0266","0,0197","0,063","0,8676","0,0033","0,0113","0,1273",0,0,0,"0,0049","0,8533","0,1385","0,2869","0,2702","210,76","223,4",,
tienda_trim,3798,,REFRIGERADO,Veterana,76,561,59.742,"105,29","0,7455","6,54","10,3",0,"0,0001","1,06","1,82","1,82","16,85","22,3","0,7455","6,54","10,2",0,"0,0001","1,05","1,82","1,61","16,74","21,96",0,0,"0,1035",0,0,"0,0139",0,"0,2164","0,1035","0,3339","0,0332","0,2929","0,4625",0,0,"0,0474","0,0819","0,082","0,7554","0,0337","0,2968","0,4652",0,0,"0,0477","0,083","0,0736","0,762",0,0,"0,2946",0,0,"0,018",0,"0,6874","0,2946","0,2136","0,2103","284,6","288,55",,
tienda_trim,3798,,CONGELADO,Veterana,76,487,23.841,"48,31","0,9007","3,57","7,24",0,0,"0,7373","1,6","2,37","10,81","16,42","0,8881","3,57","7,2",0,0,"0,7373","1,6","1,65","10,77","15,65","0,0126",0,"0,0313",0,0,0,0,"0,7259","0,0313","0,7697","0,0553","0,2171","0,4407",0,0,"0,0456","0,0984","0,1429","0,6578","0,0568","0,2266","0,461",0,0,"0,0477","0,1029","0,105","0,6876","0,0333",0,"0,0499",0,0,0,0,"0,9168","0,0499","0,3459","0,3289","177,45","185,95",,
tienda_trim,3798,,FRESCOS,Veterana,76,549,43.244,"78,29","0,8973",0,0,"17,34","1,24","0,7098","2,89","3,83","17,34","26,9","0,8973",0,0,"17,24","1,24","0,6933","2,86",2,"17,24","24,93",0,0,0,"0,0962",0,"0,0166","0,0342","1,83","0,0962","1,97","0,0334",0,0,"0,6456","0,046","0,0265","0,1078","0,1406","0,6456","0,0359",0,0,"0,6911","0,0495","0,028","0,1149","0,0806","0,6911",0,0,0,"0,0623",0,"0,0025","0,0062","0,929","0,0623","0,3464","0,3208","175,74","188,88",,
tienda_trim,3798,,FYV,Veterana,76,459,32.193,"70,43","1,3",0,0,"8,96","3,29","1,23","2,97","3,59","8,96","21,35","1,28",0,0,"8,92","3,29","1,21","2,96","1,53","8,92","19,19","0,0171",0,0,"0,0336",0,"0,0207","0,0122","2,07","0,0336","2,15","0,0603",0,0,"0,4199","0,154","0,0582","0,1408","0,1667","0,4199","0,0662",0,0,"0,464","0,1708","0,0635","0,1556","0,0799","0,464","0,0076",0,0,"0,0079",0,"0,0047","0,0164","0,9634","0,0079","0,3086","0,277","199,25","220,69",,
tienda_trim,3798,,HORNO,Veterana,76,290,6.934,"23,94","0,3965","1,31","2,06",0,0,"0,3493","3,29","0,46","3,37","7,86","0,3965","1,31","2,03",0,0,"0,3493","3,29","0,4009","3,34","7,77",0,0,"0,031",0,0,0,0,"0,0591","0,031","0,0901","0,0492","0,1621","0,265",0,0,"0,044","0,4233","0,0564","0,427","0,0495","0,1633","0,2632",0,0,"0,0443","0,4275","0,0521","0,4266",0,0,"0,5",0,0,0,0,"0,5","0,5","0,3493","0,3451","189,32","191,16",,
tienda_trim,3798,,PENDIENTES,Veterana,57,105,420,"4,66","0,4","0,413","0,2933",0,0,"0,4073","0,5445","4,34","0,7062","6,39","0,3427","0,413","0,2933",0,0,"0,4073","0,5445","1,86","0,7062","3,86","0,0573",0,0,0,0,0,0,"2,48",0,"2,53","0,0968","0,0681","0,0378",0,0,"0,0865","0,1015","0,6092","0,106","0,1356","0,0989","0,0485",0,0,"0,1653","0,1661","0,3856","0,1474","0,0435",0,0,0,0,0,0,"0,9565",0,"3,29","1,72","44,01","75,12",,
tienda_trim,3849,,GLOBAL,Liebre,78,,355.162,,,,,,,,,,,,,,,,,,,,,,,,,,,,,,,,,,,,,,,,,,,,,,,,,,,,,,,,,,,,,,,"0,2785","0,2675"
tienda_trim,3849,,SECOS,Veterana,78,1.487,195.697,"130,42","0,72","8,07","20,11",0,"0,0001","0,5188","0,561","4,69","28,18","34,67","0,7124","8,06","20,07",0,"0,0001","0,5188","0,5572","3,07","28,13","32,99","0,0076","0,0078","0,0477",0,0,0,"0,0038","1,61","0,0555","1,68","0,0208","0,2326","0,5801",0,0,"0,015","0,0162","0,1354","0,8126","0,0217","0,2442","0,6082",0,0,"0,0157","0,0169","0,0933","0,8524","0,002","0,003","0,036",0,0,0,"0,0021","0,9569","0,039","0,2668","0,2538","225,66","237,17",,
tienda_trim,3849,,REFRIGERADO,Veterana,78,584,58.958,"99,89","0,5366","4,72","11,81",0,0,"0,8586","2,78","3,22","16,53","23,93","0,5366","4,72","11,76",0,0,"0,8465","2,78","2,56","16,49","23,21",0,0,"0,0459",0,0,"0,0121",0,"0,6633","0,0459","0,7214","0,0225","0,1975","0,4933",0,0,"0,0361","0,1171","0,1335","0,6908","0,0232","0,2031","0,5065",0,0,"0,0365","0,1205","0,1101","0,7096",0,0,"0,0636",0,0,"0,0278",0,"0,9086","0,0636","0,2412","0,2338","251,03","258,31",,
tienda_trim,3849,,CONGELADO,Veterana,78,480,19.100,"39,55","0,5699","2,04","5,42",0,0,"0,7353","1,66","2,49","7,46","12,91","0,5699","2,04","5,42",0,0,"0,7353","1,65","1,92","7,46","12,33",0,0,0,0,0,0,"0,0112","0,5633",0,"0,5745","0,0446","0,1581","0,4216",0,0,"0,0569","0,1293","0,1896","0,5796","0,0467","0,1651","0,4409",0,0,"0,0596","0,1343","0,1534","0,6059",0,0,0,0,0,0,"0,0176","0,9824",0,"0,3311","0,3159","184,87","192,97",,
tienda_trim,3849,,FRESCOS,Veterana,78,584,40.902,"69,25","0,5892",0,0,"14,84","1,09","1,04","2,39","3,98","14,84","23,93","0,5892",0,0,"14,72","1,09","1,03","2,35","3,25","14,72","23,03",0,0,0,"0,1245",0,"0,0134","0,0403","0,7275","0,1245","0,9057","0,0248",0,0,"0,6198","0,0447","0,044","0,0999","0,1668","0,6198","0,0258",0,0,"0,6388","0,0464","0,0451","0,102","0,1418","0,6388",0,0,0,"0,0899",0,"0,0222","0,0424","0,8455","0,0899","0,347","0,334","173,92","180,62",,
tienda_trim,3849,,FYV,Veterana,78,447,33.721,"75,11","0,8402",0,0,"8,65","3,78","0,9503","2,69","1,75","8,65","18,66","0,8402",0,0,"8,6","3,78","0,938","2,69","1,53","8,6","18,38",0,0,0,"0,0457",0,"0,0123",0,"0,2277","0,0457","0,2857","0,0458",0,0,"0,4627","0,2021","0,0514","0,1448","0,0933","0,4627","0,0464",0,0,"0,4676","0,205","0,0514","0,1464","0,0832","0,4676",0,0,0,"0,1007",0,"0,0428",0,"0,8565","0,1007","0,2504","0,2469","242,03","245,42",,
tienda_trim,3849,,HORNO,Veterana,78,252,4.367,"17,36","0,5153","1,16","1,76",0,0,"0,7329","3,58","1,37","2,92","9,12","0,5153","1,16","1,76",0,0,"0,7329","3,55","0,7413","2,92","8,46",0,0,0,0,0,0,"0,0302","0,6303",0,"0,6605","0,0608","0,1246","0,1925",0,0,"0,086","0,402","0,1342","0,317","0,064","0,1311","0,2044",0,0,"0,0912","0,4229","0,0864","0,3355",0,0,0,0,0,0,"0,0335","0,9665",0,"0,5413","0,5006","120,42","127,67",,
tienda_trim,3849,,PENDIENTES,Veterana,78,242,2.417,"9,58","0,2335","0,7455","0,8604",0,0,"0,5786","1,97","1,45","1,61","5,84","0,2335","0,7455","0,8604",0,0,"0,5786","1,97","1,15","1,61","5,53",0,0,0,0,0,0,0,"0,3019",0,"0,3019","0,0435","0,1248","0,1437",0,0,"0,1045","0,3386","0,2448","0,2685","0,0456","0,1309","0,15",0,0,"0,1082","0,3511","0,2142","0,2808",0,0,0,0,0,0,0,1,0,"0,7302","0,6848","100,36","104,69",,
tienda_trim,3855,,GLOBAL,Liebre,78,,249.034,,,,,,,,,,,,,,,,,,,,,,,,,,,,,,,,,,,,,,,,,,,,,,,,,,,,,,,,,,,,,,,"0,3016","0,2853"
tienda_trim,3855,,SECOS,Veterana,78,1.011,143.341,"140,89","0,8079","10,71","23,48",0,0,"1,5","1,53","3,56","34,19","41,6","0,7687","10,64","23,06",0,0,"1,44","1,47","2,2","33,7","39,58","0,0392","0,0721","0,4221",0,0,"0,0642","0,0564","1,36","0,4942","2,02","0,0195","0,2563","0,5648",0,0,"0,0363","0,0371","0,086","0,8211","0,0196","0,2674","0,5831",0,0,"0,0365","0,0373","0,0561","0,8505","0,0157","0,0217","0,1719",0,0,"0,0241","0,0332","0,7333","0,1937","0,2969","0,2827","203,66","214,17",,
tienda_trim,3855,,REFRIGERADO,Veterana,78,425,42.480,"99,85","0,4326","6,06","13,61",0,0,"0,6361","2,43","1,91","19,67","25,08","0,4326","6,05","13,13",0,0,"0,5965","2,41","1,57","19,18","24,19",0,"0,0101","0,4769",0,0,"0,0397","0,0242","0,3397","0,487","0,8906","0,0175","0,2393","0,5437",0,0,"0,025","0,0974","0,077","0,783","0,0182","0,2469","0,5446",0,0,"0,0244","0,0996","0,0663","0,7915",0,"0,0323","0,5123",0,0,"0,0513","0,0154","0,3888","0,5445","0,2524","0,2435","241,29","249,49",,
tienda_trim,3855,,CONGELADO,Veterana,78,328,13.611,"41,42","0,548","2,97","6,37",0,0,"0,7863","2,03","3,83","9,33","16,53","0,5212","2,97","6,27",0,0,"0,7668","2,01","1,69","9,24","14,22","0,0268",0,"0,0937",0,0,"0,0194","0,0241","2,14","0,0937","2,3","0,0332","0,1783","0,3879",0,0,"0,0474","0,1254","0,2279","0,5662","0,0372","0,2054","0,4416",0,0,"0,0533","0,1428","0,1196","0,647","0,0182",0,"0,0254",0,0,"0,0182","0,0044","0,9339","0,0254","0,404","0,346","153,54","176,65",,
tienda_trim,3855,,FRESCOS,Veterana,78,399,22.611,"56,45","0,6095",0,0,"13,28","0,8596","0,8239","2,91","2,33","13,28","20,82","0,6095",0,0,"13,14","0,8596","0,8063","2,89","1,83","13,14","20,14",0,0,0,"0,1409",0,"0,0175","0,0162","0,5049","0,1409","0,6796","0,0295",0,0,"0,6372","0,0411","0,0394","0,141","0,1118","0,6372","0,0305",0,0,"0,6514","0,0424","0,04","0,1446","0,0912","0,6514",0,0,0,"0,1894",0,"0,0178","0,0385","0,7543","0,1894","0,371","0,359","164,42","169,78",,
tienda_trim,3855,,FYV,Veterana,78,307,23.093,"75,57","0,7284",0,0,"9,18","3,57","0,6361","2,1","3,07","9,18","19,28","0,7284",0,0,"9,08","3,47","0,6361","2,08","1,79","9,08","17,78",0,0,0,"0,1023","0,1073",0,"0,021","1,28","0,1023","1,51","0,0387",0,0,"0,4751","0,1868","0,0334","0,1105","0,1555","0,4751","0,0417",0,0,"0,5086","0,1951","0,0361","0,1181","0,1003","0,5086",0,0,0,"0,0644","0,0695",0,"0,0091","0,8571","0,0644","0,2606","0,24","237,86","257,04",,
tienda_trim,3855,,HORNO,Veterana,78,183,3.086,"17,08","0,44","1,04","1,42",0,0,"1,19","3,36","0,4638","2,46","7,91","0,44","1,04","1,38",0,0,"1,01","3,36","0,3231","2,42","7,55",0,0,"0,0392",0,0,"0,1822",0,"0,1408","0,0392","0,3622","0,0523","0,1279","0,1785",0,0,"0,1603","0,4302","0,0508","0,3064","0,0548","0,1341","0,1823",0,0,"0,1445","0,4459","0,0383","0,3164",0,0,"0,1111",0,0,"0,5556",0,"0,3333","0,1111","0,4885","0,4656","132,6","138,41",,
tienda_trim,3855,,PENDIENTES,Veterana,76,162,800,"4,93","0,3961","0,6731","0,4369",0,"0,0047","0,3244","1,26","2,83","1,11","5,93","0,3961","0,6731","0,4369",0,"0,0047","0,3244","1,2","1,31","1,11","4,34",0,0,0,0,0,0,"0,064","1,52",0,"1,58","0,0856","0,1042","0,0754",0,"0,0006","0,0806","0,2277","0,4258","0,1796","0,1069","0,1328","0,0899",0,"0,0006","0,0988","0,2726","0,2985","0,2227",0,0,0,0,0,0,"0,0317","0,9683",0,"1,57","1,09","58,78","73,74",,
tienda_trim,3930,,GLOBAL,Liebre,77,,187.996,,,,,,,,,,,,,,,,,,,,,,,,,,,,,,,,,,,,,,,,,,,,,,,,,,,,,,,,,,,,,,,"0,3021","0,295"
tienda_trim,3930,,SECOS,Veterana,77,736,105.164,"142,06","2,07","11,51","19,42",0,0,"1,8","1,09","1,46","30,93","37,35",2,"11,31","19,21",0,0,"1,74","1,07","1,38","30,52","36,72","0,0673","0,1946","0,2088",0,0,"0,0589","0,0178","0,0773","0,4034","0,6247","0,0559","0,3065","0,5203",0,0,"0,0487","0,0291","0,0395","0,8268","0,0549","0,3063","0,5234",0,0,"0,048","0,0292","0,0382","0,8298","0,087","0,3304","0,2896",0,0,"0,1382","0,0365","0,1184","0,6199","0,2649","0,2609","229,29","233,16",,
tienda_trim,3930,,REFRIGERADO,Veterana,77,328,29.024,"88,12","1,83","6,91","10,11",0,0,1,"2,57","2,07","17,03","24,5","1,69","6,21","9,84",0,0,1,"2,5","1,83","16,06","23,08","0,1388","0,7008","0,2704",0,0,0,"0,0687","0,2456","0,9712","1,42","0,0762","0,2799","0,412",0,0,"0,0412","0,1047","0,086","0,6919","0,0744","0,2692","0,4241",0,0,"0,0437","0,108","0,0806","0,6933","0,0806","0,4763","0,1847",0,0,0,"0,0345","0,2239","0,661","0,2827","0,2677","217,15","230,78",,
tienda_trim,3930,,CONGELADO,Veterana,77,300,10.153,"34,47","2,07","2,77","5,34",0,0,"0,8331","2,24","1,99","8,1","15,24","1,88","2,75","5,29",0,0,"0,7989","2,17","1,66","8,04","14,55","0,187","0,0206","0,0459",0,0,"0,0341","0,0754","0,3246","0,0665","0,6877","0,1364","0,181","0,3495",0,0,"0,0563","0,1459","0,1309","0,5305","0,1326","0,1866","0,3619",0,0,"0,0563","0,1481","0,1145","0,5486","0,1176","0,0588","0,0588",0,0,"0,0588","0,1176","0,5882","0,1176","0,4578","0,437","136,75","142,84",,
tienda_trim,3930,,FRESCOS,Veterana,77,334,22.917,"68,29","2,33",0,0,"17,68","1,24","1,14","3,83","1,83","17,68","28,05","2,2",0,0,"17,46","1,24","1,13","3,8","1,6","17,46","27,43","0,1295",0,0,"0,2197",0,"0,0158","0,0242","0,2388","0,2197","0,6278","0,0838",0,0,"0,629","0,0434","0,0411","0,1372","0,0655","0,629","0,0811",0,0,"0,6351","0,0442","0,0416","0,1396","0,0584","0,6351","0,2515",0,0,"0,3636",0,"0,0211","0,0213","0,3425","0,3636","0,419","0,4098","147,78","151,32",,
tienda_trim,3930,,FYV,Veterana,77,280,16.335,"58,71","1,92",0,0,"7,42","3,82","1,35","2,41","1,14","7,42","18,07","1,85",0,0,"7,41","3,8","1,35","2,41","0,9266","7,41","17,74","0,0724",0,0,"0,018","0,0261",0,0,"0,2161","0,018","0,3326","0,1076",0,0,"0,4092","0,2102","0,0756","0,1347","0,0626","0,4092","0,1059",0,0,"0,4145","0,2123","0,0769","0,137","0,0533","0,4145","0,1497",0,0,"0,1","0,1",0,0,"0,6503","0,1","0,3146","0,309","196,27","199,33",,
tienda_trim,3930,,HORNO,Veterana,77,183,4.047,"21,76","0,3498","1,48","1,46",0,0,"1,03","3,81","0,1787","2,94","8,3","0,3498","1,48","1,43",0,0,"1,01","3,81","0,1502","2,91","8,23",0,0,"0,0293",0,0,"0,0215",0,"0,0285","0,0293","0,0792","0,044","0,1756","0,1732",0,0,"0,1264","0,4584","0,0223","0,3489","0,0447","0,1769","0,1718",0,0,"0,126","0,4613","0,0194","0,3487",0,0,"0,3333",0,0,"0,3333",0,"0,3333","0,3333","0,4109","0,4078","161,77","163,09",,
tienda_trim,3930,,PENDIENTES,Veterana,64,75,356,"5,14","0,8139","0,4881","0,5972",0,0,"0,7453","1,6","1,1","1,09","5,35","0,8139","0,4881","0,5972",0,0,"0,7453","1,6","0,9209","1,09","5,16",0,0,0,0,0,0,0,"0,183",0,"0,183","0,1947","0,0793","0,0834",0,0,"0,1865","0,2644","0,1917","0,1627","0,1952","0,0801","0,0848",0,0,"0,1896","0,2716","0,1787","0,1649",0,0,0,0,0,0,0,1,0,"1,95","1,85","68,46","69,12",,
tienda_trim,3968,,GLOBAL,Liebre,77,,656.202,,,,,,,,,,,,,,,,,,,,,,,,,,,,,,,,,,,,,,,,,,,,,,,,,,,,,,,,,,,,,,,"0,3148","0,2978"
tienda_trim,3968,,SECOS,Veterana,77,2.374,358.162,"150,17","1,37","12,7","24,01",0,"0,0004","1,24","1,08","4,58","36,71","44,98","1,35","12,59","23,52",0,"0,0004","1,19","1,07","2,25","36,11","41,98","0,0155","0,109","0,4892",0,0,"0,0448","0,0097","2,33","0,5982",3,"0,0303","0,2818","0,5339",0,0,"0,0276","0,0241","0,1023","0,8157","0,0321","0,2995","0,5606",0,0,"0,0285","0,0256","0,0538","0,8601","0,0048","0,0321","0,1569",0,0,"0,0138","0,0029","0,7896","0,189","0,3001","0,2801","200,5","214,98",,
tienda_trim,3968,,REFRIGERADO,Veterana,77,1.025,117.845,"114,27","0,9314","8,09","10,93",0,0,"0,995","2,72","3,7","19,01","27,35","0,9254","8,03","10,84",0,0,"0,995","2,71","2,94","18,87","26,44","0,006","0,0522","0,0873",0,0,0,"0,0072","0,7581","0,1396","0,9109","0,0335","0,2946","0,4",0,0,"0,0364","0,0993","0,1362","0,6946","0,0344","0,3024","0,4105",0,0,"0,0377","0,1025","0,1125","0,7129","0,0035","0,0394","0,0608",0,0,0,"0,006","0,8903","0,1002","0,2392","0,2313","253,12","261,69",,
tienda_trim,3968,,CONGELADO,Veterana,77,798,40.506,"50,38","0,8712","3,76","7,1",0,0,"0,9467","2,4","2,9","10,86","17,97","0,8552","3,74","7,07",0,0,"0,9467","2,36","2,5","10,81","17,47","0,016","0,0157","0,0361",0,0,0,"0,0318","0,3991","0,0518","0,4987","0,0483","0,208","0,3949",0,0,"0,053","0,1343","0,1615","0,6029","0,0489","0,2127","0,4038",0,0,"0,0545","0,1361","0,1439","0,6165","0,011","0,0541","0,0753",0,0,0,"0,0637","0,7959","0,1294","0,3584","0,3483","168,96","173,57",,
tienda_trim,3968,,FRESCOS,Veterana,77,894,69.027,"76,72","1,07",0,0,"19,18","1,67","1,15","4,5","4,66","19,18","32,22","1,06",0,0,"19,09","1,67","1,13","4,48","2,7","19,09","30,14","0,0064",0,0,"0,0838",0,"0,0195","0,0188","1,96","0,0838","2,08","0,0331",0,0,"0,5944","0,0517","0,0356","0,1399","0,1452","0,5944","0,0352",0,0,"0,6329","0,0553","0,0374","0,1491","0,0901","0,6329","0,0055",0,0,"0,0348",0,"0,0103","0,0095","0,9399","0,0348","0,4207","0,3933","143,44","153,38",,
tienda_trim,3968,,FYV,Veterana,77,722,57.922,"79,86","1,74",0,0,"13,1","5,97","1,24","4,4","3,02","13,1","29,47","1,73",0,0,"13,06","5,87","1,23","4,38","1,86","13,06","28,13","0,0109",0,0,"0,0412","0,1008","0,0114","0,0122","1,16","0,0412","1,33","0,059",0,0,"0,4439","0,2027","0,0424","0,1498","0,1022","0,4439","0,0614",0,0,"0,463","0,2089","0,044","0,1564","0,0663","0,463","0,003",0,0,"0,0364","0,0478","0,0082","0,0034","0,9012","0,0364","0,3725","0,3554","162,85","170,44",,
tienda_trim,3968,,HORNO,Veterana,77,453,11.791,"26,05","1,21","1,58","2,46",0,0,"1,1","4,83","0,2951","4,04","11,48","1,2","1,58","2,45",0,0,"1,1","4,79","0,2746","4,03","11,39","0,0153",0,"0,0123",0,0,0,"0,037","0,0205","0,0123","0,0851","0,1053","0,1376","0,2131",0,0,"0,0961","0,4223","0,0256","0,3507","0,105","0,1385","0,2135",0,0,"0,0967","0,4223","0,0241","0,3519","0,25",0,"0,1306",0,0,0,"0,3694","0,25","0,1306","0,4452","0,4419","137,13","138,01",,
tienda_trim,3968,,PENDIENTES,Veterana,69,198,867,"3,62","0,7062","0,5924","0,1906",0,"0,0142","0,5657","0,8462","2,93","0,783","5,85","0,7062","0,5924","0,1906",0,"0,0142","0,5657","0,8462","1,59","0,783","4,51",0,0,0,0,0,0,0,"1,34",0,"1,34","0,1372","0,1045","0,0254",0,"0,0031","0,1117","0,1378","0,4803","0,1299","0,1739","0,1299","0,0334",0,"0,0034","0,1432","0,1746","0,3416","0,1633",0,0,0,0,0,0,0,1,0,"2,87","2,15","47,21","58,27",,
tienda_trim,4065,,GLOBAL,Liebre,75,,205.552,,,,,,,,,,,,,,,,,,,,,,,,,,,,,,,,,,,,,,,,,,,,,,,,,,,,,,,,,,,,,,,"0,3055","0,2962"
tienda_trim,4065,,SECOS,Veterana,75,800,101.763,"126,61","1,35","10,72","20,82",0,0,"1,51","1,06","2,82","31,54","38,29","1,25","10,56","20,59",0,0,"1,35","1,05","2,48","31,15","37,28","0,1059","0,1553","0,2318",0,0,"0,1573","0,0109","0,3427","0,3871",1,"0,0359","0,2783","0,5447",0,0,"0,0396","0,0278","0,0737","0,8229","0,0338","0,2818","0,5528",0,0,"0,0365","0,0283","0,0668","0,8346","0,121","0,152","0,2093",0,0,"0,151","0,0109","0,3557","0,3613","0,3041","0,2963","198,8","203,98",,
tienda_trim,4065,,REFRIGERADO,Veterana,75,397,42.336,"105,78","0,992","7,75","9,9",0,0,"1,18","2,13","1,9","17,65","23,86","0,9769","7,72","9,79",0,0,"1,17","2,1","1,88","17,52","23,64","0,0151","0,0307","0,1045",0,0,"0,0177","0,0266","0,0193","0,1352","0,2139","0,0428","0,3238","0,4148",0,0,"0,0501","0,0887","0,0798","0,7386","0,0425","0,3253","0,414",0,0,"0,0498","0,0886","0,0798","0,7393","0,1111","0,137","0,5556",0,0,"0,1111","0,0494","0,0358","0,6926","0,229","0,2272","265,96","268,2",,
tienda_trim,4065,,CONGELADO,Veterana,75,281,10.364,"36,68","1,38","3,24","5,52",0,0,"0,6682","1,97","2,6","8,75","15,37","1,29","3,21","5,46",0,0,"0,6682","1,97","2,39","8,67",15,"0,0844","0,0248","0,0535",0,0,0,0,"0,2043","0,0783","0,3669","0,0896","0,2085","0,3572",0,0,"0,0445","0,1298","0,1704","0,5657","0,0869","0,2117","0,3619",0,0,"0,0454","0,1325","0,1616","0,5736","0,2","0,1","0,1306",0,0,0,0,"0,5694","0,2306","0,4321","0,4226","143,42","146,57",,
tienda_trim,4065,,FRESCOS,Veterana,75,380,24.180,"63,39","1,27",0,0,"17,28","0,8429","1,04","3,63","1,99","17,28","26,04","1,25",0,0,"17,14","0,8182","1,02","3,63","1,65","17,14","25,51","0,0186",0,0,"0,1377","0,0247","0,0179",0,"0,3339","0,1377","0,5329","0,0492",0,0,"0,6612","0,0317","0,0398","0,1411","0,077","0,6612","0,0496",0,0,"0,6689","0,0317","0,0398","0,1439","0,0661","0,6689","0,0476",0,0,"0,3077","0,0476","0,0476",0,"0,5495","0,3077","0,4173","0,409","147,14","150,17",,
tienda_trim,4065,,FYV,Veterana,75,301,22.267,"73,71","1,7",0,0,"10,15","3,69","0,8693","1,93","3,28","10,15","21,62","1,49",0,0,"10,04","3,55","0,8693","1,93","1,16","10,04","19,05","0,2118",0,0,"0,1052","0,1392",0,0,"2,11","0,1052","2,57","0,0799",0,0,"0,4673","0,1715","0,0416","0,0921","0,1476","0,4673","0,0791",0,0,"0,5221","0,1864","0,0467","0,1036","0,062","0,5221","0,0875",0,0,"0,0297","0,069",0,0,"0,8138","0,0297","0,3044","0,2693","205,42","232,07",,
tienda_trim,4065,,HORNO,Veterana,75,177,4.064,"22,59","0,486","1,25","1,65",0,0,"0,5995","1,78","0,1662","2,9","5,92","0,442","1,25","1,65",0,0,"0,5585","1,78","0,1662","2,9","5,84","0,0441",0,0,0,0,"0,041",0,0,0,"0,0851","0,0838","0,2203","0,2805",0,0,"0,0988","0,2927","0,0237","0,5009","0,0797","0,223","0,2837",0,0,"0,0928","0,2965","0,0243","0,5068","0,5",0,0,0,0,"0,5",0,0,0,"0,3099","0,3041","232,69","234,7",,
tienda_trim,4065,,PENDIENTES,Veterana,63,89,574,"6,54","0,3967","0,4718","0,6215",0,"0,0045","0,2436","0,7617","3,05","1,09","5,55","0,3967","0,4718","0,6215",0,"0,0045","0,2436","0,7617","2,17","1,09","4,67",0,0,0,0,0,0,0,"0,8821",0,"0,8821","0,0871","0,1011","0,0905",0,"0,0046","0,0638","0,1456","0,5074","0,1916","0,0976","0,1171","0,1041",0,"0,0046","0,0699","0,1655","0,4411","0,2212",0,0,0,0,0,0,0,1,0,"1,74","1,32","71,35","83,21",,
tienda_trim,4140,,GLOBAL,Liebre,76,,397.878,,,,,,,,,,,,,,,,,,,,,,,,,,,,,,,,,,,,,,,,,,,,,,,,,,,,,,,,,,,,,,,"0,3024","0,2865"
tienda_trim,4140,,SECOS,Veterana,76,1.553,217.068,"139,11","1,04","11,14","21,59",0,0,"1,2","1,1","3,7","32,72","39,77","1,02","10,94","21,45",0,0,"1,18","1,1","2,71","32,39","38,4","0,0247","0,1952","0,135",0,0,"0,0247",0,"0,9884","0,3302","1,37","0,0263","0,2788","0,5433",0,0,"0,0301","0,0276","0,0938","0,8221","0,0267","0,2837","0,5591",0,0,"0,0306","0,0286","0,0713","0,8428","0,0208","0,1138","0,1033",0,0,"0,0147",0,"0,7475","0,2171","0,2864","0,2765","210,62","218,21",,
tienda_trim,4140,,REFRIGERADO,Veterana,76,653,72.900,"111,72","0,8527","7,56","10,65",0,"0,0007","1,12","2,04","3,72","18,21","25,95","0,8527","7,51","10,57",0,"0,0007","1,12","2,02","2,92","18,08",25,0,"0,051","0,0787",0,0,0,"0,0134","0,8021","0,1297","0,9452","0,0331","0,2907","0,4108",0,0,"0,0434","0,0786","0,1434","0,7015","0,0343","0,2999","0,4229",0,0,"0,0451","0,0811","0,1166","0,7228",0,"0,0566","0,0882",0,0,0,"0,0059","0,8493","0,1448","0,2342","0,226","258,75","269,23",,
tienda_trim,4140,,CONGELADO,Veterana,76,500,22.393,"44,46","0,7783","3,12","6,51",0,0,"0,9102","1,6","3,21","9,63","16,14","0,7783","3,09","6,47",0,0,"0,9102","1,6","2,56","9,56","15,42",0,"0,0313","0,0381",0,0,0,0,"0,6505","0,0694","0,72","0,0486","0,192","0,404",0,0,"0,0563","0,0998","0,1992","0,596","0,0509","0,1985","0,4197",0,0,"0,059","0,1045","0,1674","0,6182",0,"0,0556","0,0833",0,0,0,0,"0,8611","0,1389","0,3691","0,3524","165,8","173,17",,
tienda_trim,4140,,FRESCOS,Veterana,76,641,41.700,"64,87","1,03",0,0,"16,81","0,9805","0,8647","2,67","4,58","16,81","26,93","0,9992",0,0,"16,75","0,9805","0,8567","2,66","2,65","16,75","24,9","0,0279",0,0,"0,0613",0,"0,008","0,0088","1,93","0,0613","2,03","0,0381",0,0,"0,625","0,0361","0,032","0,0994","0,1693","0,625","0,0401",0,0,"0,6721","0,039","0,0342","0,107","0,1075","0,6721","0,0068",0,0,"0,0215",0,"0,0032","0,003","0,9656","0,0215","0,4178","0,3863","145,47","156,9",,
tienda_trim,4140,,FYV,Veterana,76,487,37.383,"77,16","1,11",0,0,"11,57","5,19","1,21","1,85","5,82","11,57","26,77","1,11",0,0,"11,49","5,01","1,18","1,85","1,84","11,49","22,49",0,0,0,"0,0839","0,1813","0,0306",0,"3,98","0,0839","4,28","0,0418",0,0,"0,4329","0,1936","0,0454","0,0694","0,2169","0,4329","0,0498",0,0,"0,5119","0,2226","0,0523","0,0823","0,0811","0,5119",0,0,0,"0,0177","0,0556","0,0074",0,"0,9193","0,0177","0,3521","0,2955","173,32","206,4",,
tienda_trim,4140,,HORNO,Veterana,76,270,6.089,"22,27","0,8524","1,46","1,76",0,0,"1,1","4,32","0,1139","3,21","9,6","0,832","1,46","1,72",0,0,"1,07","4,32","0,0838","3,18","9,49","0,0205",0,"0,0345",0,0,"0,0236",0,"0,0301","0,0345","0,1086","0,0877","0,1485","0,1795",0,0,"0,1162","0,4563","0,0119","0,328","0,0869","0,1501","0,1783",0,0,"0,1149","0,4605","0,0094","0,3284","0,25",0,"0,25",0,0,"0,25",0,"0,25","0,25","0,467","0,4617","139,43","140,82",,
tienda_trim,4140,,PENDIENTES,Veterana,51,78,344,"4,18","0,5074","0,4504","0,3509",0,0,"0,5219","0,666","4,11","0,8013","6,6","0,5074","0,4504","0,3509",0,0,"0,5219","0,666","2,33","0,8013","4,82",0,0,0,0,0,0,0,"1,78",0,"1,78","0,0914","0,0783","0,0511",0,0,"0,0882","0,108","0,5831","0,1293","0,1313","0,1074","0,0546",0,0,"0,1291","0,1455","0,4321","0,162",0,0,0,0,0,0,0,1,0,"2,88","1,9","43,45","59,45",,
tienda_trim,4184,,GLOBAL,Liebre,75,,156.374,,,,,,,,,,,,,,,,,,,,,,,,,,,,,,,,,,,,,,,,,,,,,,,,,,,,,,,,,,,,,,,"0,3144","0,3044"
tienda_trim,4184,,SECOS,Mixta/parcial,75,669,83.351,"123,48","0,6609","9,02","22,81",0,0,"0,7805","0,7135","3,89","31,83","37,87","0,6372","9,01","22,81",0,0,"0,7715","0,7062","2,99","31,82","36,93","0,0236","0,0074",0,0,0,"0,009","0,0072","0,8959","0,0074","0,9431","0,0175","0,2382","0,6018",0,0,"0,0208","0,0189","0,1028","0,84","0,0174","0,2438","0,6175",0,0,"0,0211","0,0191","0,0811","0,8613","0,0301","0,0037",0,0,0,"0,0068","0,0036","0,9558","0,0037","0,3085","0,3008","195,74","200,7",,
tienda_trim,4184,,REFRIGERADO,Mixta/parcial,75,306,27.264,"88,66","0,5434",6,"12,26",0,0,"0,7759","1,58","2,96","18,27","24,12","0,5434",6,"12,26",0,0,"0,7759","1,58","2,58","18,27","23,74",0,0,0,0,0,0,0,"0,3801",0,"0,3801","0,0225","0,2485","0,5099",0,0,"0,0323","0,0645","0,1222","0,7584","0,0229","0,2523","0,5174",0,0,"0,0328","0,0655","0,1092","0,7697",0,0,0,0,0,0,0,1,0,"0,2734","0,2693","221,47","224,81",,
tienda_trim,4184,,CONGELADO,Mixta/parcial,75,243,8.319,"33,92","0,7105","2,57","5,35",0,0,"0,5564","1,5","2,93","7,91","13,61","0,7105","2,57","5,35",0,0,"0,5564","1,5","2,41","7,91","13,1",0,0,0,0,0,0,0,"0,5147",0,"0,5147","0,0549","0,186","0,3903",0,0,"0,0419","0,1109","0,2159","0,5763","0,0571","0,1925","0,4055",0,0,"0,043","0,1147","0,1873","0,5979",0,0,0,0,0,0,0,1,0,"0,4151","0,4011","149,8","155,57",,
tienda_trim,4184,,FRESCOS,Mixta/parcial,75,288,18.769,"64,62","0,7086",0,0,"14,76","0,9777","0,8354","3,15","2,66","14,76","23,09","0,7086",0,0,"14,76","0,9777","0,8354","3,15","1,36","14,76","21,79",0,0,0,0,0,0,0,"1,3",0,"1,3","0,0317",0,0,"0,6372","0,0425","0,0369","0,1373","0,1145","0,6372","0,0336",0,0,"0,6748","0,0446","0,039","0,1447","0,0633","0,6748",0,0,0,0,0,0,0,1,0,"0,3629","0,3431","168,08","178,22",,
tienda_trim,4184,,FYV,Mixta/parcial,75,241,15.298,"62,06","0,9692",0,0,"8,2","3,55","1,27","2,5",2,"8,2","18,49","0,9488",0,0,"8,2","3,52","1,27","2,5","1,86","8,2","18,3","0,0204",0,0,0,"0,0213",0,0,"0,1475",0,"0,1892","0,0535",0,0,"0,443","0,1908","0,0703","0,1346","0,1078","0,443","0,0529",0,0,"0,447","0,1915","0,071","0,1358","0,1017","0,447","0,1667",0,0,0,"0,1667",0,0,"0,6667",0,"0,3118","0,309","200,17","202,36",,
tienda_trim,4184,,HORNO,Mixta/parcial,75,173,2.643,"15,11","0,1672","0,7015","0,7672",0,0,"0,2341","1,86","0,4742","1,47","4,2","0,1672","0,7015","0,7672",0,0,"0,2341","1,86","0,2489","1,47","3,98",0,0,0,0,0,0,0,"0,2253",0,"0,2253","0,0438","0,1626","0,1775",0,0,"0,0628","0,4591","0,0941","0,3402","0,0459","0,1698","0,1846",0,0,"0,0649","0,4761","0,0587","0,3544",0,0,0,0,0,0,0,1,0,"0,3075","0,2917","243,1","253,91",,
tienda_trim,4184,,PENDIENTES,Mixta/parcial,71,114,730,"6,63","0,2909","0,4333","0,4393",0,0,"0,3482","1,56","4,04","0,8727","7,12","0,2909","0,4333","0,4393",0,0,"0,3482","1,56","1,54","0,8727","4,61",0,0,0,0,0,0,0,"2,5",0,"2,5","0,0526","0,072","0,0667",0,0,"0,0686","0,2497","0,4903","0,1387","0,0856","0,1063","0,0925",0,0,"0,1058","0,3477","0,2622","0,1988",0,0,0,0,0,0,0,1,0,"1,5","1,02","67,9","97,19",,
tienda_trim,4281,,GLOBAL,Liebre,76,,361.521,,,,,,,,,,,,,,,,,,,,,,,,,,,,,,,,,,,,,,,,,,,,,,,,,,,,,,,,,,,,,,,"0,2948","0,2858"
tienda_trim,4281,,SECOS,Veterana,76,1.384,202.100,"145,28","1,16","12,64","20,97",0,0,"1,04","1,21","3,32","33,6","40,34","1,14","12,52","20,85",0,0,"1,02","1,21","2,23","33,37","38,98","0,0144","0,114","0,1169",0,0,"0,0198",0,"1,09","0,2309","1,35","0,0288","0,3127","0,52",0,0,"0,0259","0,0299","0,0826","0,8328","0,0294","0,3208","0,535",0,0,"0,0263","0,0309","0,0576","0,8558","0,0087","0,0741","0,1011",0,0,"0,0074",0,"0,8087","0,1752","0,2787","0,2694","216,74","224,3",,
tienda_trim,4281,,REFRIGERADO,Veterana,76,611,66.693,"108,75","0,9632","7,76","10,29",0,0,"1,41","2,63","2,69","18,05","25,75","0,9405","7,76","10,21",0,0,"1,39","2,63","2,3","17,97","25,24","0,0227",0,"0,0772",0,0,"0,02",0,"0,3903","0,0772","0,5102","0,0375","0,3016","0,3995",0,0,"0,0549","0,1025","0,1041","0,7011","0,0374","0,3073","0,4043",0,0,"0,0552","0,1044","0,0914","0,7117","0,0524",0,"0,1021",0,0,"0,0477",0,"0,7977","0,1021","0,2378","0,2331","254,47","259,15",,
tienda_trim,4281,,CONGELADO,Veterana,76,466,20.386,"43,8","1,29","2,87","5,79",0,0,"0,9271","2,14","1,88","8,67","14,9","1,27","2,86","5,79",0,0,"0,9271","2,14","1,61","8,65","14,6","0,014","0,0173",0,0,0,0,0,"0,266","0,0173","0,2973","0,0876","0,1926","0,3898",0,0,"0,062","0,1435","0,1245","0,5824","0,0884","0,1951","0,397",0,0,"0,0633","0,1463","0,1098","0,5922","0,0588","0,0588",0,0,0,0,0,"0,8824","0,0588","0,3443","0,3376","176,86","180,14",,
tienda_trim,4281,,FRESCOS,Veterana,76,561,40.035,"71,06","0,7751",0,0,"16,62","0,9529","1,21","4,57","3,22","16,62","27,35","0,7751",0,0,"16,6","0,9529","1,16","4,57","2,5","16,6","26,55",0,0,0,"0,0201",0,"0,0509",0,"0,7277","0,0201","0,7987","0,0283",0,0,"0,6077","0,0345","0,0443","0,1675","0,1176","0,6077","0,0292",0,0,"0,6247","0,0355","0,0438","0,1727","0,0941","0,6247",0,0,0,"0,0113",0,"0,0692",0,"0,9195","0,0113","0,3863","0,3749","156,66","161,19",,
tienda_trim,4281,,FYV,Veterana,76,414,27.175,"65,94","1,23",0,0,"8,33",4,"1,05","2,66","2,86","8,33","20,12","1,22",0,0,"8,33","3,95","1,01","2,66","2,25","8,33","19,42","0,0162",0,0,0,"0,0444","0,0344",0,"0,6009",0,"0,696","0,0618",0,0,"0,4134","0,1983","0,0525","0,1319","0,1422","0,4134","0,0633",0,0,"0,4276","0,2032","0,0525","0,1364","0,117","0,4276","0,019",0,0,0,"0,0878","0,0357",0,"0,8576",0,"0,3097","0,2983","197,35","204,04",,
tienda_trim,4281,,HORNO,Veterana,76,236,4.028,"17,18","0,2699","0,8758","1,51",0,0,"0,6702","3,55","0,3799","2,38","7,25","0,2699","0,8758","1,51",0,0,"0,6427","3,53","0,3505","2,38","7,17",0,0,0,0,0,"0,0275","0,0221","0,0294",0,"0,079","0,0375","0,1203","0,2062",0,0,"0,0935","0,4919","0,0506","0,3265","0,0378","0,1211","0,208",0,0,"0,092","0,4923","0,0488","0,3291",0,0,0,0,0,"0,3333","0,3333","0,3333",0,"0,4295","0,4257","144,87","146,07",,
tienda_trim,4281,,PENDIENTES,Veterana,76,220,1.103,"4,62","1,07","3,59","1,71",0,0,"0,6753","1,8","1,73","5,3","10,58","0,996","3,08","1,52",0,0,"0,6753","1,68","1,21","4,59","9,16","0,074","0,5091","0,1961",0,0,0,"0,1222","0,5164","0,7052","1,42","0,1275","0,3096","0,1416",0,0,"0,0705","0,1707","0,1802","0,4512","0,1333","0,313","0,148",0,0,"0,0774","0,1826","0,1457","0,461","0,0489","0,3695","0,1249",0,0,0,"0,0714","0,3852","0,4945","3,19","2,75","27,67","31,01",,
tienda_trim,4296,,GLOBAL,Liebre,75,,278.348,,,,,,,,,,,,,,,,,,,,,,,,,,,,,,,,,,,,,,,,,,,,,,,,,,,,,,,,,,,,,,,"0,3109","0,2915"
tienda_trim,4296,,SECOS,Veterana,75,1.048,153.296,"144,75","0,7563","10,72","23,99",0,0,"0,7844","0,8287","4,72","34,71","41,8","0,736","10,71","23,79",0,0,"0,7844","0,8207","2,45","34,49","39,28","0,0203","0,0113","0,202",0,0,0,"0,008","2,27","0,2133","2,51","0,0181","0,2553","0,5745",0,0,"0,0188","0,0198","0,1135","0,8297","0,0188","0,2711","0,6065",0,0,"0,02","0,0208","0,0628","0,8776","0,0087","0,0057","0,0685",0,0,0,"0,0021","0,915","0,0742","0,2905","0,273","208,69","221,97",,
tienda_trim,4296,,REFRIGERADO,Veterana,75,485,50.800,"104,06","0,5208","6,05","11,28",0,0,"1,13","2,17","3,74","17,33","24,89","0,4848","6,05","11,24",0,0,"1,13","2,17","2,39","17,29","23,47","0,036",0,"0,0424",0,0,0,0,"1,34","0,0424","1,42","0,0208","0,2423","0,4532",0,0,"0,0452","0,0867","0,1518","0,6955","0,0205","0,2558","0,482",0,0,"0,0478","0,0919","0,102","0,7378","0,0166",0,"0,0514",0,0,0,0,"0,932","0,0514","0,2408","0,2264","251,7","267,53",,
tienda_trim,4296,,CONGELADO,Veterana,75,392,16.104,"40,8","0,8986","2,8","6,91",0,0,"0,7258","2,12","3,85","9,72","17,31","0,8814","2,8","6,88",0,0,"0,7258","2,12","2,26","9,68","15,67","0,0172",0,"0,0348",0,0,0,0,"1,59","0,0348","1,64","0,0519","0,1595","0,402",0,0,"0,0417","0,1217","0,2233","0,5615","0,0552","0,1757","0,4429",0,0,"0,0455","0,1337","0,1469","0,6186","0,0059",0,"0,0314",0,0,0,0,"0,9627","0,0314","0,4285","0,3876","144,1",159,,
tienda_trim,4296,,FRESCOS,Veterana,75,472,32.767,"68,9","0,7462",0,0,"16,74","0,9363","0,8416","3,48","4,54","16,74","27,28","0,7462",0,0,"16,65","0,9363","0,8142","3,46","2,64","16,65","25,25",0,0,0,"0,0875",0,"0,0274","0,016","1,9","0,0875","2,03","0,0277",0,0,"0,6135","0,034","0,0313","0,1276","0,1659","0,6135","0,0296",0,0,"0,6587","0,0368","0,0327","0,1368","0,1054","0,6587",0,0,0,"0,0416",0,"0,0141","0,0071","0,9372","0,0416","0,3987","0,3694","152,93","165,05",,
tienda_trim,4296,,FYV,Veterana,75,350,21.025,"60,16","1,21",0,0,"7,41","3,99","1,72","3,6","3,22","7,41","21,14","1,21",0,0,"7,32","3,85","1,72","3,6","2,16","7,32","19,85",0,0,0,"0,0871","0,131",0,0,"1,06","0,0871","1,28","0,0576",0,0,"0,3493","0,1854","0,0822","0,1721","0,1536","0,3493","0,0608",0,0,"0,3667","0,1918","0,0873","0,1823","0,1111","0,3667",0,0,0,"0,0556","0,0476",0,0,"0,8969","0,0556","0,3562","0,3347","173,13","183,52",,
tienda_trim,4296,,HORNO,Veterana,75,214,3.600,"16,85","0,6588","1,08","1,53",0,0,"1,11","3,43","0,2956","2,6","8,1","0,6588","1,08","1,53",0,0,1,"3,38","0,2431","2,6","7,89",0,0,0,0,0,"0,1069","0,0486","0,0525",0,"0,208","0,0814","0,1328","0,1897",0,0,"0,1378","0,4226","0,0357","0,3225","0,083","0,1351","0,1939",0,0,"0,1287","0,427","0,0323","0,329",0,0,0,0,0,"0,5","0,25","0,25",0,"0,5084","0,4924","126,73","129,31",,
tienda_trim,4296,,PENDIENTES,Veterana,74,165,755,"4,85","0,2309","0,571","0,5542",0,"0,0311","0,5528","1,6","2,78","1,13","6,32","0,2309","0,571","0,5542",0,"0,0311","0,5528","1,6","1,8","1,13","5,34",0,0,0,0,0,0,0,"0,9807",0,"0,9807","0,0429","0,089","0,0752",0,"0,0037","0,0973","0,2497","0,4421","0,1642","0,0508","0,0977","0,0874",0,"0,0037","0,1173","0,3046","0,3385","0,1851",0,0,0,0,0,0,0,1,0,"1,67","1,38","47,84","59,38",,
tienda_trim,4308,,GLOBAL,Liebre,76,,422.598,,,,,,,,,,,,,,,,,,,,,,,,,,,,,,,,,,,,,,,,,,,,,,,,,,,,,,,,,,,,,,,"0,2989","0,2936"
tienda_trim,4308,,SECOS,Veterana,76,1.543,201.448,"130,07","1,6","8,96","20,61",0,0,"1,65","1,01","2,62","29,57","36,44","1,57","8,95","20,42",0,0,"1,64","0,9854","2,3","29,37","35,86","0,0324","0,0035","0,1959",0,0,"0,0088","0,0216","0,3172","0,1994","0,5794","0,0441","0,2451","0,5655",0,0,"0,0454","0,0277","0,0722","0,8107","0,0438","0,2489","0,5693",0,0,"0,0459","0,0275","0,0645","0,8182","0,0723","0,0091","0,2631",0,0,"0,0357","0,017","0,6028","0,2722","0,281","0,2765","214,62",218,,
tienda_trim,4308,,REFRIGERADO,Veterana,76,698,81.060,"115,97","1,4","6,77","9,95",0,0,"1,25","1,93","3,51","16,71","24,8","1,35","6,75","9,93",0,0,"1,25","1,91","3,09","16,68","24,27","0,0485","0,0127","0,0204",0,0,"0,0086","0,0252","0,4152","0,0331","0,5306","0,0557","0,2719","0,4024",0,0,"0,0507","0,0773","0,142","0,6742","0,0552","0,277","0,4097",0,0,"0,0514","0,0779","0,1287","0,6867","0,0979","0,0124","0,0422",0,0,"0,0294","0,0294","0,7887","0,0546","0,2149","0,2104","282,46","288,17",,
tienda_trim,4308,,CONGELADO,Veterana,76,506,18.741,37,"1,05","2,86","4,76",0,0,"1,28","1,94","2,55","7,62","14,44","1,05","2,86","4,76",0,0,"1,26","1,94","2,36","7,62","14,23",0,0,0,0,0,"0,017",0,"0,1925",0,"0,2096","0,072","0,1979","0,331",0,0,"0,0882","0,1331","0,1778","0,5289","0,073","0,2004","0,3352",0,0,"0,0886","0,135","0,1677","0,5356",0,0,0,0,0,"0,0769",0,"0,9231",0,"0,3933","0,3877","155,84","157,74",,
tienda_trim,4308,,FRESCOS,Veterana,76,715,59.547,"83,06","1,32",0,0,"20,4","1,86","0,9662","5,16","2,5","20,4","32,19","1,27",0,0,"20,29","1,85","0,9237","5,12","2,15","20,29","31,61","0,0426",0,0,"0,1162","0,0071","0,0424","0,0328","0,3457","0,1162","0,5869","0,0409",0,0,"0,6335","0,0572","0,0298","0,1607","0,0778","0,6335","0,0404",0,0,"0,6416","0,0581","0,0291","0,1626","0,0683","0,6416","0,0555",0,0,"0,1821","0,027","0,0676","0,0405","0,6273","0,1821","0,3887","0,3815","155,48","158,3",,
tienda_trim,4308,,FYV,Veterana,76,587,52.617,"89,63","1,27",0,0,"11,46","5,79","1,27","3,98","1,87","11,46","25,65","1,26",0,0,"11,4","5,68","1,27","3,95","1,65","11,4","25,21","0,0124",0,0,"0,0666","0,1164",0,"0,028","0,2169","0,0666","0,4403","0,0495",0,0,"0,4463","0,2259","0,0498","0,1553","0,0731","0,4463","0,0499",0,0,"0,4516","0,2252","0,0506","0,157","0,0657","0,4516","0,018",0,0,"0,0997","0,3159",0,"0,0279","0,5384","0,0997","0,2885","0,2833","210,28","213,82",,
tienda_trim,4308,,HORNO,Veterana,76,297,5.524,"18,89","0,3908","1,44","1,66",0,0,"0,3534","4,19","0,4559","3,1","8,49","0,3692","1,44","1,66",0,0,"0,3534","4,1","0,4032","3,1","8,33","0,0216",0,0,0,0,0,"0,0862","0,0528",0,"0,1605","0,0435","0,1671","0,1974",0,0,"0,0412","0,4967","0,054","0,3646","0,0424","0,1693","0,2002",0,0,"0,042","0,4964","0,0497","0,3695","0,25",0,0,0,0,0,"0,347","0,403",0,"0,4583","0,4496","140,08","142,06",,
tienda_trim,4308,,PENDIENTES,Veterana,75,322,3.604,"11,13","1,3","2,77","2,94",0,"0,0123","1,14","3,63","2,4","5,71","14,19","1,3","2,69","2,87",0,"0,0123","1,08","3,63","1,82","5,56","13,4",0,"0,0783","0,0721",0,0,"0,0573",0,"0,5808","0,1503","0,7885","0,0942","0,191","0,202",0,"0,0009","0,0826","0,2576","0,1716","0,393","0,0998","0,1979","0,2088",0,"0,001","0,0832","0,2707","0,1385","0,4067",0,"0,079","0,0893",0,0,"0,0599",0,"0,7718","0,1683","1,46","1,38","47,84","50,36",,
tienda_trim,4315,,GLOBAL,Liebre,78,,212.677,,,,,,,,,,,,,,,,,,,,,,,,,,,,,,,,,,,,,,,,,,,,,,,,,,,,,,,,,,,,,,,"0,3081","0,2898"
tienda_trim,4315,,SECOS,Veterana,78,842,110.742,"130,85","0,2851","8,66","24,41",0,0,"0,8555","0,6773","4,51","33,07","39,4","0,2851","8,66","23,98",0,0,"0,8351","0,6773","2,88","32,64","37,32",0,0,"0,4288",0,0,"0,0204",0,"1,64","0,4288","2,09","0,0073","0,22","0,6186",0,0,"0,0216","0,0171","0,1153","0,8386","0,0077","0,2323","0,6422",0,0,"0,0223","0,018","0,0774","0,8745",0,0,"0,219",0,0,"0,0078",0,"0,7732","0,219","0,3038","0,2875","199,22","210,29",,
tienda_trim,4315,,REFRIGERADO,Veterana,78,397,39.260,"98,7","0,3275","5,49","11,61",0,0,"0,8814","2,86","3,09","17,1","24,27","0,3085","5,49","11,38",0,0,"0,8814","2,86","2,54","16,88","23,47","0,019",0,"0,2297",0,0,0,0,"0,5532","0,2297","0,8019","0,0136","0,2274","0,4784",0,0,"0,0364","0,1178","0,1264","0,7058","0,0132","0,2351","0,4847",0,0,"0,0376","0,1212","0,1083","0,7197","0,0333",0,"0,3673",0,0,0,0,"0,5993","0,3673","0,2476","0,2394","245,93","253,79",,
tienda_trim,4315,,CONGELADO,Veterana,78,312,11.741,"37,65","0,4102","2,29","5,32",0,0,"0,9723","2,18","2,93","7,62","14,11","0,3906","2,29","5,18",0,0,"0,8904","2,18","2,33","7,48","13,27","0,0196",0,"0,1448",0,0,"0,0819",0,"0,5972","0,1448","0,8434","0,0296","0,165","0,3726",0,0,"0,0694","0,1581","0,2052","0,5377","0,0303","0,1736","0,3869",0,0,"0,0678","0,1657","0,1758","0,5605","0,0526",0,"0,0967",0,0,"0,0913",0,"0,7594","0,0967","0,3835","0,3603","163,73","172,28",,
tienda_trim,4315,,FRESCOS,Veterana,78,382,23.308,"61,03","0,3409",0,0,"15,97","1,15","1,21","4,05","3,69","15,97","26,41","0,3409",0,0,"15,52","1,15","1,15","4,03","2,09","15,52","24,28",0,0,0,"0,445",0,"0,0642","0,0195","1,6","0,445","2,13","0,0131",0,0,"0,6028","0,0434","0,046","0,154","0,1406","0,6028","0,0142",0,0,"0,6382","0,0472","0,0475","0,1667","0,0861","0,6382",0,0,0,"0,2033",0,"0,0225","0,0172","0,7569","0,2033","0,4367","0,4011","140,27","152,63",,
tienda_trim,4315,,FYV,Veterana,78,321,23.559,"73,78","0,6071",0,0,"9,13","3,8","0,9065","2,7","2,57","9,13","19,72","0,6071",0,0,"9,05","3,76","0,9065","2,7","1,24","9,05","18,27",0,0,0,"0,0852","0,0366",0,0,"1,33","0,0852","1,45","0,0311",0,0,"0,4637","0,1926","0,0477","0,1402","0,1247","0,4637","0,0334",0,0,"0,4938","0,2046","0,0509","0,1498","0,0675","0,4938",0,0,0,"0,0769","0,0366",0,0,"0,8865","0,0769","0,2715","0,2528","227,24","244,39",,
tienda_trim,4315,,HORNO,Veterana,78,207,3.924,"18,91","0,3435","0,7185","1,11",0,0,"0,3187","1,71","0,9825","1,83","5,19","0,3029","0,7185","1,07",0,0,"0,2791","1,71","0,2618","1,78","4,34","0,0406",0,"0,0452",0,0,"0,0396",0,"0,7207","0,0452","0,8461","0,0685","0,1519","0,2212",0,0,"0,0646","0,3602","0,1336","0,3731","0,067","0,1676","0,2407",0,0,"0,0651","0,4062","0,0534","0,4083","0,0625",0,"0,0625",0,0,"0,0625",0,"0,8125","0,0625","0,29","0,2398","245,94","273,31",,
tienda_trim,4315,,PENDIENTES,Veterana,50,64,143,"2,2","0,1981","0,286","0,286",0,"0,0033","0,2129","0,4","4,34","0,5721","5,73","0,1981","0,286","0,286",0,"0,0033","0,2129","0,4","0,829","0,5721","2,22",0,0,0,0,0,0,0,"3,51",0,"3,51","0,092","0,0955","0,0676",0,"0,0022","0,135","0,1436","0,4641","0,1631","0,1305","0,137","0,1003",0,"0,0022","0,1976","0,2512","0,1812","0,2373",0,0,0,0,0,0,0,1,0,"3,12","1,16","75,24","123,67",,
tienda_trim,4346,,GLOBAL,Liebre,76,,285.069,,,,,,,,,,,,,,,,,,,,,,,,,,,,,,,,,,,,,,,,,,,,,,,,,,,,,,,,,,,,,,,"0,2984","0,2854"
tienda_trim,4346,,SECOS,Veterana,76,1.027,157.368,"152,53","1,29","10,33","22,52",0,0,"1,41","1,56","3,68","32,85","40,78","1,22","10,3","22,19",0,0,"1,34","1,56","2,47","32,48","39,07","0,0671","0,0384","0,3279",0,0,"0,07",0,"1,21","0,3663","1,71","0,0315","0,2529","0,5519",0,0,"0,0347","0,0383","0,0907","0,8048","0,0313","0,2628","0,5681",0,0,"0,0344","0,0399","0,0635","0,8308","0,0367","0,0321","0,1264",0,0,"0,0276",0,"0,7772","0,1585","0,269","0,2578","224,4","234,18",,
tienda_trim,4346,,REFRIGERADO,Veterana,76,511,52.577,"102,34","1,39","6,7","13,6",0,0,"1,13","2,56","3,41","20,3","28,79","1,32","6,6","12,86",0,0,1,"2,54","2,53","19,46","26,85","0,0734","0,0991","0,742",0,0,"0,1274","0,0191","0,8773","0,8411","1,94","0,0487","0,2323","0,4728",0,0,"0,0394","0,0886","0,1182","0,7051","0,0493","0,2447","0,4795",0,0,"0,0377","0,0941","0,0947","0,7242","0,0436","0,0567","0,391",0,0,"0,0484","0,009","0,4514","0,4476","0,2833","0,2642","215,18","230,04",,
tienda_trim,4346,,CONGELADO,Veterana,76,363,15.576,"43,2","1,54","3,03","7,73",0,0,"0,9124","1,99","3,04","10,76","18,23","1,49","3,01","7,25",0,0,"0,75","1,96","2,53","10,26",17,"0,0481","0,0122","0,4799",0,0,"0,1623","0,029","0,5025","0,4921","1,23","0,085","0,1633","0,4243",0,0,"0,0496","0,1101","0,1678","0,5876","0,0884","0,1746","0,427",0,0,"0,0443","0,1161","0,1496","0,6016","0,0369","0,0156","0,396",0,0,"0,1247","0,0085","0,4183","0,4116","0,4292","0,4006","143,72","153,51",,
tienda_trim,4346,,FRESCOS,Veterana,76,424,30.575,"71,88","1,64",0,0,"17,43","1,12","1,06","3,84","2,52","17,43","27,61","1,57",0,0,"17,22","1,12","1,06","3,82","2,1","17,22","26,89","0,0759",0,0,"0,2047",0,0,"0,0211","0,418","0,2047","0,7197","0,0594",0,0,"0,63","0,0403","0,0386","0,1406","0,091","0,63","0,0582",0,0,"0,639","0,0414","0,0396","0,1431","0,0788","0,639","0,1379",0,0,"0,2723",0,0,"0,0345","0,5553","0,2723","0,3867","0,3771",157,"160,95",,
tienda_trim,4346,,FYV,Veterana,76,344,23.603,"68,55","1,76",0,0,"8,63","3,84","1,46","2,93","1,87","8,63","20,48","1,7",0,0,"8,58","3,79","1,46","2,93","1,39","8,58","19,85","0,0548",0,0,"0,0573","0,0492",0,0,"0,4762","0,0573","0,6376","0,086",0,0,"0,4217","0,1873","0,0722","0,1439","0,0888","0,4217","0,0861",0,0,"0,4303","0,1905","0,0742","0,1481","0,0706","0,4303","0,1156",0,0,"0,097","0,0831",0,0,"0,7042","0,097","0,3063","0,2959","201,86","207,11",,
tienda_trim,4346,,HORNO,Veterana,76,213,3.866,"18,18","0,36","1,16","1,52",0,0,"1,09","3,19","0,4248","2,68","7,74","0,36","1,16","1,49",0,0,"1,09","3,19","0,3314","2,65","7,61",0,0,"0,0342",0,0,0,0,"0,0934","0,0342","0,1276","0,0487","0,1508","0,1923",0,0,"0,1422","0,4199","0,046","0,3431","0,049","0,1522","0,1912",0,0,"0,1432","0,4223","0,042","0,3434",0,0,"0,5",0,0,0,0,"0,5","0,5","0,4493","0,4453","145,99","147,19",,
tienda_trim,4346,,PENDIENTES,Veterana,76,181,1.459,"7,87","0,5074","0,7559","1,43",0,0,"0,5419","1,85","0,4798","2,19","5,57","0,4805","0,7559","1,1",0,0,"0,5034","1,82","0,2757","1,86","4,94","0,0269",0,"0,3274",0,0,"0,0384","0,03","0,2041","0,3274","0,6269","0,1086","0,1382","0,2036",0,0,"0,1201","0,3517","0,0778","0,3417","0,1104","0,1481","0,1863",0,0,"0,1221","0,3789","0,0543","0,3343","0,0833",0,"0,3333",0,0,"0,0833","0,0833","0,4167","0,3333","0,9943","0,8022","99,97","106,14",,
tienda_trim,4353,,GLOBAL,Liebre,77,,43.410,,,,,,,,,,,,,,,,,,,,,,,,,,,,,,,,,,,,,,,,,,,,,,,,,,,,,,,,,,,,,,,"0,2898","0,2402"
tienda_trim,4353,,SECOS,No veterana,77,195,25.502,"124,43","0,5167","9,99","16,47",0,0,"0,1728","0,3173","5,43","26,46","32,89","0,5167","9,99","16,47",0,0,"0,1728","0,3173","1,68","26,46","29,14",0,0,0,0,0,0,0,"3,75",0,"3,75","0,0174","0,3036","0,5003",0,0,"0,0055","0,01","0,1632","0,8039","0,0192","0,3381","0,5612",0,0,"0,006","0,0112","0,0642","0,8993",0,0,0,0,0,0,0,1,0,"0,2731","0,2432","228,34","255,79",,
tienda_trim,4353,,REFRIGERADO,No veterana,77,92,6.822,"71,9","0,1763","4,42","6,83",0,0,"0,1483","0,4848","4,56","11,25","16,62","0,1763","4,42","6,83",0,0,"0,1483","0,4848","0,4179","11,25","12,48",0,0,0,0,0,0,0,"4,14",0,"4,14","0,0143","0,2846","0,4527",0,0,"0,0107","0,0363","0,2013","0,7374","0,0168","0,3438","0,5415",0,0,"0,0125","0,042","0,0435","0,8852",0,0,0,0,0,0,0,1,0,"0,2288","0,1787","289,77","352,41",,
tienda_trim,4353,,CONGELADO,No veterana,77,81,2.470,"30,55","0,2483","2,28","4,2",0,0,"0,1675","0,7974","4,42","6,48","12,11","0,2483","2,28","4,09",0,0,"0,1675","0,7974","0,7926","6,38","8,38",0,0,"0,1032",0,0,0,0,"3,63","0,1032","3,73","0,0303","0,2019","0,3712",0,0,"0,0203","0,0805","0,2958","0,5731","0,0393","0,2618","0,4744",0,0,"0,0253","0,1022","0,0971","0,7362",0,0,"0,0333",0,0,0,0,"0,9667","0,0333","0,4338","0,2862","188,5","244,44",,
tienda_trim,4353,,FRESCOS,No veterana,77,83,4.108,"48,86","0,2683",0,0,"9,36","0,5579","0,9004","1,31","6,65","9,36","19,04","0,2683",0,0,"9,36","0,5579","0,9004","1,22","1,83","9,36","14,14",0,0,0,0,0,0,"0,0861","4,81",0,"4,9","0,0161",0,0,"0,5099","0,0257","0,0536","0,074","0,3207","0,5099","0,0208",0,0,"0,6408","0,0331","0,0687","0,0905","0,1462","0,6408",0,0,0,0,0,0,"0,0263","0,9737",0,"0,4765","0,3568","166,21","210,62",,
tienda_trim,4353,,FYV,No veterana,76,76,3.063,"40,3","0,384",0,0,"4,1","1,75","0,3815","1,02","4,24","4,1","11,87","0,384",0,0,"4,1","1,75","0,3815","1,02",1,"4,1","8,64",0,0,0,0,0,0,0,"3,23",0,"3,23","0,0511",0,0,"0,3772","0,1739","0,0558","0,1176","0,2245","0,3772","0,0579",0,0,"0,4443","0,2037","0,0637","0,1304","0,1","0,4443",0,0,0,0,0,0,0,1,0,"0,3524","0,2726","263,1","314,27",,
tienda_trim,4353,,HORNO,No veterana,72,72,712,"9,89","0,1437","0,6105","0,621",0,0,"0,1746","0,9186","0,5135","1,23","2,98","0,1437","0,6105","0,621",0,0,"0,1746","0,9186","0,2174","1,23","2,69",0,0,0,0,0,0,0,"0,2961",0,"0,2961","0,0834","0,2006","0,1743",0,0,"0,1024","0,3761","0,0632","0,3749","0,0856","0,2055","0,1775",0,0,"0,1039","0,3832","0,0443","0,383",0,0,0,0,0,0,0,1,0,"0,3436","0,305","313,77","322,77",,
tienda_trim,4353,,PENDIENTES,No veterana,71,74,733,"8,18","0,1791","0,2893","0,3028",0,"0,0125","0,1485","0,7193","0,5968","0,5921","2,25","0,1791","0,2893","0,3028",0,"0,0125","0,1485","0,7193","0,1755","0,5921","1,83",0,0,0,0,0,0,0,"0,4213",0,"0,4213","0,1056","0,1647","0,1249",0,"0,005","0,1298","0,3955","0,0744","0,2897","0,1095","0,1677","0,1283",0,"0,005","0,1379","0,4144","0,0372","0,296",0,0,0,0,0,0,0,1,0,"0,4514","0,3272","301,41","309,35",,
tienda_trim,4389,,GLOBAL,Liebre,78,,163.446,,,,,,,,,,,,,,,,,,,,,,,,,,,,,,,,,,,,,,,,,,,,,,,,,,,,,,,,,,,,,,,"0,2936","0,285"
tienda_trim,4389,,SECOS,Veterana,78,691,86.374,"123,11","0,8043","4,99","24,13",0,0,"0,7259","0,5582","4,18","29,12","35,39","0,7996","4,99","23,99",0,0,"0,7182","0,5582","2,8","28,98","33,86","0,0047",0,"0,1366",0,0,"0,0077",0,"1,38","0,1366","1,53","0,0228","0,1412","0,6808",0,0,"0,0206","0,0158","0,1188","0,822","0,0237","0,1475","0,7076",0,0,"0,0212","0,0165","0,0834","0,8551","0,0034",0,"0,0953",0,0,"0,0058",0,"0,8955","0,0953","0,2895","0,2769","208,65","218,06",,
tienda_trim,4389,,REFRIGERADO,Veterana,78,306,25.506,"83,17","0,8659","3,28","10,96",0,0,"0,8409","1,81","2,7","14,24","20,46","0,8659","3,28","10,94",0,0,"0,8409","1,81","2,44","14,22","20,18",0,0,"0,0207",0,0,0,0,"0,2633","0,0207","0,284","0,0428","0,1601","0,5346",0,0,"0,0413","0,0871","0,134","0,6947","0,0433","0,1625","0,5405",0,0,"0,0418","0,0884","0,1235","0,7029",0,0,"0,0409",0,0,0,0,"0,9591","0,0409","0,2484","0,2451","244,21","247,48",,
tienda_trim,4389,,CONGELADO,Veterana,78,261,11.217,"42,46","0,8318","1,71","6,66",0,0,"0,5059","1,4","2,77","8,37","13,88","0,8318","1,68","6,66",0,0,"0,5059","1,4","2,03","8,34","13,11",0,"0,0333",0,0,0,0,0,"0,7361","0,0333","0,7695","0,061","0,1201","0,4815",0,0,"0,0366","0,1012","0,1996","0,6016","0,0645","0,125","0,5076",0,0,"0,0384","0,1071","0,1575","0,6326",0,"0,04",0,0,0,0,0,"0,96","0,04","0,3341","0,317","184,49","195,09",,
tienda_trim,4389,,FRESCOS,Veterana,78,296,19.432,"64,98","1,06",0,0,"15,79","1,08","0,8951","2,79","2,86","15,79","24,47","1,06",0,0,"15,75","1,08","0,8331","2,79","2,6","15,75","24,11",0,0,0,"0,0405",0,"0,062",0,"0,2599","0,0405","0,3625","0,0443",0,0,"0,6449","0,0432","0,0363","0,1146","0,1166","0,6449","0,0447",0,0,"0,652","0,0438","0,0348","0,1162","0,1085","0,652",0,0,0,"0,1285",0,"0,0909",0,"0,7806","0,1285","0,3823","0,3773","159,65","161,83",,
tienda_trim,4389,,FYV,Veterana,78,261,17.907,"68,04","1,03",0,0,"8,49","3,46","1,16","2,63","2,29","8,49","19,05","1,03",0,0,"8,44","3,43","1,16","2,63","2,25","8,44","18,94",0,0,0,"0,05","0,0264",0,0,"0,0361","0,05","0,1125","0,056",0,0,"0,4406","0,1814","0,0614","0,138","0,1227","0,4406","0,0562",0,0,"0,4408","0,181","0,0617","0,1388","0,1216","0,4408",0,0,0,"0,5","0,25",0,0,"0,25","0,5","0,2899","0,2882","213,81","214,8",,
tienda_trim,4389,,HORNO,Veterana,78,177,2.951,"16,08","0,221","0,5813","0,9313",0,0,"0,3524","1,78","0,1688","1,51","4,03","0,221","0,5813","0,9313",0,0,"0,3524","1,78","0,1688","1,51","4,03",0,0,0,0,0,0,0,0,0,0,"0,06","0,1412","0,2095",0,0,"0,0981","0,4506","0,0406","0,3507","0,06","0,1412","0,2095",0,0,"0,0981","0,4506","0,0406","0,3507",,,,,,,,,,"0,2867","0,2867","266,41","266,41",,
tienda_trim,4389,,PENDIENTES,Veterana,17,18,55,3,"0,35","0,2148","0,1481",0,0,"0,1432","0,3762","3,14","0,3629","4,37","0,35","0,2148","0,1481",0,0,"0,1432","0,3762","2,66","0,3629","3,9",0,0,0,0,0,0,0,"0,4781",0,"0,4781","0,107","0,0637","0,0314",0,0,"0,0642","0,1071","0,6266","0,0951","0,1278","0,0685","0,0387",0,0,"0,0726","0,1194","0,5731","0,1072",0,0,0,0,0,0,0,1,0,"2,31","2,14","59,95","72,88",,
tienda_trim,4413,,GLOBAL,Liebre,77,,324.744,,,,,,,,,,,,,,,,,,,,,,,,,,,,,,,,,,,,,,,,,,,,,,,,,,,,,,,,,,,,,,,"0,2871","0,2636"
tienda_trim,4413,,SECOS,Veterana,77,1.289,194.209,"149,15","1,2","7,26","24,31",0,0,"1,07","0,8058","5,68","31,57","40,32","1,1","7,24","23,79",0,0,"0,9861","0,801","2,18","31,03","36,1","0,0991","0,0235","0,5205",0,0,"0,0816","0,0047","3,5","0,544","4,22","0,0297","0,1796","0,6018",0,0,"0,0267","0,0201","0,1422","0,7814","0,0306","0,1998","0,6589",0,0,"0,0273","0,0223","0,061","0,8587","0,0212","0,0061","0,1012",0,0,"0,015","0,001","0,8555","0,1073","0,2711","0,2426","222,29","248,74",,
tienda_trim,4413,,REFRIGERADO,Veterana,77,528,52.345,"98,95","0,4653","4,09",11,0,0,"0,9279","3,5","3,69","15,09","23,67","0,4653","4,09","10,95",0,0,"0,8988","3,49","2,34","15,04","22,23",0,0,"0,0544",0,0,"0,0291","0,0124","1,35","0,0544","1,44","0,0198","0,1731","0,4647",0,0,"0,0398","0,1487","0,1539","0,6378","0,0213","0,1842","0,4915",0,0,"0,0407","0,1574","0,1049","0,6757",0,0,"0,0272",0,0,"0,03","0,012","0,9308","0,0272","0,2403","0,2252","252,98","268,57",,
tienda_trim,4413,,CONGELADO,Veterana,77,411,17.612,"42,45","0,714","2,25","6,42",0,0,"0,7142","2,02","3,72","8,67","15,84","0,714","2,21","6,39",0,0,"0,7142","2,02","2,67","8,6","14,72",0,"0,0421","0,0244",0,0,0,0,"1,05","0,0665","1,12","0,0459","0,1414","0,4072",0,0,"0,046","0,1285","0,231","0,5486","0,0488","0,1479","0,4343",0,0,"0,0491","0,1369","0,183","0,5822",0,"0,0556","0,0068",0,0,0,0,"0,9376","0,0624","0,3774","0,3511",163,"173,57",,
tienda_trim,4413,,FRESCOS,Veterana,77,487,27.138,"55,72","0,7656",0,0,"12,28","0,7591","1,21","2,27","3,78","12,28","21,07","0,7656",0,0,"12,18","0,7591","1,19","2,21","3,22","12,18","20,32",0,0,0,"0,1044",0,"0,0239","0,0594","0,5639","0,1044","0,7516","0,0369",0,0,"0,5821","0,0356","0,0578","0,1074","0,1802","0,5821","0,0382",0,0,"0,5986","0,0367","0,0587","0,1088","0,159","0,5986",0,0,0,"0,1364",0,"0,0645","0,0527","0,7464","0,1364","0,3801","0,3666","159,53","165,17",,
tienda_trim,4413,,FYV,Veterana,77,380,27.976,"73,78","1,16",0,0,"7,98","3,25","1,09","3,41","2,99","7,98","19,88","1,16",0,0,"7,98","3,25","1,07","3,33","2,22","7,98","19,01",0,0,0,0,0,"0,0198","0,0756","0,7717",0,"0,867","0,0585",0,0,"0,402","0,1636","0,0552","0,1711","0,1496","0,402","0,061",0,0,"0,4195","0,1704","0,0563","0,1756","0,1171","0,4195",0,0,0,0,0,"0,0333","0,0333","0,9333",0,"0,2735","0,2616","224,21","233,81",,
tienda_trim,4413,,HORNO,Veterana,77,232,4.037,"17,54","0,3053","0,8427","1,51",0,0,"2,37","2,1","0,2362","2,36","7,36","0,3053","0,8427","1,36",0,0,"2,01","2,1","0,0406","2,2","6,65",0,0,"0,1594",0,0,"0,357",0,"0,1956","0,1594","0,712","0,0416","0,1154","0,2042",0,0,"0,3246","0,2931","0,021","0,3196","0,0435","0,1252","0,2017",0,0,"0,3068","0,3154","0,0073","0,3269",0,0,"0,2308",0,0,"0,6154",0,"0,1538","0,2308","0,436","0,3924","150,54","162,58",,
tienda_trim,4413,,PENDIENTES,Veterana,67,202,1.414,"6,61","0,8455","1,95","1,41",0,0,"0,4318","1,67","3,84","3,36","10,14","0,8026","1,83","1,39",0,0,"0,4318","1,67","2,11","3,22","8,24","0,0429","0,1209","0,0155",0,0,0,0,"1,73","0,1364","1,91","0,0836","0,1685","0,1307",0,0,"0,0488","0,1716","0,3969","0,2991","0,0942","0,2015","0,1559",0,0,"0,0619","0,2134","0,2731","0,3574","0,0286","0,061","0,0058",0,0,0,0,"0,9046","0,0668","1,93","1,57","40,99","50,62",,
tienda_trim,4443,,GLOBAL,Liebre,77,,374.468,,,,,,,,,,,,,,,,,,,,,,,,,,,,,,,,,,,,,,,,,,,,,,,,,,,,,,,,,,,,,,,"0,3041","0,2687"
tienda_trim,4443,,SECOS,Veterana,77,1.262,213.188,"167,1","0,5473","9,38","27,77",0,0,"0,5719","1,08","6,61","37,15","45,96","0,5204","9,38","27,17",0,0,"0,5306","1,04","1,34","36,55","39,98","0,027",0,"0,6003",0,0,"0,0413","0,041","5,27","0,6003","5,98","0,0118","0,2034","0,6045",0,0,"0,0124","0,0234","0,1445","0,8078","0,013","0,2332","0,6811",0,0,"0,0131","0,0258","0,0338","0,9143","0,0054",0,"0,0714",0,0,"0,0083","0,0052","0,9098","0,0714","0,2787","0,2429","218,42","251,71",,
tienda_trim,4443,,REFRIGERADO,Veterana,77,546,62.218,"112,65","0,2948","5,48","13,29",0,0,"0,703","2,04","5,17","18,77","26,98","0,2888","5,48","13,19",0,0,"0,703","2,03","2,01","18,67","23,69","0,0059",0,"0,1049",0,0,0,"0,0125","3,16","0,1049","3,29","0,0108","0,2007","0,494",0,0,"0,0259","0,0748","0,1939","0,6946","0,0121","0,2267","0,5644",0,0,"0,029","0,0836","0,0842","0,7911","0,0022",0,"0,0366",0,0,0,"0,005","0,9562","0,0366","0,2406","0,2107","253,05","290,55",,
tienda_trim,4443,,CONGELADO,Veterana,77,450,22.663,"49,73","0,2825","2,74","8,01",0,0,"0,7625","2,07","5,25","10,75","19,11","0,2825","2,74","7,86",0,0,"0,7494","2,05","2,23","10,6","15,91",0,0,"0,1472",0,0,"0,0131","0,015","3,02","0,1472","3,19","0,0146","0,1435","0,4179",0,0,"0,0398","0,1086","0,2756","0,5614","0,0177","0,1704","0,4963",0,0,"0,0463","0,1292","0,14","0,6667",0,0,"0,0456",0,0,"0,0021","0,0058","0,9465","0,0456","0,39","0,3241","156,99","189,95",,
tienda_trim,4443,,FRESCOS,Veterana,77,513,38.102,"73,6","0,4731",0,0,"16,17","1,32","0,9335","4,32","4,88","16,17","28,1","0,4731",0,0,"16,14","1,32","0,9163","4,3","2,42","16,14","25,57",0,0,0,"0,0292",0,"0,0172","0,0166","2,46","0,0292","2,53","0,0166",0,0,"0,5766","0,0467","0,0336","0,1539","0,1726","0,5766","0,0182",0,0,"0,6308","0,0512","0,0361","0,1687","0,0949","0,6308",0,0,0,"0,0062",0,"0,0154","0,0154","0,963","0,0062","0,3858","0,3505","159,09","174,42",,
tienda_trim,4443,,FYV,Veterana,77,406,26.351,"64,14","0,8365",0,0,"8,72","3,95","1,17","3,22","4,11","8,72","22,01","0,8365",0,0,"8,52","3,91","1,17","3,21","2,31","8,52","19,95",0,0,0,"0,1954","0,044",0,"0,0159","1,8","0,1954","2,05","0,0386",0,0,"0,3947","0,1783","0,0538","0,1482","0,1863","0,3947","0,0424",0,0,"0,4268","0,1939","0,0591","0,162","0,1158","0,4268",0,0,0,"0,0591","0,0467",0,"0,0085","0,8858","0,0591","0,3535","0,3195","177,42","195,13",,
tienda_trim,4443,,HORNO,Veterana,77,274,6.877,"25,22","0,4525","1,33","1,66",0,0,"0,7486","3,53","0,2274","2,99","7,95","0,4202","1,33","1,66",0,0,"0,7486","3,53","0,2274","2,99","7,91","0,0323",0,0,0,0,0,0,0,0,"0,0323","0,0527","0,1654","0,2094",0,0,"0,0954","0,4486","0,0284","0,3749","0,0507","0,1659","0,21",0,0,"0,0957","0,4494","0,0284","0,3759",1,0,0,0,0,0,0,0,0,"0,3327","0,3313","195,97","196,17",,
tienda_trim,4443,,PENDIENTES,Veterana,77,370,5.059,"13,25","0,7351","1,4","4,13",0,"0,031","0,5899","3,92","2,92","5,53","13,72","0,7351","1,38","3,77",0,"0,031","0,5899","3,89","1,26","5,15","11,65",0,"0,0249","0,3566",0,0,0,"0,0333","1,66","0,3815","2,07","0,0577","0,1009","0,2848",0,"0,002","0,0485","0,2934","0,2128","0,3857","0,0669","0,1158","0,3077",0,"0,002","0,0561","0,3374","0,1141","0,4234",0,"0,0058","0,1715",0,0,0,"0,0058","0,8169","0,1773","1,12","0,9497","60,39","69,67",,
tienda_trim,4458,,GLOBAL,Liebre,77,,277.566,,,,,,,,,,,,,,,,,,,,,,,,,,,,,,,,,,,,,,,,,,,,,,,,,,,,,,,,,,,,,,,"0,2969","0,2931"
tienda_trim,4458,,SECOS,Veterana,77,1.051,155.912,"147,83","2,43","7,89","28,22",0,0,"1,75","0,7566","1,97","36,11","43,03","2,28","7,88","28,09",0,0,"1,7","0,7493","1,87","35,96","42,56","0,1489","0,0155","0,1288",0,0,"0,0586","0,0073","0,1062","0,1443","0,4653","0,0567","0,1833","0,6553",0,0,"0,0408","0,0177","0,0462","0,8386","0,0538","0,185","0,6594",0,0,"0,0399","0,0178","0,0442","0,8443","0,3378","0,0225","0,2596",0,0,"0,1236","0,0091","0,2473","0,2821","0,2919","0,2888","206,27","208,54",,
tienda_trim,4458,,REFRIGERADO,Veterana,77,447,48.997,"109,32","1,65","5,4","12,78",0,0,"0,961","2,12","1,88","18,18","24,79","1,64","5,34","12,7",0,0,"0,9364","2,12","1,79","18,04","24,52","0,0134","0,0676","0,0731",0,0,"0,0246",0,"0,0896","0,1407","0,2682","0,0668","0,2193","0,5137",0,0,"0,0387","0,0853","0,0762","0,733","0,0669","0,2189","0,5164",0,0,"0,0382","0,0861","0,0735","0,7353","0,0833","0,1667","0,25",0,0,"0,0833",0,"0,4167","0,4167","0,228","0,2257","265,14","268,12",,
tienda_trim,4458,,CONGELADO,Veterana,77,375,18.459,"49,15","1,54","2,79","7,75",0,0,"1,06","2,21","1,99","10,55","17,35","1,4","2,79","7,72",0,0,"1,04","2,21","1,97","10,51","17,14","0,1418",0,"0,0346",0,0,"0,0198",0,"0,0159","0,0346","0,2122","0,0902","0,1607","0,4445",0,0,"0,0618","0,1272","0,1158","0,6052","0,0831","0,1623","0,4481",0,0,"0,0614","0,1286","0,1165","0,6104","0,6364",0,"0,1818",0,0,"0,0909",0,"0,0909","0,1818","0,3579","0,3533","170,15","172,21",,
tienda_trim,4458,,FRESCOS,Veterana,77,413,29.194,"70,72","1,55",0,0,"15,87","1,32","1,22","4,44","1,77","15,87","26,16","1,55",0,0,"15,82","1,31","1,16","4,44","1,49","15,82","25,77",0,0,0,"0,0458","0,0161","0,0544",0,"0,2746","0,0458","0,3909","0,0594",0,0,"0,6059","0,0501","0,0466","0,1705","0,0675","0,6059","0,0603",0,0,"0,613","0,0503","0,0452","0,1729","0,0583","0,613",0,0,0,"0,1176","0,0283","0,0944",0,"0,7597","0,1176","0,3731","0,3674","162,43","164,72",,
tienda_trim,4458,,FYV,Veterana,77,301,19.002,"63,14","1,94",0,0,"8,01","4,21","1,09","3,26","1,44","8,01","19,95","1,89",0,0,"7,95","4,14","1,09","3,26","1,18","7,95","19,51","0,0463",0,0,"0,0622","0,0732",0,0,"0,2569","0,0622","0,4387","0,0984",0,0,"0,3993","0,2095","0,0558","0,1641","0,0729","0,3993","0,0981",0,0,"0,4055","0,2106","0,057","0,1678","0,061","0,4055","0,1333",0,0,"0,0486","0,1514",0,0,"0,6667","0,0486","0,3246","0,3173","189,9","194,09",,
tienda_trim,4458,,HORNO,Veterana,77,217,5.015,"23,29","1,29","1,19","1,78",0,0,"0,9093","2,52","0,25","2,96","7,93","1,15","1,19","1,78",0,0,"0,9093","2,52","0,25","2,96","7,79","0,1418",0,0,0,0,0,0,0,0,"0,1418","0,1637","0,1512","0,2184",0,0,"0,1142","0,3194","0,0331","0,3696","0,149","0,1543","0,2217",0,0,"0,1171","0,3243","0,0335","0,376",1,0,0,0,0,0,0,0,0,"0,3556","0,3484","181,46","184,82",,
tienda_trim,4458,,PENDIENTES,Veterana,76,104,985,"9,94","1,29","0,8965","1,19",0,0,"0,4584","1,77","2,81","2,09","8,42","1,14","0,8526","1,19",0,0,"0,4584","1,77","2,35","2,04","7,76","0,1585","0,0439",0,0,0,0,0,"0,4567","0,0439","0,6592","0,1572","0,1034","0,1239",0,0,"0,0592","0,2063","0,35","0,2273","0,1583","0,105","0,1339",0,0,"0,0631","0,2168","0,3228","0,2389","0,125","0,125",0,0,0,0,0,"0,75","0,125","1,35","1,26","69,3","74,61",,
tienda_trim,4472,,GLOBAL,Liebre,77,,473.740,,,,,,,,,,,,,,,,,,,,,,,,,,,,,,,,,,,,,,,,,,,,,,,,,,,,,,,,,,,,,,,"0,2864","0,2767"
tienda_trim,4472,,SECOS,Veterana,77,1.869,258.014,"137,59","1,4","8,13","20,24",0,0,"0,9529","0,9906","3,75","28,37","35,46","1,38","8,08","20,16",0,0,"0,9446","0,9737","2,68","28,24","34,21","0,0189","0,0471","0,0811",0,0,"0,0083","0,0169","1,07","0,1282","1,24","0,0394","0,2279","0,5717",0,0,"0,0268","0,028","0,1062","0,7996","0,0403","0,2346","0,5903",0,0,"0,0274","0,0285","0,0789","0,8249","0,0142","0,0349","0,0727",0,0,"0,0034","0,0107","0,8641","0,1076","0,2581","0,2492","233,65","242,2",,
tienda_trim,4472,,REFRIGERADO,Veterana,77,723,74.518,"102,69","1,12","5,78","10,25",0,"0,0005","0,8028","2,02","3,37","16,03","23,34","1,11","5,65","10,18",0,"0,0005","0,7734","2,02","2,53","15,83","22,27","0,0103","0,1275","0,0722",0,0,"0,0295",0,"0,8355","0,1998","1,07","0,0482","0,2465","0,441",0,0,"0,034","0,0863","0,1439","0,6875","0,0499","0,253","0,4578",0,0,"0,0347","0,0902","0,1145","0,7108","0,0067","0,0931","0,061",0,0,"0,0083",0,"0,831","0,1541","0,2284","0,2181","266,65","278,93",,
tienda_trim,4472,,CONGELADO,Veterana,77,614,27.760,"44,69","1,07","3,01","7,08",0,0,"1,09","2,09","3,63","10,09","17,97","1,01","3,01","7,07",0,0,"1,06","2,08","2,99","10,07","17,2","0,0616",0,"0,0124",0,0,"0,0348","0,0125","0,6437","0,0124","0,7649","0,06","0,1678","0,3926",0,0,"0,0602","0,1165","0,2029","0,5604","0,0584","0,1747","0,4091",0,0,"0,061","0,1206","0,1761","0,5839","0,0769",0,"0,0148",0,0,"0,0376","0,0104","0,8603","0,0148","0,4053","0,3878","150,2","156,51",,
tienda_trim,4472,,FRESCOS,Veterana,77,714,54.321,"76,13","1,19",0,0,"19,24","1,23","0,9505","4,37","2,91","19,24","29,89","1,17",0,0,"19,18","1,23","0,9293","4,3","2,19","19,18",29,"0,0193",0,0,"0,0681",0,"0,0211","0,0645","0,7175","0,0681","0,8905","0,0399",0,0,"0,6433","0,0409","0,0315","0,1463","0,098","0,6433","0,0406",0,0,"0,6607","0,0422","0,0319","0,1488","0,0759","0,6607","0,0173",0,0,"0,0702",0,"0,0323","0,0429","0,8373","0,0702","0,3939","0,3821","153,99","158,78",,
tienda_trim,4472,,FYV,Veterana,77,561,46.361,"82,04","1,55",0,0,"10,03","4,18","1,15","3,81","2,62","10,03","23,33","1,53",0,0,"9,95","4,15","1,15","3,81","1,99","9,95","22,58","0,0137",0,0,"0,0797","0,0262",0,0,"0,6371","0,0797","0,7567","0,0663",0,0,"0,4289","0,1784","0,0491","0,1639","0,1135","0,4289","0,068",0,0,"0,4398","0,183","0,0508","0,1691","0,0892","0,4398","0,0085",0,0,"0,0943","0,0369",0,0,"0,8602","0,0943","0,2998","0,2899","211,26","218,1",,
tienda_trim,4472,,HORNO,Veterana,77,376,10.157,"27,19","0,6868","1,47","1,94",0,0,"0,7886","3,98","0,5345","3,4","9,4","0,6594","1,47","1,94",0,0,"0,7886","3,98","0,4931","3,4","9,32","0,0274",0,"0,0025",0,0,0,0,"0,0414","0,0025","0,0714","0,0729","0,1553","0,2056",0,0,"0,0846","0,425","0,0566","0,3609","0,0705","0,1565","0,2069",0,0,"0,0849","0,4276","0,0536","0,3634","0,3333",0,"0,3333",0,0,0,0,"0,3333","0,3333","0,3498","0,3475","177,59","178,95",,
tienda_trim,4472,,PENDIENTES,Veterana,77,305,2.594,"8,54","1,1","1,32","1,94",0,"0,0156","0,608","2,71","2,43","3,26","10,13","1,1","1,25","1,92",0,"0,0156","0,608","2,69","1,83","3,17","9,42",0,"0,0703","0,0186",0,0,0,"0,0156","0,6035","0,0889","0,708","0,1159","0,1215","0,1819",0,"0,001","0,0635","0,265","0,2513","0,3033","0,1236","0,1241","0,1933",0,"0,001","0,0678","0,2812","0,2089","0,3175",0,"0,05","0,0258",0,0,0,"0,05","0,8742","0,0758","1,49","1,39","50,47",55,,
tienda_trim,4480,,GLOBAL,Liebre,77,,541.832,,,,,,,,,,,,,,,,,,,,,,,,,,,,,,,,,,,,,,,,,,,,,,,,,,,,,,,,,,,,,,,"0,298","0,2813"
tienda_trim,4480,,SECOS,Veterana,77,2.082,292.541,140,"1,26","9,76","20,61",0,0,"0,551","0,6356","4,34","30,37","37,16","1,25","9,66","20,52",0,0,"0,5381","0,6356","2,19","30,17","34,79","0,0123","0,1019","0,0902",0,0,"0,0129",0,"2,15","0,1922","2,36","0,0341","0,2627","0,5543",0,0,"0,0148","0,0171","0,1169","0,817","0,036","0,2777","0,5893",0,0,"0,0155","0,0183","0,0632","0,867","0,0045","0,0374","0,0368",0,0,"0,0053",0,"0,9161","0,0742","0,2665","0,2495","226,31","241,64",,
tienda_trim,4480,,REFRIGERADO,Veterana,77,892,97.965,"109,33","0,982","5,84","12,96",0,"0,0001",1,"2,56","3,21","18,8","26,55","0,8963","5,76","12,76",0,"0,0001","0,9833","2,56","2,49","18,52","25,44","0,0857","0,0805","0,2014",0,0,"0,0175",0,"0,7262","0,2819","1,11","0,0368","0,2194","0,4889",0,0,"0,0376","0,0961","0,1211","0,7083","0,0352","0,2257","0,5022",0,0,"0,0387","0,1001","0,098","0,728","0,0605","0,1119","0,1741",0,0,"0,0112",0,"0,6423","0,286","0,2437","0,2333","248,16","258,82",,
tienda_trim,4480,,CONGELADO,Veterana,77,679,29.043,"42,42","1,19","2,31","7,07",0,0,"0,8199","2,09","3,77","9,38","17,25","1,19","2,3","7,02",0,0,"0,8199","2,04","2,1","9,32","15,47",0,"0,0098","0,0517",0,0,0,"0,0492","1,67","0,0615","1,78","0,0699","0,1338","0,4109",0,0,"0,0484","0,1209","0,2161","0,5447","0,0772","0,1482","0,457",0,0,"0,0527","0,1315","0,1334","0,6052",0,"0,0192","0,0339",0,0,0,"0,0277","0,9192","0,0531","0,4103","0,3689","148,55","166,11",,
tienda_trim,4480,,FRESCOS,Veterana,77,840,59.561,"70,66","1,39",0,0,"18,48","1,28","1,07","3,78","3,36","18,48","29,38","1,38",0,0,"18,29","1,26","1,07","3,77","2,37","18,29","28,15","0,0098",0,0,"0,1925","0,0215",0,"0,0194","0,9902","0,1925","1,23","0,0477",0,0,"0,6285","0,0438","0,0366","0,1291","0,1143","0,6285","0,0494",0,0,"0,6489","0,0449","0,0382","0,1339","0,0847","0,6489","0,0029",0,0,"0,1868","0,0131",0,"0,0097","0,7875","0,1868","0,4176","0,4","145,26","151,38",,
tienda_trim,4480,,FYV,Veterana,77,684,54.748,"79,92","1,26",0,0,"12,59","5,04","1,39","3,01","3,02","12,59","26,32","1,25",0,0,"12,55","5,01","1,37","3,01","2,17","12,55","25,36","0,0097",0,0,"0,0405","0,0361","0,0166",0,"0,8483","0,0405","0,9513","0,0481",0,0,"0,4782","0,1918","0,0528","0,115","0,1141","0,4782","0,0495",0,0,"0,4941","0,1973","0,0542","0,1193","0,0856","0,4941","0,0036",0,0,"0,0451","0,0362","0,0062",0,"0,9089","0,0451","0,3325","0,3199","183,22","189,51",,
tienda_trim,4480,,HORNO,Veterana,77,358,7.122,"19,88","0,599","1,17","2,34",0,0,"0,5315","3,51","2,39","3,52","10,55","0,599","1,15","2,32",0,0,"0,5315","3,51","1,25","3,47","9,35",0,"0,0286","0,0205",0,0,0,0,"1,15","0,0491","1,2","0,0578","0,1125","0,2209",0,0,"0,0514","0,3401","0,2175","0,3333","0,0631","0,121","0,2467",0,0,"0,0574","0,3804","0,1315","0,3677",0,"0,0286","0,0286",0,0,0,0,"0,9429","0,0571","0,5452","0,4851","117,21","131,45",,
tienda_trim,4480,,PENDIENTES,Veterana,69,163,851,"4,65","0,9344","0,8193","0,5644",0,0,"0,8833","1,43","3,48","1,38","8,11","0,9344","0,629","0,5644",0,0,"0,8833","1,43","2,04","1,19","6,49",0,"0,1903",0,0,0,0,0,"1,43","0,1903","1,62","0,1279","0,0841","0,0625",0,0,"0,1182","0,1652","0,442","0,1466","0,1577","0,0918","0,0724",0,0,"0,1489","0,2057","0,3235","0,1643",0,"0,037",0,0,0,0,0,"0,963","0,037","2,74","2,03","34,13","42,51",,
tienda_trim,4491,,GLOBAL,Liebre,78,,395.148,,,,,,,,,,,,,,,,,,,,,,,,,,,,,,,,,,,,,,,,,,,,,,,,,,,,,,,,,,,,,,,"0,308","0,2892"
tienda_trim,4491,,SECOS,Veterana,78,1.581,217.491,"136,58","1,86",10,"22,87",0,0,"0,8352","1,08","3,84","32,87","40,48","1,78","9,91","22,53",0,0,"0,8277","1,04","2,67","32,44","38,76","0,0764","0,086","0,3446",0,0,"0,0075","0,0343","1,17","0,4306","1,72","0,046","0,2468","0,565",0,0,"0,0206","0,0265","0,0951","0,8118","0,0461","0,2554","0,5812",0,0,"0,0213","0,0268","0,0691","0,8366","0,0492","0,0408","0,2126",0,0,"0,0132","0,023","0,6612","0,2534","0,2977","0,2851","202,51","211,55",,
tienda_trim,4491,,REFRIGERADO,Veterana,78,622,63.620,"101,75",1,"5,28","10,26",0,0,"0,8832","2,15","3,33","15,54","22,9","0,9883","5,27","10,01",0,0,"0,8458","2,13","2,32","15,27","21,56","0,0142","0,0112","0,253",0,0,"0,0374","0,0202","1,01","0,2643","1,34","0,0439","0,2292","0,4486",0,0,"0,0383","0,0937","0,1464","0,6778","0,0458","0,243","0,4654",0,0,"0,0391","0,0987","0,1081","0,7083","0,0098","0,0182","0,2083",0,0,"0,0253","0,0103","0,7281","0,2265","0,2269","0,2132","267,92","284,74",,
tienda_trim,4491,,CONGELADO,Veterana,78,498,20.597,"41,25","1,1","2,58","6,01",0,0,"0,5064","2,06","4,22","8,59","16,48","1,03","2,58","5,93",0,0,"0,4931","2,02","2,38","8,51","14,44","0,0685",0,"0,0837",0,0,"0,0133","0,037","1,84","0,0837","2,04","0,0666","0,1572","0,366",0,0,"0,0312","0,1262","0,2529","0,5232","0,0714","0,1779","0,4121",0,0,"0,0339","0,1413","0,1634","0,59","0,0215",0,"0,0251",0,0,"0,0045","0,0119","0,937","0,0251","0,4036","0,3542","151,5","172,78",,
tienda_trim,4491,,FRESCOS,Veterana,78,619,45.565,"73,15","1,32",0,0,"17,2","1,26","0,9239","3,59","4,82","17,2","29,11","1,2",0,0,"16,92","1,26","0,9149","3,56","2,14","16,92",26,"0,1134",0,0,"0,2821",0,"0,0089","0,0262","2,68","0,2821","3,11","0,0453",0,0,"0,5916","0,0435","0,0317","0,1233","0,1645","0,5916","0,0464",0,0,"0,6506","0,0482","0,0353","0,1368","0,0827","0,6506","0,0306",0,0,"0,0739",0,"0,0019","0,006","0,8877","0,0739","0,4022","0,3581","151,78","169,31",,
tienda_trim,4491,,FYV,Veterana,78,497,41.556,"82,66","1,6",0,0,"10,16","4,73","1,76","3,62","2,67","10,16","24,54","1,55",0,0,"9,89","4,67","1,68","3,61","1,83","9,89","23,23","0,0548",0,0,"0,2636","0,0627","0,0816","0,018","0,8377","0,2636","1,32","0,0653",0,0,"0,4138","0,1923","0,0722","0,148","0,1083","0,4138","0,0665",0,0,"0,4253","0,2006","0,0728","0,1551","0,0796","0,4253","0,0384",0,0,"0,2121","0,035","0,0412","0,0137","0,6596","0,2121","0,3048","0,2886","203,06","214,28",,
tienda_trim,4491,,HORNO,Veterana,78,272,5.339,"19,72","0,3067","1,14","1,79",0,0,"0,6347","4,18","0,3742","2,93","8,43","0,2758","1,14","1,79",0,0,"0,6347","4,14","0,3674","2,93","8,34","0,0309",0,0,0,0,0,"0,0453","0,0069",0,"0,083","0,0331","0,1324","0,2118",0,0,"0,0769","0,4999","0,0459","0,3442","0,0318","0,1332","0,2126",0,0,"0,0775","0,4996","0,0454","0,3458","0,1831",0,0,0,0,0,"0,4836","0,3333",0,"0,4387","0,4341","144,41","145,03",,
tienda_trim,4491,,PENDIENTES,Veterana,76,199,973,"4,68","0,4391","0,3969","0,4992",0,0,"0,6969","1,87","4,09","0,8961","7,99","0,4391","0,3969","0,485",0,0,"0,6969","1,82","1,58","0,8819","5,42",0,0,"0,0142",0,0,0,"0,0451","2,51","0,0142","2,56","0,0657","0,0508","0,0529",0,0,"0,1164","0,2457","0,4686","0,1037","0,0952","0,0687","0,0682",0,0,"0,1686","0,3304","0,2689","0,1369",0,0,"0,0263",0,0,0,"0,013","0,9607","0,0263","2,38","1,55","44,56","59,09",,
tienda_trim,4534,,GLOBAL,Liebre,78,,202.622,,,,,,,,,,,,,,,,,,,,,,,,,,,,,,,,,,,,,,,,,,,,,,,,,,,,,,,,,,,,,,,"0,2991","0,2848"
tienda_trim,4534,,SECOS,Veterana,78,886,117.408,"131,08","1,13","9,86","18,94",0,0,"1,17","1,22",4,"28,79","36,31","1,12","9,84","18,75",0,0,"1,14","1,18","2,62","28,59","34,66","0,0069","0,0172","0,1835",0,0,"0,0217","0,0344","1,38","0,2006","1,64","0,0311","0,2709","0,5216",0,0,"0,0324","0,0335","0,1105","0,7925","0,0324","0,283","0,5412",0,0,"0,033","0,034","0,0765","0,8241","0,0154","0,018","0,0845",0,0,"0,0192","0,0171","0,8458","0,1025","0,2778","0,2653","217,28","227,33",,
tienda_trim,4534,,REFRIGERADO,Veterana,78,373,33.306,"88,67","0,5862","4,42","9,11",0,0,"0,5422","2,39","2,86","13,53","19,91","0,5862","4,4","9,07",0,0,"0,5422","2,39","2,41","13,47","19,39",0,"0,0161","0,0438",0,0,0,0,"0,4543","0,0599","0,5142","0,0298","0,2214","0,4604",0,0,"0,0276","0,1179","0,1429","0,6818","0,0305","0,2264","0,4691",0,0,"0,0282","0,1208","0,1249","0,6956",0,"0,0261","0,1111",0,0,0,0,"0,8628","0,1372","0,2261","0,2203","268,65","275,73",,
tienda_trim,4534,,CONGELADO,Veterana,78,324,12.702,"39,02","0,5884","2,13","4,9",0,0,"0,5384","1,93","2,74","7,03","12,82","0,5642","2,13","4,9",0,0,"0,5208","1,9","2,23","7,03","12,24","0,0242",0,0,0,0,"0,0176","0,0317","0,502",0,"0,5755","0,0465","0,1647","0,383",0,0,"0,0416","0,1511","0,2131","0,5478","0,0468","0,172","0,3998",0,0,"0,0424","0,1556","0,1832","0,5718","0,05",0,0,0,0,"0,05","0,05","0,85",0,"0,3348","0,3185","184,63","192,6",,
tienda_trim,4534,,FRESCOS,Veterana,78,354,20.124,"56,66","0,7454",0,0,"12,77","0,9219","0,5945","3,03","4,5","12,77","22,56","0,7454",0,0,"12,7","0,8736","0,5945","2,98","2,83","12,7","20,72",0,0,0,"0,0663","0,0483",0,"0,0558","1,67","0,0663","1,84","0,0334",0,0,"0,5705","0,0415","0,0266","0,1353","0,1928","0,5705","0,036",0,0,"0,6133","0,0425","0,0288","0,1439","0,1356","0,6133",0,0,0,"0,0416","0,0233",0,"0,0324","0,9027","0,0416","0,4014","0,3688","154,74","166,75",,
tienda_trim,4534,,FYV,Veterana,78,272,14.098,"51,94","0,8967",0,0,"6,03","2,71","0,9623","2,6","3,08","6,03","16,28","0,8967",0,0,"5,96","2,71","0,9623","2,53","2,37","5,96","15,43",0,0,0,"0,0603",0,0,"0,0787","0,7103","0,0603","0,8493","0,0556",0,0,"0,3715","0,1661","0,0606","0,1609","0,1853","0,3715","0,0584",0,0,"0,3862","0,174","0,0634","0,1637","0,1542","0,3862",0,0,0,"0,1304",0,0,"0,0841","0,7854","0,1304","0,3243","0,3071","194,11","203,88",,
tienda_trim,4534,,HORNO,Veterana,78,169,2.131,"12,63","0,4936","1,19","1,91",0,0,"1,46","3,7","0,1532","3,1","8,91","0,4521","1,19","1,82",0,0,"1,42","3,61","0,1114","3,02","8,61","0,0415",0,"0,0881",0,0,"0,0407","0,0896","0,0418","0,0881","0,3018","0,057","0,1313","0,2068",0,0,"0,1768","0,412","0,016","0,3381","0,0546","0,1346","0,2048",0,0,"0,1768","0,4158","0,0133","0,3394","0,0957",0,"0,3333",0,0,"0,1667","0,2376","0,1667","0,3333","0,76","0,7353","86,43","89,64",,
tienda_trim,4534,,PENDIENTES,Veterana,78,275,2.849,"9,47","0,4404","1,11","2,67",0,"0,0181","0,4325","2,09","1,48","3,78","8,24","0,3952","1,09","2,49",0,"0,0181","0,3967","2,09","0,9553","3,58","7,44","0,0452","0,0155","0,1859",0,0,"0,0357",0,"0,5264","0,2014","0,8088","0,0568","0,1333","0,3212",0,"0,0038","0,057","0,2554","0,1726","0,4544","0,0561","0,142","0,3268",0,"0,0038","0,0595","0,2794","0,1323","0,4688","0,0694","0,0476","0,1905",0,0,"0,0476",0,"0,6449","0,2381","1,03","0,9311","73,92","81,36",,
tienda_trim,4544,,GLOBAL,Liebre,77,,576.467,,,,,,,,,,,,,,,,,,,,,,,,,,,,,,,,,,,,,,,,,,,,,,,,,,,,,,,,,,,,,,,"0,3143","0,304"
tienda_trim,4544,,SECOS,Veterana,77,2.141,326.088,"151,5","0,9832","13,28","24,38",0,0,"0,7377","0,9691","4,5","37,66","44,85","0,9805","13,26","24,33",0,0,"0,7377","0,9586","2,79","37,59","43,06","0,0027","0,0138","0,0503",0,0,0,"0,0105","1,71","0,0641","1,79","0,022","0,2957","0,5437",0,0,"0,0164","0,0217","0,1006","0,8394","0,0228","0,3076","0,5653",0,0,"0,0171","0,0223","0,065","0,8728","0,0018","0,0071","0,0284",0,0,0,"0,0051","0,9575","0,0356","0,2967","0,2849","202,9","211,35",,
tienda_trim,4544,,REFRIGERADO,Veterana,77,864,96.131,"110,87","0,9041","7,91","13,3",0,0,"1,18","2,55","3,67","21,21","29,53","0,9041","7,9","13,27",0,0,"1,18","2,55","2,87","21,17","28,66",0,"0,0115","0,0319",0,0,"0,0087","0,0061","0,8042","0,0434","0,8624","0,0306","0,2674","0,4506",0,0,"0,0401","0,0863","0,125","0,718","0,0315","0,2753","0,463",0,0,"0,041","0,0887","0,1006","0,7383",0,"0,0067","0,0399",0,0,"0,005","0,0034","0,9451","0,0466","0,2671","0,2594","225,63","232,65",,
tienda_trim,4544,,CONGELADO,Veterana,77,722,37.881,"52,23","0,8936","3,91","7,74",0,0,"0,9037","2,16","2,92","11,64","18,53","0,8936","3,91","7,74",0,0,"0,9037","2,16","2,6","11,64","18,2",0,0,0,0,0,0,0,"0,3268",0,"0,3268","0,0485","0,2105","0,4174",0,0,"0,0486","0,1172","0,1578","0,6279","0,0493","0,2142","0,4246",0,0,"0,0494","0,1193","0,1432","0,6388",0,0,0,0,0,0,0,1,0,"0,3578","0,3516","169,45","172,4",,
tienda_trim,4544,,FRESCOS,Veterana,77,798,60.665,"75,85","0,9335",0,0,"18,09","1,44","1,33","4,15","3,19","18,09","29,14","0,9154",0,0,"18,08","1,44","1,31","4,15","2,51","18,08","28,41","0,018",0,0,"0,007",0,"0,0162",0,"0,6839","0,007","0,7252","0,0321",0,0,"0,6207","0,049","0,0457","0,1426","0,1099","0,6207","0,0323",0,0,"0,6362","0,0503","0,0463","0,1463","0,0886","0,6362","0,0228",0,0,"0,0213",0,"0,0426",0,"0,9134","0,0213","0,3853","0,3757","156,6","160,58",,
tienda_trim,4544,,FYV,Veterana,77,585,43.635,"74,45","1,39",0,0,"10,96","4,98","0,9521","3,78","2,98","10,96","25,04","1,39",0,0,"10,93","4,96","0,9521","3,78","2,48","10,93","24,5",0,0,0,"0,0286","0,021",0,0,"0,4912","0,0286","0,5409","0,056",0,0,"0,4369","0,1988","0,0382","0,1514","0,1187","0,4369","0,0572",0,0,"0,4451","0,2021","0,039","0,1545","0,102","0,4451",0,0,0,"0,052","0,069",0,0,"0,879","0,052","0,3415","0,3341","178,14","181,99",,
tienda_trim,4544,,HORNO,Veterana,77,405,9.605,"23,74","0,2639","1,03","1,98",0,0,"0,748","4,25","0,3367","3,01","8,6","0,2639","1,03","1,98",0,0,"0,748","4,25","0,3015","3,01","8,57",0,0,0,0,0,0,0,"0,0352",0,"0,0352","0,0311","0,1189","0,2304",0,0,"0,0869","0,4948","0,0379","0,3493","0,0311","0,1191","0,2308",0,0,"0,0874","0,4962","0,0353","0,3499",0,0,0,0,0,0,0,1,0,"0,3688","0,3671","167,16","167,46",,
tienda_trim,4544,,PENDIENTES,Veterana,77,423,2.457,"5,55","0,964","1,26","1,29",0,"0,0017","0,5888","2,07","2,98","2,55","9,15","0,9214","1,25","1,22",0,"0,0017","0,5888","2,07","1,88","2,46","7,93","0,0426","0,0128","0,0762",0,0,0,0,"1,09","0,089","1,23","0,1106","0,132","0,1281",0,"0,0003","0,068","0,2191","0,3419","0,2601","0,1214","0,1531","0,1384",0,"0,0003","0,0777","0,2552","0,2539","0,2915","0,0476","0,011","0,0376",0,0,0,0,"0,9038","0,0486","1,85","1,6","36,88",43,,
tienda_trim,4556,,GLOBAL,Liebre,76,,193.071,,,,,,,,,,,,,,,,,,,,,,,,,,,,,,,,,,,,,,,,,,,,,,,,,,,,,,,,,,,,,,,"0,297","0,2789"
tienda_trim,4556,,SECOS,Veterana,76,755,104.110,"136,24","1,22","11,34","19,96",0,0,"0,8846","0,8325","4,33","31,3","38,58","1,19","11,34","19,67",0,0,"0,8846","0,8107","2,73","31,01","36,62","0,0347",0,"0,289",0,0,0,"0,0219","1,61","0,289","1,95","0,0318","0,2932","0,5173",0,0,"0,023","0,0215","0,1132","0,8105","0,0325","0,3085","0,537",0,0,"0,0241","0,0221","0,0758","0,8455","0,0133",0,"0,1286",0,0,0,"0,0084","0,8497","0,1286","0,2859","0,2716","211,92","223,28",,
tienda_trim,4556,,REFRIGERADO,Veterana,76,340,39.778,"112,02","0,9758","5,7","9,56",0,0,"0,9487","2,08","3,44","15,26","22,7","0,8649","5,7","9,27",0,0,"0,9487","2,08","2,09","14,97","20,95","0,1109",0,"0,2915",0,0,0,0,"1,35","0,2915","1,75","0,0421","0,2512","0,4209",0,0,"0,0424","0,0916","0,1518","0,6721","0,0411","0,2706","0,4411",0,0,"0,0458","0,0992","0,1022","0,7118","0,0321",0,"0,132",0,0,0,0,"0,8359","0,132","0,2344","0,2175","301,91","327,69",,
tienda_trim,4556,,CONGELADO,Veterana,76,301,13.459,"43,47","1,06","2,81","6,11",0,0,"0,7495","1,7","3,72","8,93","16,15","0,8408","2,81","6,07",0,0,"0,7495","1,7","2,74","8,88","14,91","0,2153",0,"0,0425",0,0,0,0,"0,9851","0,0425","1,24","0,067","0,1725","0,3742",0,0,"0,0469","0,1061","0,2332","0,5467","0,0572","0,1856","0,4031",0,0,"0,0508","0,1143","0,189","0,5887","0,1075",0,"0,0216",0,0,0,0,"0,871","0,0216","0,3864","0,3596","165,28","182,76",,
tienda_trim,4556,,FRESCOS,Veterana,76,298,17.924,"59,81","0,957",0,0,"13,92","1,22","0,9858","3,68","4,39","13,92","25,15","0,9371",0,0,"13,86","1,22","0,9858","3,66","2,13","13,86","22,78","0,0199",0,0,"0,0617",0,0,"0,0193","2,26","0,0617","2,36","0,0386",0,0,"0,5527","0,0472","0,0403","0,1475","0,1737","0,5527","0,0416",0,0,"0,605","0,0518","0,0444","0,1613","0,0958","0,605","0,0039",0,0,"0,0345",0,0,"0,02","0,9416","0,0345","0,4299","0,3885","143,45","157,75",,
tienda_trim,4556,,FYV,Veterana,76,242,14.050,"58,28","1,2",0,0,"7,33","3,63","1,04","3,11","2,44","7,33","18,75","1,2",0,0,"7,3","3,61","1,04","3,11","1,87","7,3","18,12",0,0,0,"0,031","0,0218",0,0,"0,5736","0,031","0,6264","0,0644",0,0,"0,3879","0,1932","0,0566","0,1679","0,13","0,3879","0,0675",0,0,"0,3989","0,1985","0,0586","0,1731","0,1033","0,3989",0,0,0,"0,0667","0,0667",0,0,"0,8667","0,0667","0,3362","0,3227","186,08","191,96",,
tienda_trim,4556,,HORNO,Veterana,76,173,2.678,"15,5","0,6201","1,19","2,07",0,0,"0,4415","1,59","0,0725","3,26","5,98","0,5688","1,19","2,02",0,0,"0,4082","1,59","0,0725","3,21","5,85","0,0513",0,"0,0486",0,0,"0,0333",0,0,"0,0486","0,1331","0,109","0,1914","0,3466",0,0,"0,0715","0,2695","0,012","0,538","0,1047","0,1936","0,3487",0,0,"0,0686","0,2722","0,0122","0,5422","0,3333",0,"0,3333",0,0,"0,3333",0,0,"0,3333","0,3983","0,3925","166,08","168,05",,
tienda_trim,4556,,PENDIENTES,Veterana,75,122,1.068,"9,24","0,5951","0,6858","1,6",0,0,"0,7504","2,77","2,89","2,29","9,29","0,5951","0,6858","1,48",0,0,"0,7504","2,77","1,61","2,16","7,88",0,0,"0,1279",0,0,0,0,"1,28","0,1279","1,41","0,0677","0,0687","0,151",0,0,"0,0933","0,3128","0,3066","0,2197","0,076","0,0804","0,1649",0,0,"0,1066","0,3627","0,2095","0,2453",0,0,"0,1",0,0,0,0,"0,9","0,1","1,28","1,1","61,3","72,91",,
tienda_trim,4558,,GLOBAL,Liebre,76,,336.749,,,,,,,,,,,,,,,,,,,,,,,,,,,,,,,,,,,,,,,,,,,,,,,,,,,,,,,,,,,,,,,"0,3044","0,2934"
tienda_trim,4558,,SECOS,Veterana,76,1.327,197.290,"148,86","1,12","12,54","24,04",0,0,"1,36","1,56","2,78","36,58","43,41","0,9525","12,21","23,04",0,0,"1,3","1,55","2,08","35,25","41,13","0,171","0,3291","0,9934",0,0,"0,0693","0,013","0,7036","1,32","2,28","0,026","0,2878","0,5539",0,0,"0,0317","0,0361","0,0644","0,8418","0,0234","0,2963","0,5597",0,0,"0,0317","0,0378","0,0512","0,8559","0,1026","0,0897","0,4171",0,0,"0,0269","0,0064","0,3573","0,5068","0,2944","0,2794","206,52","218,2",,
tienda_trim,4558,,REFRIGERADO,Veterana,76,498,50.017,"98,59","1,13","6,22","9,14",0,0,"1,27","2,17","2,36","15,36","22,3","1,12","6,22","9,14",0,0,"1,26","2,16","2,01","15,36","21,91","0,0137",0,0,0,0,"0,0122","0,0134","0,3543",0,"0,3935","0,0515","0,2779","0,4096",0,0,"0,0576","0,0977","0,1057","0,6875","0,0517","0,2825","0,4167",0,0,"0,058","0,0986","0,0925","0,6992","0,0234",0,0,0,0,"0,0455","0,0455","0,8857",0,"0,2275","0,2238","265,37","269,79",,
tienda_trim,4558,,CONGELADO,Veterana,76,420,17.879,"41,81","0,8432","2,91","6,18",0,0,"0,5999","2,06","1,75","9,09","14,34","0,8286","2,91","6,17",0,0,"0,5999","2,06","1,69","9,07","14,25","0,0146",0,"0,0147",0,0,0,0,"0,0565","0,0147","0,0858","0,0591","0,2014","0,4296",0,0,"0,0426","0,1448","0,1225","0,631","0,0586","0,2025","0,4312",0,0,"0,0429","0,1455","0,1194","0,6337","0,25",0,"0,25",0,0,0,0,"0,5","0,25","0,347","0,345","174,64","175,67",,
tienda_trim,4558,,FRESCOS,Veterana,76,486,35.342,"71,63","1,6",0,0,"18,01","0,9819","0,5753","3,28","2,08","18,01","26,52","1,45",0,0,"17,95","0,9819","0,5753","3,28","1,93","17,95","26,16","0,1495",0,0,"0,06",0,0,0,"0,1524","0,06","0,362","0,0606",0,0,"0,6779","0,0369","0,0221","0,1247","0,0778","0,6779","0,0561",0,0,"0,6843","0,0374","0,0224","0,1263","0,0736","0,6843","0,4",0,0,"0,1422",0,0,0,"0,4578","0,1422","0,3734","0,3683","162,8","164,83",,
tienda_trim,4558,,FYV,Veterana,76,394,28.550,"71,17","1,35",0,0,"10,62","3,74","1,07","2,73","2,87","10,62","22,37","1,29",0,0,"10,62","3,74","1,07","2,73","2,21","10,62","21,65","0,0576",0,0,0,0,0,0,"0,658",0,"0,7157","0,0613",0,0,"0,4742","0,1659","0,0475","0,1225","0,1285","0,4742","0,0608",0,0,"0,4895","0,1713","0,049","0,126","0,1034","0,4895","0,0903",0,0,0,0,0,0,"0,9097",0,"0,328","0,3175","190,58","196,67",,
tienda_trim,4558,,HORNO,Veterana,76,279,6.136,"21,48","1,51","1,59","1,67",0,0,"1,5","4,7","0,4393","3,26","11,41","1,51","1,59","1,67",0,0,"1,5","4,58","0,4393","3,26","11,3",0,0,0,0,0,0,"0,1176",0,0,"0,1176","0,1347","0,1379","0,1451",0,0,"0,1355","0,4089","0,0379","0,2831","0,1357","0,1391","0,1459",0,0,"0,1362","0,4051","0,0382","0,2849",0,0,0,0,0,0,1,0,0,"0,5564","0,5501","114,34","114,9",,
tienda_trim,4558,,PENDIENTES,Veterana,76,202,1.532,"7,07","1,17","1,48","1,44",0,"0,0025","0,5373","2,33","2,37","2,91","9,33","1,17","1,46","1,44",0,"0,0025","0,5373","2,33","1,63","2,9","8,57",0,"0,0164",0,0,0,0,0,"0,7451","0,0164","0,7615","0,1432","0,1421","0,1378",0,"0,0004","0,0778","0,2355","0,2631","0,2799","0,1547","0,1525","0,1456",0,"0,0004","0,0863","0,2565","0,204","0,2981",0,"0,0239",0,0,0,0,0,"0,9761","0,0239","1,75","1,62","45,46","49,81",,
tienda_trim,4631,,GLOBAL,Liebre,78,,114.843,,,,,,,,,,,,,,,,,,,,,,,,,,,,,,,,,,,,,,,,,,,,,,,,,,,,,,,,,,,,,,,"0,3095","0,3019"
tienda_trim,4631,,SECOS,No veterana,78,474,67.833,"141,81","0,5854","12,27","20,01",0,0,"1,38","1,22","3,76","32,28","39,23","0,5854","12,24","19,96",0,0,"1,37","1,22","3,15","32,2","38,53",0,"0,0329","0,0542",0,0,"0,0129",0,"0,6044","0,0871","0,7044","0,0147","0,3115","0,5092",0,0,"0,0352","0,0311","0,0981","0,8208","0,015","0,3162","0,5169",0,0,"0,0354","0,0317","0,0847","0,8332",0,"0,0337","0,0756",0,0,"0,0323",0,"0,8585","0,1092","0,2789","0,2738","219,67","223,39",,
tienda_trim,4631,,REFRIGERADO,No veterana,78,240,19.705,"83,91","0,3977","6,67","8,61",0,0,"0,9313","2,57","3,09","15,28","22,27","0,3977","6,67","8,61",0,0,"0,9313","2,57","2,65","15,28","21,83",0,0,0,0,0,0,0,"0,4407",0,"0,4407","0,0187","0,2958","0,3864",0,0,"0,0426","0,1152","0,1413","0,6823","0,0191","0,3011","0,3937",0,0,"0,0435","0,1174","0,1252","0,6948",0,0,0,0,0,0,0,1,0,"0,2668","0,2611","232,47","236,41",,
tienda_trim,4631,,CONGELADO,No veterana,78,176,6.252,"35,7","0,3562","3,01","4,85",0,0,1,"2,1","3,5","7,86","14,81","0,3562","3,01","4,85",0,0,"0,9727","2,1","2,91","7,86","14,19",0,0,0,0,0,"0,0281",0,"0,5919",0,"0,62","0,0261","0,1999","0,3255",0,0,"0,0677","0,1435","0,2373","0,5254","0,0269","0,2072","0,338",0,0,"0,0682","0,1486","0,2111","0,5451",0,0,0,0,0,"0,0769",0,"0,9231",0,"0,4284","0,411","148,68","153,54",,
tienda_trim,4631,,FRESCOS,No veterana,78,209,9.407,"45,29","0,5826",0,0,"11,59","0,6314","0,9991","3,39","2,88","11,59","20,07","0,5826",0,0,"11,52","0,6314","0,9676","3,39","2,59","11,52","19,68",0,0,0,"0,0705",0,"0,0315",0,"0,2889","0,0705","0,3909","0,029",0,0,"0,5785","0,0303","0,049","0,1669","0,1464","0,5785","0,0295",0,0,"0,5851","0,0307","0,0486","0,1699","0,1362","0,5851",0,0,0,"0,2",0,"0,1",0,"0,7","0,2","0,4525","0,4437","140,08","142,02",,
tienda_trim,4631,,FYV,No veterana,78,164,9.484,"58,11","0,9685",0,0,"6,75","3,42","1,45","3,06","2,82","6,75","18,48","0,9685",0,0,"6,75","3,33","1,45","3,06","2,28","6,75","17,85",0,0,0,0,"0,0909",0,0,"0,5358",0,"0,6268","0,0554",0,0,"0,3625","0,1825","0,0817","0,1638","0,1542","0,3625","0,0575",0,0,"0,3727","0,184","0,0843","0,1698","0,1317","0,3727",0,0,0,0,"0,1504",0,0,"0,8496",0,"0,3391","0,3254","191,01","195,91",,
tienda_trim,4631,,HORNO,No veterana,78,149,1.628,"10,99","0,4665","0,8994","1,38",0,0,"1,19","2,63","1,31","2,28","7,87","0,4665","0,8994","1,33",0,0,"1,12","2,63","0,5883","2,23","7,04",0,0,"0,0533",0,0,"0,0627",0,"0,7201","0,0533","0,8362","0,0662","0,1195","0,1594",0,0,"0,1712","0,3486","0,135","0,279","0,0691","0,1275","0,1686",0,0,"0,1771","0,3705","0,0873","0,2961",0,0,"0,0909",0,0,"0,0909",0,"0,8182","0,0909","0,7803","0,697","95,33","100,7",,
tienda_trim,4631,,PENDIENTES,No veterana,69,107,533,"5,12","0,3011","0,586","0,4062",0,"0,0314","0,5444","1,08","1,61","0,9922","4,56","0,3011","0,4852","0,4062",0,"0,0314","0,5444","1,08","1,51","0,8914","4,36",0,"0,1007",0,0,0,0,0,"0,0979","0,1007","0,1987","0,0686","0,0988","0,0624",0,"0,0076","0,1554","0,2438","0,3632","0,1612","0,0736","0,0914","0,0624",0,"0,0076","0,1609","0,2473","0,3568","0,1538",0,"0,5",0,0,0,0,0,"0,5","0,5","1,37","1,31","72,87","75,67",,
tienda_trim,4641,,GLOBAL,Liebre,77,,72.790,,,,,,,,,,,,,,,,,,,,,,,,,,,,,,,,,,,,,,,,,,,,,,,,,,,,,,,,,,,,,,,"0,2646","0,2531"
tienda_trim,4641,,SECOS,Veterana,77,289,41.361,"142,84","0,4314","10,14","19,03",0,0,"0,4392","0,4809","4,07","29,16","34,58","0,3684","10,1",19,0,0,"0,4392","0,4809","2,75","29,1","33,14","0,063","0,0364","0,0217",0,0,0,0,"1,32","0,0581","1,44","0,0136","0,2939","0,5462",0,0,"0,0133","0,0144","0,1186","0,8401","0,0116","0,3046","0,5709",0,0,"0,0141","0,015","0,0837","0,8755","0,0278","0,0278","0,0124",0,0,0,0,"0,932","0,0402","0,2439","0,2336","249,06","261,5",,
tienda_trim,4641,,REFRIGERADO,Veterana,77,138,12.323,"89,6","0,3521","5,72","9,68",0,0,"0,6291","1,07","3,63","15,41","21,09","0,3521","5,72","9,68",0,0,"0,5847","1,07","2,44","15,41","19,85",0,0,0,0,0,"0,0444",0,"1,19",0,"1,24","0,0171","0,273","0,4597",0,0,"0,0305","0,0511","0,1686","0,7326","0,0192","0,2847","0,4908",0,0,"0,0296","0,0533","0,1224","0,7756",0,0,0,0,0,"0,0219",0,"0,9781",0,"0,2393","0,226","256,54","272,84",,
tienda_trim,4641,,CONGELADO,Veterana,77,109,4.158,"40,29","0,318","3,02","5,28",0,0,"0,6265","1,6","4,05","8,3","14,9","0,318","3,02","5,28",0,0,"0,6265","1,6","2,92","8,3","13,76",0,0,0,0,0,0,0,"1,13",0,"1,13","0,0226","0,2002","0,3509",0,0,"0,0448","0,1083","0,2732","0,5511","0,0269","0,2118","0,3843",0,0,"0,0463","0,1156","0,215","0,5961",0,0,0,0,0,0,0,1,0,"0,3831","0,3572","162,59","177,63",,
tienda_trim,4641,,FRESCOS,Veterana,77,125,6.865,"56,98","0,5144",0,0,"11,63","0,6767","0,6635","3,23","1,7","11,63","18,41","0,5144",0,0,"11,63","0,6767","0,6635","3,23","1,42","11,63","18,14",0,0,0,0,0,0,0,"0,2728",0,"0,2728","0,0286",0,0,"0,6304","0,0354","0,0371","0,1771","0,0914","0,6304","0,0296",0,0,"0,638","0,0358","0,038","0,1801","0,0785","0,638",0,0,0,0,0,0,0,1,0,"0,3369","0,3313","185,49","188,04",,
tienda_trim,4641,,FYV,Veterana,77,89,5.727,"65,82","0,6717",0,0,"7,37","4,39","0,8078","2,27","3,13","7,37","18,64","0,6717",0,0,"7,37","4,39","0,8078","2,27","2,37","7,37","17,88",0,0,0,0,0,0,0,"0,758",0,"0,758","0,041",0,0,"0,3811","0,2285","0,0459","0,1219","0,1816","0,3811","0,0429",0,0,"0,4002","0,2386","0,0481","0,1266","0,1436","0,4002",0,0,0,0,0,0,0,1,0,"0,3144","0,3021","206,23","217,34",,
tienda_trim,4641,,HORNO,Veterana,77,82,1.591,"19,5","0,3216","1,41","1,84",0,0,"0,4197","2,25","1,81","3,25","8,05","0,3216","1,41","1,84",0,0,"0,4197","2,25","0,8096","3,25","7,05",0,0,0,0,0,0,0,1,0,1,"0,0552","0,1847","0,234",0,0,"0,0661","0,3082","0,1519","0,4187","0,0594","0,1937","0,2484",0,0,"0,0687","0,329","0,1009","0,4421",0,0,0,0,0,0,0,1,0,"0,4644","0,3967","164,73","177,13",,
tienda_trim,4641,,PENDIENTES,Veterana,74,76,765,"9,76","0,3545","0,7768","0,8524",0,0,"0,2458","1,44","0,0957","1,63","3,76","0,3545","0,7768","0,8524",0,0,"0,2458","1,44","0,0957","1,63","3,76",0,0,0,0,0,0,0,0,0,0,"0,11","0,1868","0,1753",0,0,"0,1042","0,4019","0,0218","0,3621","0,11","0,1868","0,1753",0,0,"0,1042","0,4019","0,0218","0,3621",,,,,,,,,,"0,5251","0,5251","197,19","197,19",,
tienda_trim,4661,,GLOBAL,Liebre,78,,400.900,,,,,,,,,,,,,,,,,,,,,,,,,,,,,,,,,,,,,,,,,,,,,,,,,,,,,,,,,,,,,,,"0,3106","0,2876"
tienda_trim,4661,,SECOS,Veterana,78,1.455,216.397,"147,82","0,8362","12,12","25,14",0,"0,0003","0,6414","1,03","5,04","37,25","44,8","0,8291","12,11","24,91",0,"0,0003","0,6382","0,9844","2,53","37,02",42,"0,0071","0,0054","0,224",0,0,"0,0032","0,0411","2,52","0,2294","2,8","0,0187","0,2701","0,5611",0,0,"0,0142","0,0227","0,1131","0,8312","0,0197","0,2882","0,5932",0,0,"0,0151","0,0232","0,0605","0,8815","0,0021","0,0013","0,0668",0,0,"0,001","0,0104","0,9185","0,0682","0,304","0,2849","198,09","211,27",,
tienda_trim,4661,,REFRIGERADO,Veterana,78,617,65.030,"104,89","0,5376","6,78","12,84",0,0,"0,6991","2,02","4,67","19,61","27,54","0,5376","6,78","12,73",0,0,"0,6991","2,01","2,39","19,51","25,15",0,0,"0,1013",0,0,0,"0,0117","2,28","0,1013","2,39","0,0193","0,2453","0,4673",0,0,"0,0252","0,0729","0,17","0,7126","0,0211","0,2688","0,5082",0,0,"0,0275","0,0793","0,0951","0,7769",0,0,"0,0439",0,0,0,"0,0075","0,9486","0,0439","0,2633","0,2404","229,59","251,63",,
tienda_trim,4661,,CONGELADO,Veterana,78,511,25.468,"49,6","0,48","3,52","8,16",0,0,"0,4557","1,76","4,27","11,68","18,65","0,48","3,52","8,07",0,0,"0,4382","1,75","1,58","11,6","15,84",0,0,"0,0823",0,0,"0,0175","0,016","2,69","0,0823","2,81","0,0258","0,188","0,4381",0,0,"0,0245","0,0949","0,2287","0,6261","0,0307","0,2217","0,5117",0,0,"0,0275","0,1102","0,0983","0,7333",0,0,"0,0317",0,0,"0,0046","0,0042","0,9596","0,0317","0,3796","0,3219","160,03","188,63",,
tienda_trim,4661,,FRESCOS,Veterana,78,589,46.286,"78,43","0,5315",0,0,"19,04","1,27","0,959","3,04","5,48","19,04","30,33","0,5315",0,0,"19,02","1,25","0,9461","3,04","2,38","19,02","27,18",0,0,0,"0,0224","0,0184","0,0129",0,"3,09","0,0224","3,15","0,0176",0,0,"0,6284","0,0418","0,0317","0,1006","0,1798","0,6284","0,0195",0,0,"0,7004","0,0458","0,0348","0,1118","0,0876","0,7004",0,0,0,"0,008","0,0135","0,0019",0,"0,9766","0,008","0,3885","0,3483","155,9","173,81",,
tienda_trim,4661,,FYV,Veterana,78,483,39.170,"81,21","0,7807",0,0,"10,68","4,91","0,7354","2,14","3,53","10,68","22,78","0,7807",0,0,"10,62","4,85","0,7354","2,14","2,57","10,62","21,71",0,0,0,"0,0636","0,0551",0,0,"0,959","0,0636","1,08","0,0345",0,0,"0,4682","0,2155","0,0326","0,0942","0,155","0,4682","0,0361",0,0,"0,4882","0,2231","0,0341","0,0987","0,1198","0,4882",0,0,0,"0,0417","0,0652",0,0,"0,8931","0,0417","0,2837","0,2704","215,59","225,54",,
tienda_trim,4661,,HORNO,Veterana,78,330,8.023,"24,66","0,2383","1,21","1,94",0,0,"0,4846","3,23","0,7699","3,15","7,87","0,2383","1,21","1,92",0,0,"0,4846","3,23","0,7022","3,13","7,78",0,0,"0,0168",0,0,0,0,"0,0678","0,0168","0,0846","0,0299","0,1536","0,2446",0,0,"0,062","0,4108","0,0991","0,3982","0,0302","0,155","0,2449",0,0,"0,0627","0,4153","0,0919","0,3999",0,0,"0,25",0,0,0,0,"0,75","0,25","0,3266","0,3227","192,81","194,77",,
tienda_trim,4661,,PENDIENTES,Veterana,72,135,515,"3,75","0,4766","0,3333","0,4886",0,0,"0,2821","0,8273","3,88","0,8219","6,29","0,4766","0,3333","0,4421",0,0,"0,2821","0,8273","2,16","0,7754","4,53",0,0,"0,0465",0,0,0,0,"1,72","0,0465","1,76","0,0862","0,0668","0,0709",0,0,"0,0527","0,1311","0,5922","0,1377","0,1189","0,0936","0,0943",0,0,"0,0799","0,1847","0,4286","0,1879",0,0,"0,04",0,0,0,0,"0,96","0,04","2,52","1,81","38,12","61,59",,
tienda_trim,4678,,GLOBAL,Liebre,78,,235.097,,,,,,,,,,,,,,,,,,,,,,,,,,,,,,,,,,,,,,,,,,,,,,,,,,,,,,,,,,,,,,,"0,2944","0,2873"
tienda_trim,4678,,SECOS,No veterana,78,806,129.392,"160,61","1,73","13,73","22,44",0,0,"0,9855","1,06","3,65","36,18","43,61","1,7","13,71","22,28",0,0,"0,9855","1,06","2,64","35,99","42,37","0,035","0,0269","0,1595",0,0,0,0,"1,02","0,1863","1,24","0,0399","0,3151","0,5139",0,0,"0,0227","0,0244","0,084","0,829","0,0403","0,3231","0,5255",0,0,"0,0233","0,0251","0,0625","0,8487","0,017","0,0154","0,0677",0,0,0,0,"0,8998","0,0832","0,2728","0,265","220,92","227,43",,
tienda_trim,4678,,REFRIGERADO,No veterana,78,388,41.690,"107,39","0,6905","7,85","10,35",0,0,"0,969","2,12","2,78","18,2","24,76","0,6905","7,85","10,32",0,0,"0,969","2,12","2,77","18,17","24,72",0,0,"0,0237",0,0,0,0,"0,0165","0,0237","0,0402","0,0277","0,3152","0,419",0,0,"0,0394","0,0854","0,1133","0,7342","0,0278","0,3157","0,4188",0,0,"0,0394","0,0855","0,1128","0,7344",0,0,"0,5",0,0,0,0,"0,5","0,5","0,2313","0,231","260,6","261,1",,
tienda_trim,4678,,CONGELADO,No veterana,78,344,19.304,"56,09","0,8914","4,6","6,88",0,0,"1,11","2,44","3,44","11,48","19,36","0,8431","4,58","6,84",0,0,"1,11","2,4","2,98","11,43","18,76","0,0484","0,0193","0,0378",0,0,0,"0,0334","0,4645","0,0571","0,6034","0,0462","0,2362","0,3564",0,0,"0,0581","0,1256","0,1776","0,5926","0,0454","0,2424","0,3648",0,0,"0,0598","0,1278","0,1598","0,6071","0,0699","0,0237","0,1",0,0,0,"0,0313","0,7751","0,1237","0,3487","0,3385","174,34","179,55",,
tienda_trim,4678,,FRESCOS,No veterana,78,344,24.107,"70,42","1,19",0,0,"17,25","1,22","1,1","4,9","2,79","17,25","28,45","1,16",0,0,"17,13","1,2","1,1","4,82","2,21","17,13","27,63","0,0253",0,0,"0,1195","0,0156",0,"0,0789","0,582","0,1195","0,8214","0,0423",0,0,"0,6057","0,0425","0,0393","0,1722","0,098","0,6057","0,0427",0,0,"0,6189","0,0429","0,0403","0,1743","0,0809","0,6189","0,0333",0,0,"0,1009","0,0333",0,"0,1","0,7324","0,1009","0,4082","0,3969","148,89","153,2",,
tienda_trim,4678,,FYV,No veterana,78,262,15.675,"60,02","1,52",0,0,"7,8","4,09","1,33","3,85","1,93","7,8","20,52","1,52",0,0,"7,61","3,98","1,33","3,8","1,67","7,61","19,92",0,0,0,"0,1868","0,1068",0,"0,0468","0,2584","0,1868","0,5988","0,0757",0,0,"0,3784","0,1971","0,0661","0,187","0,0957","0,3784","0,0781",0,0,"0,3795","0,1982","0,0677","0,1901","0,0865","0,3795",0,0,0,"0,4069","0,142",0,"0,0625","0,3885","0,4069","0,3574","0,347","176,16","181,05",,
tienda_trim,4678,,HORNO,No veterana,78,196,3.972,"20,38","0,6402","1,84","1,48",0,0,"1,01","3,04","0,1639","3,32","8,18","0,6402","1,84","1,48",0,0,"1,01","3,04","0,1639","3,32","8,18",0,0,0,0,0,0,0,0,0,0,"0,0737","0,2193","0,177",0,0,"0,1298","0,3787","0,0216","0,3963","0,0737","0,2193","0,177",0,0,"0,1298","0,3787","0,0216","0,3963",,,,,,,,,,"0,4175","0,4175","151,86","151,86",,
tienda_trim,4678,,PENDIENTES,No veterana,78,125,957,"8,46","0,8545","1,23","1,58",0,0,"0,7118","3,24","1,95","2,81","9,57","0,8545","1,14","1,36",0,0,"0,7118","3,24","1,76","2,5","9,08",0,"0,0889","0,2151",0,0,0,0,"0,1854","0,304","0,4894","0,1049","0,1172","0,1266",0,0,"0,0885","0,3141","0,2487","0,2438","0,1091","0,115","0,1192",0,0,"0,0984","0,3232","0,235","0,2342",0,"0,1429","0,4286",0,0,0,0,"0,4286","0,5714","1,97","1,8","52,69","54,44",,
tienda_trim,4694,,GLOBAL,Liebre,78,,234.416,,,,,,,,,,,,,,,,,,,,,,,,,,,,,,,,,,,,,,,,,,,,,,,,,,,,,,,,,,,,,,,"0,3011","0,2503"
tienda_trim,4694,,SECOS,Veterana,78,850,128.151,"148,88","0,4348","8,33","26,49",0,0,"0,3342","0,5197","7,7","34,81","43,8","0,4139","8,32","25,96",0,0,"0,3249","0,5027","1,09","34,28","36,61","0,0208","0,0053","0,5274",0,0,"0,0092","0,017","6,61","0,5327","7,19","0,01","0,1892","0,6052",0,0,"0,0078","0,012","0,1759","0,7944","0,0114","0,2264","0,7096",0,0,"0,009","0,0138","0,0298","0,936","0,0023","0,0005","0,0694",0,0,"0,0011","0,0023","0,9243","0,07","0,2949","0,2465","204,75","244,83",,
tienda_trim,4694,,REFRIGERADO,Veterana,78,395,40.621,"102,59","0,1706","7,43","10,96",0,"0,0009","0,2478","0,9117","7,04","18,39","26,76","0,1706","7,43","10,93",0,"0,0009","0,2478","0,8654","1,25","18,35","20,88",0,0,"0,0313",0,0,0,"0,0463","5,8","0,0313","5,87","0,0066","0,275","0,414",0,0,"0,0097","0,0351","0,2595","0,689","0,0083","0,3579","0,5221",0,0,"0,012","0,0413","0,0585","0,8799",0,0,"0,0038",0,0,0,"0,0154","0,9808","0,0038","0,2621","0,2044","232,01","295,78",,
tienda_trim,4694,,CONGELADO,Veterana,78,339,16.238,"47,12","0,4016","3,17","7,09",0,0,"0,4191","1,32","5,65","10,26","18,05","0,4016","3,17","7,02",0,0,"0,4191","1,32","1,12","10,2","13,46",0,0,"0,0656",0,0,0,0,"4,52","0,0656","4,59","0,0227","0,1777","0,3955",0,0,"0,0238","0,0743","0,306","0,5733","0,0303","0,2353","0,5238",0,0,"0,031","0,0993","0,0803","0,7591",0,0,"0,0102",0,0,0,0,"0,9898","0,0102","0,3893","0,2896","158,63","212,14",,
tienda_trim,4694,,FRESCOS,Veterana,78,373,24.854,"66,09","0,6219",0,0,"13,95","1,12","1,03","2,89","5,21","13,95","24,82","0,5864",0,0,"13,84","1,1","1,02","2,89","1,75","13,84","21,18","0,0355",0,0,"0,1091","0,0161","0,0176",0,"3,46","0,1091","3,64","0,0256",0,0,"0,564","0,0449","0,0419","0,1181","0,2055","0,564","0,0281",0,0,"0,6536","0,0519","0,0482","0,1365","0,0817","0,6536","0,0083",0,0,"0,0204","0,0025","0,0027",0,"0,9661","0,0204","0,3796","0,3231","160,97","187,47",,
tienda_trim,4694,,FYV,Veterana,78,289,20.165,"68,4","0,7593",0,0,"6,68","3,98","1,22","2,34","3,85","6,68","18,83","0,7593",0,0,"6,65","3,98","1,22","2,34","1,17","6,65","16,13",0,0,0,"0,0237",0,0,0,"2,68","0,0237","2,7","0,0415",0,0,"0,356","0,2135","0,0666","0,1272","0,1952","0,356","0,0479",0,0,"0,4095","0,2464","0,0773","0,1475","0,0714","0,4095",0,0,0,"0,0028",0,0,0,"0,9972","0,0028","0,2934","0,2491","219,89","252,21",,
tienda_trim,4694,,HORNO,Veterana,78,207,4.215,"20,31","0,1392","0,8682","1,2",0,0,"0,186","1,78","0,2","2,07","4,37","0,1392","0,8682","1,2",0,0,"0,186","1,78","0,2","2,07","4,37",0,0,0,0,0,0,0,0,0,0,"0,0324","0,1985","0,2739",0,0,"0,0423","0,408","0,0449","0,4724","0,0324","0,1985","0,2739",0,0,"0,0423","0,408","0,0449","0,4724",,,,,,,,,,"0,2209","0,2209","283,04","283,04",,
tienda_trim,4694,,PENDIENTES,Veterana,43,48,172,"3,71","0,2093","0,2187","0,245",0,0,"0,2897","0,4803","6,57","0,4637","8,01","0,2093","0,2187","0,2116",0,0,"0,2897","0,4803","1,03","0,4303","2,44",0,0,"0,0334",0,0,0,0,"5,54","0,0334","5,57","0,0669","0,0446","0,0243",0,0,"0,0599","0,0782","0,7261","0,0689","0,155","0,1057","0,0565",0,0,"0,2167","0,2464","0,2196","0,1622",0,0,"0,0058",0,0,0,0,"0,9942","0,0058","4,33","0,9923","55,13","142,42",,
tienda_trim,4769,,GLOBAL,Liebre,75,,238.778,,,,,,,,,,,,,,,,,,,,,,,,,,,,,,,,,,,,,,,,,,,,,,,,,,,,,,,,,,,,,,,"0,3096","0,299"
tienda_trim,4769,,SECOS,Veterana,75,959,137.723,"142,93","1,42","10,81","22,73",0,0,"1,28","1,09","2,93","33,54","40,26","1,39","10,73","22,34",0,0,"1,25","1,08","2,42","33,08","39,22","0,0351","0,0817","0,3821",0,0,"0,025","0,0051","0,514","0,4638","1,04","0,0356","0,2678","0,5644",0,0,"0,0318","0,027","0,0734","0,8323","0,0357","0,2729","0,5696",0,0,"0,0321","0,0275","0,0623","0,8425","0,0331","0,0562","0,3207",0,0,"0,016","0,0045","0,5695","0,3769","0,2833","0,2758","213,21","218,86",,
tienda_trim,4769,,REFRIGERADO,Veterana,75,390,37.641,"96,1","0,7843","5,85","12,95",0,0,"1,06","1,71","3,1","18,79","25,44","0,7843","5,85","12,81",0,0,"1,06","1,71","2,56","18,66","24,77",0,0,"0,1322",0,0,0,0,"0,5353","0,1322","0,6675","0,0314","0,227","0,5103",0,0,"0,0425","0,0673","0,1215","0,7373","0,0323","0,2328","0,5184",0,0,"0,0436","0,0691","0,1038","0,7512",0,0,"0,2056",0,0,0,0,"0,7944","0,2056","0,266","0,2589","228,32","234,11",,
tienda_trim,4769,,CONGELADO,Veterana,75,329,14.573,"44,01","1,26","3,61","7,4",0,0,"1,09","1,58","3,39","11,01","18,33","1,26","3,61","7,35",0,0,"1,08","1,55","2,65","10,96","17,5",0,0,"0,0507",0,0,"0,0144","0,0267","0,7376","0,0507","0,8295","0,0708","0,1931","0,4052",0,0,"0,0601","0,0857","0,1851","0,5983","0,0742","0,2018","0,421",0,0,"0,0625","0,0883","0,1523","0,6228",0,0,"0,0769",0,0,"0,0077","0,0167","0,8987","0,0769","0,4219","0,4022","146,03","152,38",,
tienda_trim,4769,,FRESCOS,Veterana,75,374,26.916,"72,03","1,69",0,0,"17,69","0,9883","0,9512","3,02","3,92","17,69","28,26","1,66",0,0,"17,49","0,9883","0,9512","2,99","2,23","17,49","26,31","0,0294",0,0,"0,2054",0,0,"0,0297","1,69","0,2054","1,96","0,0604",0,0,"0,6269","0,0349","0,0338","0,1077","0,1364","0,6269","0,0637",0,0,"0,6641","0,0372","0,0361","0,1137","0,0851","0,6641","0,0222",0,0,"0,1168",0,0,"0,0222","0,8388","0,1168","0,3982","0,3701","154,67","165,46",,
tienda_trim,4769,,FYV,Veterana,75,293,17.334,"59,24","1,63",0,0,"8,64","3,77","1,46","2,48","2,45","8,64","20,44","1,61",0,0,"8,64","3,75","1,44","2,48","1,96","8,64","19,88","0,0234",0,0,0,"0,0203","0,0233",0,"0,4883",0,"0,5552","0,0812",0,0,"0,4216","0,1841","0,0724","0,1226","0,1181","0,4216","0,0823",0,0,"0,4321","0,1876","0,0732","0,1255","0,0993","0,4321","0,0372",0,0,0,"0,0714","0,0714",0,"0,82",0,"0,3511","0,3416","175,45","179,75",,
tienda_trim,4769,,HORNO,Veterana,75,190,4.038,"21,39","1,19","1,55","1,77",0,0,"1,09","2,98","0,1465","3,32","8,73","1,19","1,55","1,74",0,0,"1,09","2,98","0,1465","3,29","8,7",0,0,"0,0268",0,0,0,0,0,"0,0268","0,0268","0,1365","0,1751","0,1992",0,0,"0,1315","0,3413","0,0164","0,3743","0,1367","0,1753","0,1969",0,0,"0,132","0,3421","0,017","0,3722",0,0,1,0,0,0,0,0,1,"0,4408","0,4376","150,34","150,59",,
tienda_trim,4769,,PENDIENTES,Veterana,66,119,552,"4,42","0,7465","0,8964","0,9609",0,0,"0,6477","1,33","2,86","1,86","7,44","0,6984","0,7875","0,9034",0,0,"0,6477","1,33","1,59","1,69","5,96","0,0481","0,109","0,0575",0,0,0,0,"1,27","0,1665","1,48","0,1133","0,1004","0,0997",0,0,"0,1163","0,1801","0,3902","0,2001","0,1281","0,1103","0,1188",0,0,"0,1359","0,218","0,289","0,229","0,0265","0,1053","0,0526",0,0,0,0,"0,8156","0,1579","2,39","1,96","42,34","52,39",,
tienda_trim,4770,,GLOBAL,Liebre,77,,221.761,,,,,,,,,,,,,,,,,,,,,,,,,,,,,,,,,,,,,,,,,,,,,,,,,,,,,,,,,,,,,,,"0,3142","0,3046"
tienda_trim,4770,,SECOS,Veterana,77,810,119.308,"146,51","0,807","16,55","20,97",0,0,"1,5","1,16","3,23","37,51","44,21","0,807","16,55","20,8",0,0,"1,49","1,16","2,7","37,35","43,51",0,0,"0,1658",0,0,"0,0073",0,"0,532","0,1658","0,7051","0,0183","0,3742","0,4735",0,0,"0,0342","0,0264","0,0734","0,8477","0,0186","0,3802","0,4775",0,0,"0,0346","0,0268","0,0622","0,8577",0,0,"0,1515",0,0,"0,0091",0,"0,8394","0,1515","0,303","0,2981","198,77",202,,
tienda_trim,4770,,REFRIGERADO,Veterana,77,378,39.453,"103,95","0,3307","8,39","10,71",0,0,"1,48","1,95","3,2","19,11","26,07","0,3307","8,38","10,71",0,0,"1,48","1,95","2,55","19,1","25,41",0,"0,012",0,0,0,0,0,"0,6482","0,012","0,6601","0,0127","0,3212","0,4118",0,0,"0,0568","0,0747","0,1228","0,733","0,013","0,3286","0,4222",0,0,"0,0582","0,0765","0,1015","0,7508",0,"0,0191",0,0,0,0,0,"0,9809","0,0191","0,2525","0,246","239,41","245,52",,
tienda_trim,4770,,CONGELADO,Veterana,77,321,14.449,"44,81","0,4849","3,85","6,14",0,0,"1,06","1,73","2,86","9,99","16,11","0,4849","3,85","6,14",0,0,"1,06","1,73","2,06","9,99","15,32",0,0,0,0,0,0,0,"0,7918",0,"0,7918","0,0306","0,2381","0,3816",0,0,"0,0657","0,1072","0,1768","0,6197","0,0321","0,2504","0,4014",0,0,"0,0691","0,1128","0,1343","0,6517",0,0,0,0,0,0,0,1,0,"0,364","0,3461","167,61","176,09",,
tienda_trim,4770,,FRESCOS,Veterana,77,357,23.868,"66,58","0,545",0,0,"15,78","1,34","1,33","4,43","3,83","15,78","27,26","0,545",0,0,"15,78","1,34","1,23","4,43","2,47","15,78","25,79",0,0,0,0,0,"0,1083",0,"1,36",0,"1,47","0,0204",0,0,"0,5789","0,0489","0,0487","0,1638","0,1392","0,5789","0,0214",0,0,"0,61","0,0515","0,0477","0,1726","0,0968","0,61",0,0,0,0,0,"0,0729",0,"0,9271",0,"0,4132","0,3909","147,24","154,88",,
tienda_trim,4770,,FYV,Veterana,77,277,17.374,"62,63","0,9706",0,0,"7,71","4,08","1,34","2,76","3,48","7,71","20,34","0,9706",0,0,"7,71","3,98","1,32","2,76","1,97","7,71","18,7",0,0,0,0,"0,0981","0,0228",0,"1,52",0,"1,64","0,0487",0,0,"0,3803","0,1989","0,0672","0,1369","0,168","0,3803","0,0525",0,0,"0,4113","0,2114","0,0718","0,148","0,105","0,4113",0,0,0,0,"0,0297","0,0091",0,"0,9612",0,"0,3351","0,3063","185,89","200,7",,
tienda_trim,4770,,HORNO,Veterana,77,198,3.660,"18,68","0,2386","1,12","1,52",0,0,"0,8633","3,15","0,2076","2,63","7,09","0,2386","1,12","1,52",0,0,"0,8633","3,15","0,2076","2,63","7,09",0,0,0,0,0,0,0,0,0,0,"0,033","0,1534","0,2101",0,0,"0,127","0,446","0,0305","0,3635","0,033","0,1534","0,2101",0,0,"0,127","0,446","0,0305","0,3635",,,,,,,,,,"0,3936","0,3936","159,51","159,51",,
tienda_trim,4770,,PENDIENTES,Veterana,77,190,3.649,"15,25","0,3982","0,8606","1,08",0,0,"0,6178","2,96","1,54","1,94","7,46","0,3982","0,8606","0,9378",0,0,"0,6178","2,96","0,9191","1,8","6,7",0,0,"0,1462",0,0,0,0,"0,6215","0,1462","0,7676","0,059","0,1194","0,1293",0,0,"0,0964","0,4325","0,1633","0,2488","0,0618","0,1274","0,128",0,0,"0,1019","0,459","0,122","0,2553",0,0,"0,2161",0,0,0,0,"0,7839","0,2161","0,9387","0,8187","108,64","124,69",,
tienda_mes,2183,1/5/2026,GLOBAL,Liebre,25,,108.615,,,,,,,,,,,,,,,,,,,,,,,,,,,,,,,,,,,,,,,,,,,,,,,,,,,,,,,,,,,,,,,"0,3027","0,2762"
tienda_mes,2183,1/5/2026,SECOS,Veterana,25,413,58.937,"142,34","1,23","11,55","20,94",0,0,"0,5358","0,5395","5,84","32,49","40,63","1,16","11,51","20,51",0,0,"0,5192","0,5395","2,27","32,02","36,51","0,0677","0,0379","0,4276",0,0,"0,0165",0,"3,57","0,4654","4,12","0,0304","0,2832","0,5156",0,0,"0,0131","0,0133","0,1443","0,7989","0,032","0,3142","0,5626",0,0,"0,0141","0,0148","0,0623","0,8768","0,0184","0,0096","0,094",0,0,"0,0069",0,"0,8711","0,1036","0,2864","0,2573","210,59","234,23",,
tienda_mes,2183,1/5/2026,REFRIGERADO,Veterana,25,177,19.176,"108,2","0,8666","6,17","13,35",0,0,"0,8317","1,63","3,63","19,52","26,48","0,8305","6,14","13,27",0,0,"0,8317","1,63","2,47","19,41","25,17","0,0362","0,0333","0,0828",0,0,0,0,"1,16","0,1161","1,31","0,0321","0,2344","0,5024",0,0,"0,0318","0,0622","0,1372","0,7367","0,0325","0,2459","0,5249",0,0,"0,033","0,065","0,0987","0,7708","0,0188","0,0253","0,0584",0,0,0,0,"0,8975","0,0837","0,245","0,2331","246,15","259,13",,
tienda_mes,2183,1/5/2026,CONGELADO,Veterana,25,130,5.823,"44,86","0,7703","2,53","7,03",0,0,"0,7778","1,73","2,96","9,56","15,79","0,7703","2,53","7,03",0,0,"0,7778","1,73","2,4","9,56","15,23",0,0,0,0,0,0,0,"0,5654",0,"0,5654","0,0453","0,1613","0,4435",0,0,"0,0487","0,1118","0,1894","0,6048","0,0474","0,1678","0,4594",0,0,"0,0505","0,1157","0,1592","0,6272",0,0,0,0,0,0,0,1,0,"0,3552","0,3423","172,55","178,93",,
tienda_mes,2183,1/5/2026,FRESCOS,Veterana,25,162,12.461,"76,97","1,14",0,0,"18,29","1,63","0,936","4,23","4,01","18,29","30,24","1,14",0,0,"18,28","1,63","0,936","4,23","1,59","18,28","27,8",0,0,0,"0,0137",0,0,0,"2,42","0,0137","2,43","0,0379",0,0,"0,6046","0,0531","0,0313","0,1404","0,1326","0,6046","0,0411",0,0,"0,6567","0,0577","0,034","0,1526","0,0578","0,6567",0,0,0,"0,0455",0,0,0,"0,9545","0,0455","0,394","0,3617","153,1","166,52",,
tienda_mes,2183,1/5/2026,FYV,Veterana,25,134,10.069,"74,77","1,56",0,0,"9,77","4,79","1,29","3,71","4,05","9,77","25,16","1,46",0,0,"9,68","4,79","1,29","3,64","1,72","9,68","22,58","0,0941",0,0,"0,0849",0,0,"0,0686","2,33","0,0849","2,58","0,0626",0,0,"0,389","0,1906","0,0513","0,1477","0,1588","0,389","0,0653",0,0,"0,4283","0,2118","0,0574","0,1619","0,0754","0,4283","0,0161",0,0,"0,0455",0,0,"0,0455","0,893","0,0455","0,34","0,3042","178,99","198,95",,
tienda_mes,2183,1/5/2026,HORNO,Veterana,25,82,2.001,"24,74","0,8129","1,27","1,86",0,0,"0,3082","4,65","0,4322","3,13","9,33","0,3764","1,27","1,86",0,0,"0,3082","4,65","0,4322","3,13","8,9","0,4364",0,0,0,0,0,0,0,0,"0,4364","0,0747","0,137","0,1978",0,0,"0,0332","0,5092","0,0481","0,3348","0,0419","0,1445","0,2046",0,0,"0,0344","0,525","0,0496","0,3491",1,0,0,0,0,0,0,0,0,"0,4013","0,3886",157,"166,02",,
tienda_mes,2183,1/5/2026,PENDIENTES,Veterana,20,36,135,"3,99","0,2116","0,3009","0,1903",0,0,"0,2875","0,771","7,16","0,4912","8,92","0,2116","0,3009","0,1903",0,0,"0,2875","0,771","1,13","0,4912","2,89",0,0,0,0,0,0,0,"6,03",0,"6,03","0,0254","0,0344","0,0217",0,0,"0,042","0,0995","0,7769","0,0561","0,0998","0,1394","0,0436",0,0,"0,1411","0,2888","0,2874","0,183",0,0,0,0,0,0,0,1,0,"4,25","1,2","28,61","98,47",,
tienda_mes,2749,1/5/2026,GLOBAL,Liebre,24,,93.011,,,,,,,,,,,,,,,,,,,,,,,,,,,,,,,,,,,,,,,,,,,,,,,,,,,,,,,,,,,,,,,"0,3005","0,2937"
tienda_mes,2749,1/5/2026,SECOS,Veterana,24,351,50.252,"142,4","2,4","9,63","23,36",0,0,"1,15","0,9903","2,76","32,98","40,28","2,31","9,57","23,14",0,0,"1,13","0,9903","2,16","32,71","39,31","0,0885","0,0556","0,2158",0,0,"0,0168",0,"0,5964","0,2715","0,9731","0,06","0,2393","0,5788",0,0,"0,0285","0,0247","0,0686","0,8181","0,0593","0,2438","0,5879",0,0,"0,0288","0,0253","0,0548","0,8318","0,0917","0,0768","0,226",0,0,"0,0098",0,"0,5956","0,3028","0,2834","0,2765","212,56","217,73",,
tienda_mes,2749,1/5/2026,REFRIGERADO,Veterana,24,146,15.362,"104,43","1,74","4,83","12,58",0,0,"1,19","2,27","1,34","17,41","23,95","1,65","4,64","12,58",0,0,"1,19","2,27","1,23","17,22","23,56","0,0889","0,1945",0,0,0,0,0,"0,1072","0,1945","0,3906","0,0727","0,2015","0,5247",0,0,"0,0501","0,0954","0,0557","0,7261","0,0701","0,1968","0,5327",0,0,"0,0511","0,097","0,0522","0,7295","0,3333","0,3333",0,0,0,0,0,"0,3333","0,3333","0,2312","0,2277","261,75","266,56",,
tienda_mes,2749,1/5/2026,CONGELADO,Veterana,24,122,6.106,"49,82","2,05","2,67","9,24",0,0,"1,14","1,78","2,1","11,91","18,98","1,88","2,67","9,02",0,0,"1,14","1,78","1,81","11,69","18,29","0,1763",0,"0,2217",0,0,0,0,"0,2914","0,2217","0,6894","0,1096","0,1388","0,485",0,0,"0,0614","0,0949","0,1103","0,6238","0,1038","0,1436","0,491",0,0,"0,0635","0,0984","0,0996","0,6346","0,25",0,"0,3265",0,0,0,0,"0,4235","0,3265","0,3875","0,3728","158,58","163,92",,
tienda_mes,2749,1/5/2026,FRESCOS,Veterana,24,148,10.833,"73,04","2,25",0,0,"16,08","1,48","1,07","4,12","2,05","16,08","27,05","2,15",0,0,16,"1,44","1,02","4,12","1,81",16,"26,53","0,0965",0,0,"0,0854","0,0438","0,0489",0,"0,2456","0,0854","0,5203","0,084",0,0,"0,5943","0,054","0,0396","0,1528","0,0753","0,5943","0,0816",0,0,"0,6025","0,0534","0,0387","0,1559","0,0679","0,6025","0,25",0,0,"0,125","0,125","0,125",0,"0,375","0,125","0,3727","0,3653","162,1","165,09",,
tienda_mes,2749,1/5/2026,FYV,Veterana,24,117,8.091,"70,43","3,28",0,0,"9,13","3,88","1,79","3,13","0,9678","9,13","22,18","3,02",0,0,"8,97","3,88","1,6","3,13","0,9678","8,97","21,58","0,2616",0,0,"0,152",0,"0,1878",0,0,"0,152","0,6014","0,1487",0,0,"0,4105","0,176","0,0796","0,142","0,0432","0,4105","0,141",0,0,"0,4154","0,1802","0,0732","0,1456","0,0446","0,4154","0,5496",0,0,"0,1667",0,"0,2837",0,0,"0,1667","0,3195","0,3111","191,05","195,72",,
tienda_mes,2749,1/5/2026,HORNO,Veterana,24,83,1.838,"22,44","0,2066","1,09","1,43",0,0,"1,04","3,99","0,1421","2,52","7,9","0,2066","1,09","1,43",0,0,"1,04","3,99","0,1421","2,52","7,9",0,0,0,0,0,0,0,0,0,0,"0,0276","0,1358","0,1818",0,0,"0,1274","0,5095","0,0179","0,3176","0,0276","0,1358","0,1818",0,0,"0,1274","0,5095","0,0179","0,3176",,,,,,,,,,"0,3575","0,3575","175,26","175,26",,
tienda_mes,2749,1/5/2026,PENDIENTES,Veterana,24,76,529,"6,37","0,9159","2,37","1,36",0,0,"0,4293","2,13","1,15","3,73","8,34","0,9159","2,3","1,26",0,0,"0,4293","2,13","0,8732","3,56","7,9",0,"0,0712","0,095",0,0,0,0,"0,2742","0,1661","0,4403","0,1151","0,251","0,1361",0,0,"0,0564","0,2589","0,1825","0,3871","0,1227","0,2603","0,1322",0,0,"0,0579","0,2719","0,155","0,3925",0,"0,25","0,25",0,0,0,0,"0,5","0,5","1,5","1,37","48,23","50,13",,
tienda_mes,2946,1/5/2026,GLOBAL,Liebre,25,,17.511,,,,,,,,,,,,,,,,,,,,,,,,,,,,,,,,,,,,,,,,,,,,,,,,,,,,,,,,,,,,,,,"0,3199","0,3015"
tienda_mes,2946,1/5/2026,SECOS,No veterana,25,73,8.920,"121,36","0,9796","7,82","17,48",0,0,"1,69","0,6741","2,43","25,3","31,07","0,9796","7,82","17,48",0,0,"1,69","0,6741","1,86","25,3","30,5",0,0,0,0,0,0,0,"0,5654",0,"0,5654","0,0337","0,249","0,5651",0,0,"0,0548","0,0224","0,075","0,8141","0,0343","0,253","0,5746",0,0,"0,0557","0,0229","0,0596","0,8276",0,0,0,0,0,0,0,1,0,"0,257","0,2523","240,17",244,,
tienda_mes,2946,1/5/2026,REFRIGERADO,No veterana,24,42,3.452,"79,81","0,9886","4,27","9,56",0,0,"0,9166","1,49","2,94","13,83","20,16","0,7817","4,27","8,49",0,0,"0,9166","1,49","1,06","12,76","17,01","0,2069",0,"1,07",0,0,0,0,"1,88","1,07","3,15","0,0523","0,2157","0,4871",0,0,"0,0488","0,0728","0,1233","0,7028","0,0482","0,2442","0,5041",0,0,"0,0575","0,0836","0,0624","0,7483","0,1111",0,"0,2895",0,0,0,0,"0,5994","0,2895","0,2633","0,2264","249,29","292,35",,
tienda_mes,2946,1/5/2026,CONGELADO,No veterana,24,28,907,"31,69","0,8723","2,26","5,01",0,0,"0,8077","2,13","2,78","7,27","13,87","0,8723","2,26","5,01",0,0,"0,8077","2,13","2,26","7,27","13,35",0,0,0,0,0,0,0,"0,5196",0,"0,5196","0,0956","0,1486","0,3292",0,0,"0,0718","0,1479","0,2069","0,4777","0,0993","0,1561","0,3403",0,0,"0,074","0,1532","0,177","0,4965",0,0,0,0,0,0,0,1,0,"0,5839","0,57","130,17","136,3",,
tienda_mes,2946,1/5/2026,FRESCOS,No veterana,24,39,2.020,"50,56","1,09",0,0,"14,67","0,9486","0,9271","4,42","2,89","14,67","24,95","1,09",0,0,"14,28","0,9486","0,9271","4,42","1,73","14,28","23,39",0,0,0,"0,3908",0,0,0,"1,17","0,3908","1,56","0,0485",0,0,"0,5778","0,0358","0,0407","0,1754","0,1218","0,5778","0,0524",0,0,"0,602","0,0371","0,0447","0,1849","0,0788","0,602",0,0,0,"0,1486",0,0,0,"0,8514","0,1486","0,5359","0,4905","121,09","127,59",,
tienda_mes,2946,1/5/2026,FYV,No veterana,24,32,1.606,"49,96","1,4",0,0,"8,1","3,64","1,34","3,04","2,03","8,1","19,54","1,4",0,0,"8,1","3,33","1,34","3,04","1,56","8,1","18,77",0,0,0,0,"0,3089",0,0,"0,4646",0,"0,7735","0,0785",0,0,"0,3941","0,1684","0,0757","0,1627","0,1206","0,3941","0,0809",0,0,"0,4071","0,163","0,0774","0,1677","0,1039","0,4071",0,0,0,0,"0,3333",0,0,"0,6667",0,"0,6188","0,6042","146,94","151,17",,
tienda_mes,2946,1/5/2026,HORNO,No veterana,24,24,258,"10,75","0,5388","0,773","0,8005",0,0,"0,7574","2,5","2,59","1,57","7,95","0,5388","0,773","0,8005",0,0,"0,7574","2,5","0,4538","1,57","5,82",0,0,0,0,0,0,0,"2,14",0,"2,14","0,0862","0,1168","0,1079",0,0,"0,1184","0,3923","0,1785","0,2247","0,0992","0,1319","0,1326",0,0,"0,133","0,4437","0,0596","0,2645",0,0,0,0,0,0,0,1,0,"0,7919","0,6165","108,48","127,43",,
tienda_mes,2946,1/5/2026,PENDIENTES,No veterana,23,26,348,"13,13","0,4805","1,11","1,71",0,"0,0469","0,5285","3,55","0,1774","2,82","7,61","0,4805","1,11","1,57",0,"0,0469","0,5285","3,55","0,1774","2,68","7,47",0,0,"0,1428",0,0,0,0,0,"0,1428","0,1428","0,0727","0,1242","0,1876",0,"0,0033","0,09","0,4929","0,0291","0,3119","0,0738","0,1267","0,1812",0,"0,0033","0,0906","0,4949","0,0294","0,3079",0,0,1,0,0,0,0,0,1,"0,7537","0,7468","106,77","107,48",,
tienda_mes,3563,1/5/2026,GLOBAL,Liebre,25,,101.339,,,,,,,,,,,,,,,,,,,,,,,,,,,,,,,,,,,,,,,,,,,,,,,,,,,,,,,,,,,,,,,"0,2849","0,2791"
tienda_mes,3563,1/5/2026,SECOS,Veterana,25,357,56.267,"156,32",2,"12,39","25,08",0,0,"1,63","1,17","2,11","37,47","44,37","1,34","12,35","24,98",0,0,"1,57","1,17","1,85","37,33","43,26","0,6667","0,0366","0,1063",0,0,"0,0523",0,"0,2563","0,1429","1,12","0,0453","0,278","0,5659",0,0,"0,0368","0,0264","0,0476","0,8439","0,031","0,2844","0,5782",0,0,"0,0365","0,027","0,0429","0,8625","0,5466","0,0491","0,0567",0,0,"0,0716",0,"0,276","0,1058","0,2852","0,278","211,19","216,65",,
tienda_mes,3563,1/5/2026,REFRIGERADO,Veterana,25,147,15.865,"107,39","1,17","5,84","12,09",0,0,"0,7761","2,18","2,82","17,93","24,87","1,04","5,84","12,05",0,0,"0,7761","2,18","2,77","17,89","24,66","0,1238",0,"0,0417",0,0,0,0,"0,051","0,0417","0,2166","0,0473","0,2336","0,4866",0,0,"0,0314","0,0875","0,1137","0,7202","0,0424","0,2353","0,4896",0,0,"0,0316","0,0883","0,1127","0,725","0,6",0,"0,2",0,0,0,0,"0,2","0,2","0,2327","0,2306","259,18","261,41",,
tienda_mes,3563,1/5/2026,CONGELADO,Veterana,25,124,5.780,"46,38","1,27","2,86","7,73",0,0,"1,01","2,04","2,05","10,59","16,96","1,27","2,86","7,65",0,0,"1,01","2,04",2,"10,51","16,83",0,0,"0,0843",0,0,0,0,"0,0443","0,0843","0,1286","0,0754","0,1664","0,4581",0,0,"0,0605","0,1207","0,119","0,6244","0,076","0,1675","0,4565",0,0,"0,061","0,1215","0,1176","0,624",0,0,"0,5",0,0,0,0,"0,5","0,5","0,3695","0,3668","165,17","166,41",,
tienda_mes,3563,1/5/2026,FRESCOS,Veterana,25,145,13.451,"90,65","1,45",0,0,"16,94","1,23","0,7581","3,06","3,22","16,94","26,66","1,37",0,0,"16,67","1,23","0,7581","3,06","2,94","16,67","26,02","0,0782",0,0,"0,2764",0,0,0,"0,2837","0,2764","0,6384","0,0543",0,0,"0,6339","0,0466","0,0285","0,1149","0,1218","0,6339","0,0528",0,0,"0,639","0,0476","0,0295","0,1178","0,1133","0,639","0,073",0,0,"0,3659",0,0,0,"0,5611","0,3659","0,3234","0,3179","204,79","213,19",,
tienda_mes,3563,1/5/2026,FYV,Veterana,25,118,8.069,"68,99","1,65",0,0,"9,57","3,58","1,14","2,95","1,29","9,57","20,18","1,65",0,0,"9,57","3,5","1,14","2,95","0,8962","9,57","19,7",0,0,0,0,"0,0794",0,0,"0,3948",0,"0,4743","0,0819",0,0,"0,4722","0,1774","0,0563","0,1481","0,0642","0,4722","0,0841",0,0,"0,4838","0,1781","0,0576","0,1513","0,0451","0,4838",0,0,0,0,"0,1171",0,0,"0,8829",0,"0,2958","0,2885","206,98","212,23",,
tienda_mes,3563,1/5/2026,HORNO,Veterana,25,70,1.635,"23,77","0,5278","1,41","1,78",0,0,"0,4362","3,68","0,1309","3,19","7,96","0,417","1,41","1,78",0,0,"0,4362","3,68","0,1309","3,19","7,85","0,1107",0,0,0,0,0,0,0,0,"0,1107","0,0502","0,1662","0,2256",0,0,"0,0544","0,4827","0,021","0,3917","0,0437","0,168","0,2273",0,0,"0,0551","0,4849","0,0211","0,3953",1,0,0,0,0,0,0,0,0,"0,3366","0,3326","202,62","203,4",,
tienda_mes,3563,1/5/2026,PENDIENTES,Veterana,25,45,268,"6,32","0,5404","0,6409","0,9257",0,0,"0,6868","1,87","1,9","1,57","6,57","0,5404","0,6409","0,9257",0,0,"0,6868","1,87","1,73","1,57","6,39",0,0,0,0,0,0,0,"0,1777",0,"0,1777","0,0867","0,1017","0,1302",0,0,"0,1113","0,2548","0,3153","0,2319","0,0879","0,1029","0,1323",0,0,"0,1146","0,2641","0,2981","0,2352",0,0,0,0,0,0,0,1,0,"1,37","1,34","56,39","58,08",,
tienda_mes,3718,1/5/2026,GLOBAL,Liebre,24,,47.123,,,,,,,,,,,,,,,,,,,,,,,,,,,,,,,,,,,,,,,,,,,,,,,,,,,,,,,,,,,,,,,"0,2858","0,2773"
tienda_mes,3718,1/5/2026,SECOS,Veterana,24,181,25.470,"141,06","1,75","8,81","20,65",0,0,"1,37","0,8982","1,8","29,45","35,28","1,71","8,81","20,47",0,0,"1,34","0,8982","1,72","29,28","34,95","0,0365",0,"0,1752",0,0,"0,0316",0,"0,0797","0,1752","0,3231","0,0495","0,2488","0,586",0,0,"0,0389","0,0255","0,0514","0,8348","0,049","0,251","0,5862",0,0,"0,0385","0,0257","0,0496","0,8373","0,1667",0,"0,5",0,0,"0,074",0,"0,2594","0,5","0,2519","0,2495","239,95","242,12",,
tienda_mes,3718,1/5/2026,REFRIGERADO,Veterana,24,89,7.632,"85,55","1,45","4,55","11,74",0,0,"0,7557","1,2","2,27","16,29","21,97","1,45","4,55","11,54",0,0,"0,7557","1,2","2,09","16,09","21,58",0,0,"0,2056",0,0,0,0,"0,1776","0,2056","0,3832","0,0679","0,2048","0,5325",0,0,"0,0352","0,0547","0,1049","0,7373","0,0688","0,2085","0,5354",0,0,"0,0356","0,0555","0,0962","0,7438",0,0,"0,3333",0,0,0,0,"0,6667","0,3333","0,2596","0,2549","235,01","238,8",,
tienda_mes,3718,1/5/2026,CONGELADO,Veterana,24,75,3.146,"42,48","0,9086","2,26","7,16",0,0,"0,8203","1,35","2,06","9,43","14,56","0,7706","2,12","6,28",0,0,"0,7192","1,35","1,78","8,4","13,02","0,138","0,1419","0,8879",0,0,"0,1011",0,"0,2774","1,03","1,55","0,0628","0,1572","0,4825",0,0,"0,0569","0,0952","0,1454","0,6397","0,0596","0,1626","0,4789",0,0,"0,0557","0,1043","0,1389","0,6415","0,0798","0,1702","0,4543",0,0,"0,125",0,"0,1707","0,6245","0,3475","0,3132","178,18","196,19",,
tienda_mes,3718,1/5/2026,FRESCOS,Veterana,24,87,5.864,"67,69","1,59",0,0,"17,46","1,07","0,9504","2,93","2,2","17,46","26,2","1,49",0,0,"16,96","1,07","0,9504","2,93","1,94","16,96","25,34","0,0955",0,0,"0,4982",0,0,0,"0,2644","0,4982","0,8582","0,0618",0,0,"0,6655","0,04","0,0368","0,1121","0,0838","0,6655","0,0605",0,0,"0,668","0,0411","0,0385","0,1158","0,0761","0,668","0,0794",0,0,"0,5263",0,0,0,"0,3943","0,5263","0,3956","0,3811","156,79","161,63",,
tienda_mes,3718,1/5/2026,FYV,Veterana,24,65,4.019,"62,78","2,11",0,0,"8,29","3,51","1,45",2,"1,82","8,29","19,18","2,11",0,0,"8,13","3,41","1,31",2,"1,17","8,13","18,14",0,0,0,"0,1602","0,0982","0,1392",0,"0,6479","0,1602","1,05","0,1095",0,0,"0,434","0,1793","0,0769","0,1072","0,093","0,434","0,1145",0,0,"0,4486","0,1836","0,0745","0,1121","0,0666","0,4486",0,0,0,"0,1429","0,1429","0,1429",0,"0,5714","0,1429","0,3125","0,2962","197,93","207,44",,
tienda_mes,3718,1/5/2026,HORNO,Veterana,24,49,855,"17,44","0,4528","1,05","1,85",0,0,"0,7444","2,6","0,0143","2,9","6,71","0,4528","1,05","1,3",0,0,"0,7444","2,6","0,0143","2,35","6,16",0,0,"0,5519",0,0,0,0,0,"0,5519","0,5519","0,0792","0,1703","0,2282",0,0,"0,1148","0,4056","0,002","0,3985","0,0829","0,1745","0,2012",0,0,"0,12","0,4195","0,002","0,3757",0,0,1,0,0,0,0,0,1,"0,4178","0,3777","171,37","176,7",,
tienda_mes,3718,1/5/2026,PENDIENTES,Veterana,21,28,133,"4,67","0,6502","0,7382","0,7029",0,0,"0,4385","1,5","1,78","1,44","5,82","0,6502","0,7382","0,7029",0,0,"0,4385","1,5","1,29","1,44","5,32",0,0,0,0,0,0,0,"0,4982",0,"0,4982","0,1363","0,1182","0,1016",0,0,"0,1109","0,2404","0,2926","0,2198","0,1371","0,1187","0,1087",0,0,"0,1179","0,26","0,2577","0,2274",0,0,0,0,0,0,0,1,0,"1,48","1,4","51,4","55,47",,
tienda_mes,3750,1/5/2026,GLOBAL,Liebre,25,,37.441,,,,,,,,,,,,,,,,,,,,,,,,,,,,,,,,,,,,,,,,,,,,,,,,,,,,,,,,,,,,,,,"0,3089","0,2933"
tienda_mes,3750,1/5/2026,SECOS,Veterana,25,154,20.170,"127,16","0,6774","8,1","19,65",0,0,"0,6643","0,5204","4,87","27,74","34,48","0,627","8,05","19,17",0,0,"0,6643","0,5204","2,92","27,22","31,95","0,0504","0,0506","0,4746",0,0,0,0,"1,95","0,5252","2,53","0,0207","0,2314","0,5717",0,0,"0,0194","0,0151","0,1419","0,803","0,0198","0,2492","0,6014",0,0,"0,0208","0,0162","0,0926","0,8506","0,05","0,0191","0,1348",0,0,0,0,"0,7961","0,1539","0,2781","0,2576","220,14","237,71",,
tienda_mes,3750,1/5/2026,REFRIGERADO,Veterana,25,78,6.177,"79,39","0,2754","5,23","10,55",0,0,"0,754","1,44","3,2","15,78","21,44","0,2754","5,23","10,31",0,0,"0,754","1,44","2,5","15,55","20,51",0,0,"0,2359",0,0,0,0,"0,696","0,2359","0,9319","0,0128","0,2466","0,4887",0,0,"0,0356","0,0664","0,15","0,7353","0,0133","0,2557","0,501",0,0,"0,0369","0,0689","0,1241","0,7567",0,0,"0,1997",0,0,0,0,"0,8003","0,1997","0,2746","0,2626","223,9","233,4",,
tienda_mes,3750,1/5/2026,CONGELADO,Veterana,25,59,2.095,"36,27","0,2886","2,72","5,86",0,0,"0,7346","1,75","3,15","8,58","14,51","0,2886","2,72","5,86",0,0,"0,7346","1,75","2,96","8,58","14,32",0,0,0,0,0,0,0,"0,1953",0,"0,1953","0,022","0,1798","0,4086",0,0,"0,05","0,1218","0,2179","0,5884","0,0221","0,1824","0,4112",0,0,"0,0505","0,123","0,2109","0,5936",0,0,0,0,0,0,0,1,0,"0,423","0,4202","152,39","154,09",,
tienda_mes,3750,1/5/2026,FRESCOS,Veterana,25,72,4.588,"64,45","0,5013",0,0,"18,61","1,28","0,9534","3,71","3,12","18,61","28,18","0,5013",0,0,"18,61","1,28","0,9534","3,71","2,26","18,61","27,31",0,0,0,0,0,0,0,"0,8668",0,"0,8668","0,0178",0,0,"0,6584","0,0444","0,0344","0,1303","0,1145","0,6584","0,0187",0,0,"0,6786","0,046","0,0356","0,1351","0,086","0,6786",0,0,0,0,0,0,0,1,0,"0,4522","0,4385","136,59","141,1",,
tienda_mes,3750,1/5/2026,FYV,Veterana,25,62,3.647,"59,43","0,4626",0,0,"7,58","3,24","0,7253","1,95","2,3","7,58","16,26","0,4626",0,0,"7,58","3,24","0,7253","1,95","1,44","7,58","15,39",0,0,0,0,0,0,0,"0,8651",0,"0,8651","0,0304",0,0,"0,469","0,1984","0,0465","0,1181","0,1375","0,469","0,0321",0,0,"0,4944","0,2091","0,0491","0,1242","0,0912","0,4944",0,0,0,0,0,0,0,1,0,"0,2808","0,266","220,19","232,2",,
tienda_mes,3750,1/5/2026,HORNO,Veterana,25,46,607,"13,44","0,2732","1,14","1,1",0,0,"2,08","1,61",0,"2,24","6,2","0,2732","1,14","1,1",0,0,"1,72","1,61",0,"2,24","5,84",0,0,0,0,0,"0,3593",0,0,0,"0,3593","0,0546","0,1792","0,1615",0,0,"0,3584","0,2462",0,"0,3407","0,0567","0,1895","0,1731",0,0,"0,3182","0,2625",0,"0,3626",0,0,0,0,0,1,0,0,0,"0,4877","0,4568","134,93","144,64",,
tienda_mes,3750,1/5/2026,PENDIENTES,Veterana,18,21,157,"8,36","0,5289","0,5068","1,17",0,"0,0135","0,4379","1,14","2,93","1,67","6,72","0,5289","0,5068","1,17",0,"0,0135","0,4379","1,14","2,93","1,67","6,72",0,0,0,0,0,0,0,0,0,0,"0,065","0,0646","0,1079",0,"0,0018","0,1007","0,1906","0,4694","0,1725","0,065","0,0646","0,1079",0,"0,0018","0,1007","0,1906","0,4694","0,1725",,,,,,,,,,"1,98","1,98","66,04","66,04",,
tienda_mes,3769,1/5/2026,GLOBAL,Liebre,25,,76.089,,,,,,,,,,,,,,,,,,,,,,,,,,,,,,,,,,,,,,,,,,,,,,,,,,,,,,,,,,,,,,,"0,3046","0,2688"
tienda_mes,3769,1/5/2026,SECOS,No veterana,25,290,42.733,"146,74","0,5332",12,"23,18",0,0,"0,3355","0,5772","6,43","35,18","43,06","0,5332",12,"22,48",0,0,"0,2981","0,5772","1,82","34,48","37,71",0,0,"0,6972",0,0,"0,0374",0,"4,62","0,6972","5,35","0,0121","0,2803","0,5362",0,0,"0,0079","0,0132","0,1503","0,8166","0,0138","0,3195","0,5946",0,0,"0,008","0,0151","0,049","0,9141",0,0,"0,0997",0,0,"0,0056",0,"0,8948","0,0997","0,2933","0,257","205,54","234,54",,
tienda_mes,3769,1/5/2026,REFRIGERADO,No veterana,25,129,12.515,"96,53","0,153","6,86","10,09",0,0,"0,5067","1,39","4,71","16,95","23,71","0,153","6,86","9,98",0,0,"0,5067","1,39","3,2","16,84","22,1",0,0,"0,11",0,0,0,0,"1,51","0,11","1,62","0,0065","0,2887","0,4248",0,0,"0,0216","0,0592","0,1991","0,7135","0,007","0,3098","0,4508",0,0,"0,0231","0,0635","0,1457","0,7607",0,0,"0,0583",0,0,0,0,"0,9417","0,0583","0,2482","0,2303","244,24","261,97",,
tienda_mes,3769,1/5/2026,CONGELADO,No veterana,25,103,4.061,"39,43","0,3601","3,09","5,83",0,0,"0,474","1,51","4,96","8,92","16,23","0,3601","3,09","5,66",0,0,"0,474","1,51","2,61","8,75","13,71",0,0,"0,1697",0,0,0,0,"2,35","0,1697","2,52","0,0229","0,1908","0,3575",0,0,"0,0299","0,0948","0,3041","0,5483","0,0267","0,2225","0,4125",0,0,"0,0351","0,1123","0,1909","0,635",0,0,"0,0562",0,0,0,0,"0,9438","0,0562","0,4207","0,3566","145,95","172,66",,
tienda_mes,3769,1/5/2026,FRESCOS,No veterana,25,119,7.751,"65,5","0,7094",0,0,"15,05","1,24","1,18","3,94","4,99","15,05","27,1","0,7094",0,0,"15,05","1,24","1,08","3,94","1,85","15,05","23,87",0,0,0,0,0,"0,1014",0,"3,13",0,"3,23","0,0263",0,0,"0,5595","0,0448","0,0433","0,1469","0,1791","0,5595","0,0298",0,0,"0,63","0,0505","0,0454","0,1652","0,0791","0,63",0,0,0,0,0,"0,0298",0,"0,9702",0,"0,417","0,3682","146,36","164,85",,
tienda_mes,3769,1/5/2026,FYV,No veterana,25,91,7.154,"79,05","0,8407",0,0,"8,46","4,13","0,901","2,63","4,92","8,46","21,88","0,8407",0,0,"8,46","4,13","0,901","2,63","1,3","8,46","18,26",0,0,0,0,0,0,0,"3,62",0,"3,62","0,0399",0,0,"0,3906","0,1903","0,0421","0,1211","0,2159","0,3906","0,0471",0,0,"0,4642","0,2281","0,05","0,1435","0,0671","0,4642",0,0,0,0,0,0,0,1,0,"0,2791","0,2329","220,34","262,51",,
tienda_mes,3769,1/5/2026,HORNO,No veterana,25,67,1.429,"21,65","0,2067","1,03","1,55",0,0,"0,9409","3,1","0,2557","2,58","7,08","0,2067","1,03","1,55",0,0,"0,9409","3,1","0,2557","2,58","7,08",0,0,0,0,0,0,0,0,0,0,"0,029","0,1478","0,2094",0,0,"0,1321","0,4441","0,0377","0,3571","0,029","0,1478","0,2094",0,0,"0,1321","0,4441","0,0377","0,3571",,,,,,,,,,"0,3453","0,3453","191,43","191,43",,
tienda_mes,3769,1/5/2026,PENDIENTES,No veterana,23,30,446,"8,94","0,2085","0,5366","0,67",0,"0,0232","0,2385","1,2","5,67","1,21","8,55","0,2085","0,5223","0,67",0,"0,0232","0,2385","0,9609","1,7","1,19","4,32",0,"0,0142",0,0,0,0,"0,2425","3,97","0,0142","4,23","0,0516","0,0748","0,0591",0,"0,0013","0,0573","0,1702","0,5857","0,1339","0,0821","0,1374","0,117",0,"0,0024","0,1152","0,2682","0,2777","0,2544",0,"0,005",0,0,0,0,"0,0859","0,9091","0,005","2,96","1,39","89,63","170,22",,
tienda_mes,3798,1/5/2026,GLOBAL,Liebre,25,,117.708,,,,,,,,,,,,,,,,,,,,,,,,,,,,,,,,,,,,,,,,,,,,,,,,,,,,,,,,,,,,,,,"0,2853","0,2703"
tienda_mes,3798,1/5/2026,SECOS,Veterana,25,434,64.277,"145,58",1,"11,56","22,42",0,0,"1,07","0,7656","4,12","33,98","40,93","0,9809","11,51","22,1",0,0,"1,07","0,7451","2,46","33,61","38,86","0,0211","0,0478","0,321",0,0,0,"0,0206","1,66","0,3688","2,07","0,0247","0,2825","0,5468",0,0,"0,0262","0,0188","0,1009","0,8293","0,0255","0,2961","0,5679",0,0,"0,0276","0,0192","0,0636","0,864","0,0049","0,0165","0,1296",0,0,0,"0,0094","0,8395","0,1461","0,2845","0,2697","213,15","224,44",,
tienda_mes,3798,1/5/2026,REFRIGERADO,Veterana,25,178,19.113,"105,93","0,8194","6,68","10,02",0,"0,0004","1,03","1,8","1,92","16,7","22,26","0,8194","6,68","9,98",0,"0,0004","1,03","1,8","1,6","16,65","21,9",0,0,"0,0439",0,0,0,0,"0,3211","0,0439","0,3651","0,0366","0,2998","0,4501",0,0,"0,0464","0,0808","0,0863","0,7499","0,0371","0,304","0,4568",0,0,"0,0472","0,0819","0,0729","0,7608",0,0,"0,0856",0,0,0,0,"0,9144","0,0856","0,2127","0,2086","285,32","290,01",,
tienda_mes,3798,1/5/2026,CONGELADO,Veterana,25,147,6.897,"46,08","1,05","3,59","7,02",0,0,"0,839","1,6","1,84","10,61","15,94","1,01","3,59","7,02",0,0,"0,839","1,6","1,43","10,61","15,49","0,0383",0,0,0,0,0,0,"0,4139",0,"0,4521","0,0664","0,225","0,4401",0,0,"0,0532","0,101","0,1143","0,6651","0,0653","0,23","0,4559",0,0,"0,0545","0,104","0,0903","0,6859","0,2",0,0,0,0,0,0,"0,8",0,"0,3545","0,342","174,25","179,2",,
tienda_mes,3798,1/5/2026,FRESCOS,Veterana,25,174,14.246,"81,36","1,04",0,0,"17,72","1,49","0,6991",3,"3,61","17,72","27,56","1,04",0,0,"17,72","1,49","0,6991","2,89","1,98","17,72","25,82",0,0,0,0,0,0,"0,104","1,63",0,"1,74","0,0378",0,0,"0,6445","0,0536","0,0255","0,1085","0,1301","0,6445","0,0401",0,0,"0,6862","0,0571","0,0273","0,1124","0,0768","0,6862",0,0,0,0,0,0,"0,0206","0,9794",0,"0,3411","0,3192","178,25","189,79",,
tienda_mes,3798,1/5/2026,FYV,Veterana,25,143,10.758,"75,09","1,43",0,0,"9,2","3,25","1,2","2,91","3,57","9,2","21,56","1,43",0,0,"9,2","3,25","1,2","2,87","1,33","9,2","19,29",0,0,0,0,0,0,"0,037","2,24",0,"2,27","0,0671",0,0,"0,4266","0,1503","0,0567","0,1369","0,1625","0,4266","0,0748",0,0,"0,475","0,167","0,063","0,1506","0,0697","0,475",0,0,0,0,0,0,"0,0455","0,9545",0,"0,2917","0,2607","210,95","234,15",,
tienda_mes,3798,1/5/2026,HORNO,Veterana,25,95,2.285,"23,94","0,5619","1,21",2,0,0,"0,3646","3,31","0,4247","3,21","7,87","0,5619","1,21",2,0,0,"0,3646","3,31","0,4247","3,21","7,87",0,0,0,0,0,0,0,0,0,0,"0,0677","0,1484","0,2596",0,0,"0,0445","0,4232","0,0565","0,4081","0,0677","0,1484","0,2596",0,0,"0,0445","0,4232","0,0565","0,4081",,,,,,,,,,"0,3567","0,3567","190,71","190,71",,
tienda_mes,3798,1/5/2026,PENDIENTES,Veterana,17,26,132,"6,65","0,3651","0,3174","0,2519",0,0,"0,4562","0,6349","4,52","0,5693","6,54","0,3651","0,3174","0,2519",0,0,"0,4562","0,6349","1,97","0,5693",4,0,0,0,0,0,0,0,"2,55",0,"2,55","0,1155","0,0366","0,0215",0,0,"0,0916","0,0969","0,6378","0,0581","0,1663","0,053","0,0237",0,0,"0,1672","0,1496","0,4402","0,0767",0,0,0,0,0,0,0,1,0,"3,59","1,86",49,"76,76",,
tienda_mes,3849,1/5/2026,GLOBAL,Liebre,25,,124.400,,,,,,,,,,,,,,,,,,,,,,,,,,,,,,,,,,,,,,,,,,,,,,,,,,,,,,,,,,,,,,,"0,2778","0,2657"
tienda_mes,3849,1/5/2026,SECOS,Veterana,25,507,67.740,"132,7","0,7395","8,17","19,78",0,0,"0,5265","0,5587","4,79","27,95","34,57","0,7159","8,16","19,73",0,0,"0,5265","0,5587","2,96","27,89","32,65","0,0236","0,0124","0,0441",0,0,0,0,"1,84","0,0565","1,92","0,0214","0,2364","0,572",0,0,"0,0152","0,0162","0,1388","0,8084","0,022","0,25","0,6041",0,0,"0,0161","0,0171","0,0907","0,8541","0,006","0,005","0,0344",0,0,0,0,"0,9545","0,0395","0,2612","0,2467","230,4","243,78",,
tienda_mes,3849,1/5/2026,REFRIGERADO,Veterana,25,201,21.067,"104,73","0,608","5,04","12,77",0,0,"0,8697","2,66","3,48","17,81","25,43","0,608","5,04","12,71",0,0,"0,8697","2,66","2,77","17,75","24,65",0,0,"0,0616",0,0,0,0,"0,7153","0,0616","0,7769","0,0238","0,1986","0,5019",0,0,"0,0344","0,1054","0,136","0,7005","0,0246","0,2042","0,5149",0,0,"0,0353","0,1083","0,1128","0,719",0,0,"0,0222",0,0,0,0,"0,9778","0,0222","0,2435","0,2362","247,89","254,93",,
tienda_mes,3849,1/5/2026,CONGELADO,Veterana,25,160,6.682,"41,67","0,5563","2,24","5,77",0,0,"0,786","1,64","2,55","8,01","13,55","0,5563","2,24","5,77",0,0,"0,786","1,64","2,07","8,01","13,06",0,0,0,0,0,0,0,"0,4893",0,"0,4893","0,0412","0,1652","0,4281",0,0,"0,058","0,1211","0,1863","0,5933","0,0428","0,1714","0,4439",0,0,"0,0602","0,126","0,1556","0,6153",0,0,0,0,0,0,0,1,0,"0,3303","0,3171","185,91","192,51",,
tienda_mes,3849,1/5/2026,FRESCOS,Veterana,25,200,14.605,"72,55","0,6605",0,0,"15,87","1,3","1,02","2,75","4,05","15,87","25,66","0,6605",0,0,"15,75","1,3","1,02","2,67","3,26","15,75","24,67",0,0,0,"0,1177",0,0,"0,0782","0,7885","0,1177","0,9845","0,0258",0,0,"0,6181","0,0509","0,0401","0,1072","0,1578","0,6181","0,0268",0,0,"0,6377","0,0529","0,0416","0,1083","0,1327","0,6377",0,0,0,"0,1524",0,0,"0,0604","0,7872","0,1524","0,3549","0,3416","170,03","176,61",,
tienda_mes,3849,1/5/2026,FYV,Veterana,25,152,11.668,"76,88","0,9204",0,0,"8,94","3,6","0,9541","2,68","1,97","8,94","19,06","0,9204",0,0,"8,83","3,6","0,9541","2,68","1,55","8,83","18,54",0,0,0,"0,1011",0,0,0,"0,4213","0,1011","0,5223","0,0492",0,0,"0,4686","0,1894","0,0507","0,142","0,1","0,4686","0,0503",0,0,"0,4763","0,194","0,0518","0,1446","0,083","0,4763",0,0,0,"0,1067",0,0,0,"0,8933","0,1067","0,2494","0,2432","242,89","248,5",,
tienda_mes,3849,1/5/2026,HORNO,Veterana,25,87,1.590,"18,3","0,6274","1,29","1,99",0,0,"0,738","3,92","1,53","3,28","10,1","0,6274","1,29","1,99",0,0,"0,738","3,92","0,7859","3,28","9,35",0,0,0,0,0,0,0,"0,745",0,"0,745","0,0672","0,1257","0,1963",0,0,"0,076","0,3989","0,1359","0,322","0,0727","0,1324","0,2092",0,0,"0,0814","0,4225","0,0818","0,3416",0,0,0,0,0,0,0,1,0,"0,5751","0,5238","114,66","121,62",,
tienda_mes,3849,1/5/2026,PENDIENTES,Veterana,25,94,1.048,"9,99","0,2463","0,6561","0,8448",0,0,"0,7227","2,28","1,35","1,5","6,1","0,2463","0,6561","0,8448",0,0,"0,7227","2,28","1,02","1,5","5,76",0,0,0,0,0,0,0,"0,3392",0,"0,3392","0,0482","0,1059","0,128",0,0,"0,1277","0,3867","0,2036","0,2338","0,0496","0,1111","0,135",0,0,"0,1323","0,3987","0,1732","0,2461",0,0,0,0,0,0,0,1,0,"0,6805","0,6485","98,39","102,29",,
tienda_mes,3855,1/5/2026,GLOBAL,Liebre,25,,80.643,,,,,,,,,,,,,,,,,,,,,,,,,,,,,,,,,,,,,,,,,,,,,,,,,,,,,,,,,,,,,,,"0,2965","0,2811"
tienda_mes,3855,1/5/2026,SECOS,Veterana,25,326,45.809,140,"0,9","10,3","23,24",0,"0,0001","1,45","1,74","3,21","33,54","40,85","0,8817","10,22","22,82",0,"0,0001","1,31","1,6","2,27","33,04","39,09","0,0183","0,0802","0,4199",0,0,"0,1445","0,145","0,9488","0,5001","1,76","0,0221","0,2512","0,569",0,0,"0,0358","0,0428","0,0791","0,8203","0,0227","0,2602","0,5839",0,0,"0,0335","0,0408","0,0589","0,844","0,0094","0,0196","0,195",0,0,"0,0577","0,0821","0,6363","0,2146","0,294","0,2817","205,78","215,32",,
tienda_mes,3855,1/5/2026,REFRIGERADO,Veterana,25,137,14.124,"103,33","0,4305","5,76","14,14",0,0,"0,5985","2,32","1,89","19,89","25,14","0,4305","5,76","13,54",0,0,"0,5985","2,32","1,73","19,29","24,37",0,0,"0,5993",0,0,0,0,"0,168","0,5993","0,7674","0,0174","0,2255","0,5629",0,0,"0,0235","0,0933","0,0774","0,7884","0,0178","0,2318","0,5577",0,0,"0,0241","0,0952","0,0734","0,7895",0,0,"0,7778",0,0,0,0,"0,2222","0,7778","0,2442","0,237","249,7","256,8",,
tienda_mes,3855,1/5/2026,CONGELADO,Veterana,25,105,4.167,40,"0,5309","2,81","6,18",0,0,"0,6669","2,03","3,92","8,99","16,14","0,5309","2,81","6,01",0,0,"0,6669","2,03","1,65","8,82","13,69",0,0,"0,1759",0,0,0,0,"2,27","0,1759","2,44","0,0331","0,1723","0,3843",0,0,"0,0417","0,1329","0,2356","0,5566","0,0389","0,2021","0,4364",0,0,"0,0482","0,152","0,1224","0,6385",0,0,"0,0449",0,0,0,0,"0,9551","0,0449","0,4026","0,3413","155,05","178,59",,
tienda_mes,3855,1/5/2026,FRESCOS,Veterana,25,131,7.558,"57,65","0,6178",0,0,"12,91","0,978","0,7721","2,92","2,09","12,91","20,29","0,6178",0,0,"12,84","0,978","0,7721","2,92","1,66","12,84","19,78",0,0,0,"0,0698",0,0,0,"0,4371","0,0698","0,507","0,0309",0,0,"0,6339","0,048","0,0386","0,1457","0,1029","0,6339","0,0318",0,0,"0,6467","0,049","0,0394","0,1489","0,0842","0,6467",0,0,0,"0,0825",0,0,0,"0,9175","0,0825","0,351","0,3426","172,87","177,34",,
tienda_mes,3855,1/5/2026,FYV,Veterana,25,100,7.662,"75,9","0,6498",0,0,"8,76","3,35","0,6316","2,29","3,19","8,76","18,87","0,6498",0,0,"8,64","3,2","0,6316","2,29","1,79","8,64","17,19",0,0,0,"0,122","0,1441",0,0,"1,41","0,122","1,67","0,0352",0,0,"0,466","0,1773","0,0331","0,1212","0,1672","0,466","0,0383",0,0,"0,5028","0,1864","0,0364","0,1321","0,1041","0,5028",0,0,0,"0,0769","0,0492",0,0,"0,8739","0,0769","0,2567","0,2331","245,45","267,03",,
tienda_mes,3855,1/5/2026,HORNO,Veterana,25,61,1.045,"17,54","0,464","1,21","1,6",0,0,"1,33","3,29","0,6286","2,8","8,52","0,464","1,21","1,47",0,0,"0,9697","3,29","0,4528","2,68","7,86",0,0,"0,1224",0,0,"0,3636",0,"0,1759","0,1224","0,6618","0,0546","0,1395","0,183",0,0,"0,1606","0,3982","0,0642","0,3224","0,06","0,1515","0,1876",0,0,"0,1275","0,4222","0,0512","0,3391",0,0,"0,2",0,0,"0,6",0,"0,2","0,2","0,4988","0,4577","128,48","138,42",,
tienda_mes,3855,1/5/2026,PENDIENTES,Veterana,25,60,276,"4,69","0,4195","0,7581","0,4222",0,"0,0144","0,2696","1,16","2,56","1,18","5,6","0,4195","0,7581","0,4222",0,"0,0144","0,2696","1,16","1,22","1,18","4,26",0,0,0,0,0,0,0,"1,34",0,"1,34","0,0915","0,1293","0,0795",0,"0,0017","0,0675","0,23","0,4005","0,2088","0,1057","0,167","0,0932",0,"0,0017","0,0811","0,2778","0,2735","0,2602",0,0,0,0,0,0,0,1,0,"1,5","1,05","57,59","70,23",,
tienda_mes,3930,1/5/2026,GLOBAL,Liebre,24,,53.504,,,,,,,,,,,,,,,,,,,,,,,,,,,,,,,,,,,,,,,,,,,,,,,,,,,,,,,,,,,,,,,"0,3237","0,3168"
tienda_mes,3930,1/5/2026,SECOS,Veterana,24,209,29.772,"141,31","2,32","12,33","20,5",0,0,"1,96","1,04","1,49","32,82","39,63","2,24","12,23","20,26",0,0,"1,89","1,04","1,35","32,48","39,01","0,0765","0,1018","0,2379",0,0,"0,0679",0,"0,1324","0,3396","0,6165","0,0593","0,3109","0,5155",0,0,"0,0498","0,0263","0,0383","0,8264","0,0582","0,3128","0,5178",0,0,"0,0487","0,0266","0,0358","0,8306","0,0558","0,2857","0,2804",0,0,"0,1769",0,"0,2012","0,5661","0,2836","0,2801","214,46","217,87",,
tienda_mes,3930,1/5/2026,REFRIGERADO,Veterana,24,97,8.489,"86,49","1,88","6,24","10,66",0,0,"1,14","2,5","2,34","16,9","24,77","1,82","5,87","10,34",0,0,"1,14","2,5","2,05","16,21","23,71","0,059","0,3745","0,3244",0,0,0,0,"0,2983","0,6989","1,06","0,0779","0,2523","0,4255",0,0,"0,0464","0,1008","0,0972","0,6778","0,0787","0,2503","0,429",0,0,"0,0485","0,105","0,0886","0,6793","0,0254","0,4418","0,2163",0,0,0,0,"0,3165","0,6581","0,2907","0,2796","212,22","221,06",,
tienda_mes,3930,1/5/2026,CONGELADO,Veterana,24,84,2.680,"32,25","2,36","2,91","5,29",0,0,"0,9228","2,19","2,24","8,2","15,92","1,76","2,91","5,29",0,0,"0,9228","2,19","1,76","8,2","14,83","0,6001",0,0,0,0,0,0,"0,4894",0,"1,09","0,1439","0,1843","0,3313",0,0,"0,0602","0,1354","0,1449","0,5155","0,1232","0,1937","0,354",0,0,"0,0645","0,1443","0,1204","0,5477","0,2857",0,0,0,0,0,0,"0,7143",0,"0,5129","0,4749","123,38","131,74",,
tienda_mes,3930,1/5/2026,FRESCOS,Veterana,24,100,6.776,"67,31","2,62",0,0,"18,51","1,45","1,18","4,2","1,8","18,51","29,76","2,37",0,0,"18,33","1,45","1,18","4,12","1,75","18,33","29,2","0,2446",0,0,"0,1869",0,0,"0,0775","0,0431","0,1869","0,5521","0,0889",0,0,"0,6198","0,0476","0,0406","0,1414","0,0616","0,6198","0,082",0,0,"0,6253","0,0483","0,0414","0,1417","0,0612","0,6253","0,4221",0,0,"0,3333",0,0,"0,0779","0,1667","0,3333","0,4528","0,4446","137,86","140,64",,
tienda_mes,3930,1/5/2026,FYV,Veterana,24,81,4.622,"57,1","2,15",0,0,"7,66","3,9","1,63","2,51","1,12","7,66","18,97","1,92",0,0,"7,66","3,9","1,63","2,51","0,9896","7,66","18,61","0,2321",0,0,0,0,0,0,"0,1274",0,"0,3596","0,1134",0,0,"0,4019","0,2052","0,0885","0,1334","0,0576","0,4019","0,1039",0,0,"0,4084","0,209","0,0901","0,1358","0,0528","0,4084","0,7485",0,0,0,0,0,0,"0,2515",0,"0,3381","0,3326","181,64","184,67",,
tienda_mes,3930,1/5/2026,HORNO,Veterana,24,50,1.079,"21,91","0,2993","1,56","1,29",0,0,"1,02","4,46","0,149","2,85","8,78","0,2993","1,56","1,29",0,0,"1,02","4,46","0,149","2,85","8,78",0,0,0,0,0,0,0,0,0,0,"0,0375","0,1734","0,1433",0,0,"0,1222","0,5055","0,0181","0,3167","0,0375","0,1734","0,1433",0,0,"0,1222","0,5055","0,0181","0,3167",,,,,,,,,,"0,4406","0,4406","150,99","150,99",,
tienda_mes,3930,1/5/2026,PENDIENTES,Veterana,20,26,86,"3,52","0,9565","0,6698","0,6722",0,0,"0,8011","2,03","1,88","1,34","7,01","0,9565","0,6698","0,6722",0,0,"0,8011","2,03","1,3","1,34","6,43",0,0,0,0,0,0,0,"0,5857",0,"0,5857","0,1509","0,0891","0,0807",0,0,"0,1646","0,2697","0,2451","0,1698","0,1526","0,0915","0,0853",0,0,"0,1744","0,2928","0,2035","0,1768",0,0,0,0,0,0,0,1,0,"2,57","2,27","31,78","33,89",,
tienda_mes,3968,1/5/2026,GLOBAL,Liebre,25,,221.807,,,,,,,,,,,,,,,,,,,,,,,,,,,,,,,,,,,,,,,,,,,,,,,,,,,,,,,,,,,,,,,"0,3201","0,3034"
tienda_mes,3968,1/5/2026,SECOS,Veterana,25,790,119.312,"150,21","1,54","13,38","23,89",0,"0,0013","1,23","1,17","4,27","37,27","45,48","1,52","13,3","23,35",0,"0,0013","1,19","1,16","2,22","36,65","42,73","0,0298","0,0826","0,5445",0,0,"0,0341","0,0098","2,05","0,6271","2,75","0,0339","0,2938","0,5252",0,0,"0,027","0,0256","0,0945","0,819","0,0354","0,311","0,5467",0,0,"0,0278","0,027","0,052","0,8577","0,0106","0,0302","0,1755",0,0,"0,0101","0,0043","0,7692","0,2058","0,3031","0,2848","198,23","211,27",,
tienda_mes,3968,1/5/2026,REFRIGERADO,Veterana,25,344,40.572,"117,54","1,12","8,85","11,44",0,0,"1,09","3,04","3,76","20,3","29,31","1,1","8,77","11,39",0,0,"1,09","3,02","2,98","20,16","28,35","0,0184","0,0809","0,0545",0,0,0,"0,0223","0,7834","0,1354","0,9595","0,0379","0,301","0,3912",0,0,"0,0373","0,1036","0,129","0,6922","0,0385","0,3082","0,4028",0,0,"0,0386","0,1064","0,1055","0,711","0,0101","0,0735","0,0387",0,0,0,"0,0172","0,8605","0,1122","0,2496","0,2416","241,34","249,61",,
tienda_mes,3968,1/5/2026,CONGELADO,Veterana,25,256,12.773,"49,48",1,"3,59","6,91",0,0,"1,02","2,6","3,19","10,51","18,32","0,9528","3,59","6,85",0,0,"1,02","2,55","2,66","10,45","17,63","0,0493",0,"0,0572",0,0,0,"0,054","0,5315","0,0572","0,6919","0,0541","0,1952","0,3777",0,0,"0,0565","0,1432","0,1733","0,5729","0,0536","0,2025","0,3887",0,0,"0,0586","0,1455","0,1511","0,5912","0,034",0,"0,0656",0,0,0,"0,1132","0,7873","0,0656","0,3731","0,3591","163,18","169,27",,
tienda_mes,3968,1/5/2026,FRESCOS,Veterana,25,302,24.255,"79,7","1,26",0,0,"20,66","1,84","1,19","4,85","4,69","20,66","34,49","1,26",0,0,"20,49","1,84","1,19","4,85","2,68","20,49","32,31",0,0,0,"0,1652",0,0,0,"2,02","0,1652","2,18","0,0366",0,0,"0,5981","0,0532","0,0345","0,1411","0,1364","0,5981","0,0391",0,0,"0,6336","0,0568","0,0368","0,1507","0,0831","0,6336",0,0,0,"0,0589",0,0,0,"0,9411","0,0589","0,434","0,4065","139,09","148,53",,
tienda_mes,3968,1/5/2026,FYV,Veterana,25,238,20.337,"85,02","1,83",0,0,"13,84","6,01","1,25","4,47","3,19","13,84","30,58","1,79",0,0,"13,76","5,97","1,21","4,47","1,82","13,76","29,02","0,0336",0,0,"0,0868","0,0384","0,0352",0,"1,36","0,0868","1,56","0,0601",0,0,"0,4511","0,1963","0,0407","0,147","0,1048","0,4511","0,0621",0,0,"0,4727","0,2058","0,042","0,1549","0,0625","0,4727","0,0083",0,0,"0,0825","0,0114","0,023",0,"0,8748","0,0825","0,3631","0,344","166,7","175,84",,
tienda_mes,3968,1/5/2026,HORNO,Veterana,25,153,4.037,"26,47","1,32","1,57","2,54",0,0,"1,05","4,93","0,3352","4,11","11,74","1,32","1,57","2,54",0,0,"1,05","4,85","0,272","4,11","11,6",0,0,0,0,0,0,"0,0796","0,0632",0,"0,1427","0,1121","0,1337","0,216",0,0,"0,089","0,4211","0,0281","0,3497","0,1134","0,1351","0,2184",0,0,"0,09","0,4197","0,0234","0,3534",0,0,0,0,0,0,"0,5","0,5",0,"0,4501","0,4439","136,18","137,76",,
tienda_mes,3968,1/5/2026,PENDIENTES,Veterana,23,76,474,"5,06","0,7979","0,7474","0,1074",0,"0,0016","0,5174","0,8234","3,04","0,8547","6,03","0,7979","0,7474","0,1074",0,"0,0016","0,5174","0,8234","1,55","0,8547","4,55",0,0,0,0,0,0,0,"1,49",0,"1,49","0,1452","0,1215","0,0146",0,"0,0002","0,088","0,1284","0,5021","0,1361","0,1965","0,1573","0,0178",0,"0,0002","0,1215","0,1611","0,3455","0,1751",0,0,0,0,0,0,0,1,0,"2,84","1,91","67,67","82,04",,
tienda_mes,4065,1/5/2026,GLOBAL,Liebre,24,,69.332,,,,,,,,,,,,,,,,,,,,,,,,,,,,,,,,,,,,,,,,,,,,,,,,,,,,,,,,,,,,,,,"0,3056","0,2966"
tienda_mes,4065,1/5/2026,SECOS,Veterana,24,265,33.596,"126,5","1,24","10,41","21,25",0,0,"1,49","1,05","2,95","31,66","38,41","1,17","10,39","20,92",0,0,"1,41","1,05","2,63","31,31","37,57","0,0776","0,0261","0,327",0,0,"0,0818",0,"0,324","0,3531","0,8364","0,0329","0,2702","0,5533",0,0,"0,0391","0,0277","0,0767","0,8236","0,0314","0,2756","0,557",0,0,"0,0377","0,0282","0,07","0,8327","0,0972","0,0625","0,3043",0,0,"0,1039",0,"0,4321","0,3668","0,3043","0,2977","198,34","202,51",,
tienda_mes,4065,1/5/2026,REFRIGERADO,Veterana,24,133,14.707,"110,07","0,9374","8,44","10,37",0,0,"1,13","2,12","1,9","18,81","24,9","0,9374","8,44","10,24",0,0,"1,13","2,12","1,9","18,68","24,77",0,0,"0,127",0,0,0,0,0,"0,127","0,127","0,0385","0,3389","0,4155",0,0,"0,0459","0,0852","0,0761","0,7543","0,0388","0,3406","0,4127",0,0,"0,0461","0,0855","0,0764","0,7533",0,0,1,0,0,0,0,0,1,"0,2299","0,2288","265,24","266,45",,
tienda_mes,4065,1/5/2026,CONGELADO,Veterana,24,93,3.223,"34,53","1,55","2,95","5,35",0,0,"0,6762","1,93","2,61","8,3","15,07","1,35","2,95","5,35",0,0,"0,6762","1,93","2,56","8,3","14,81","0,2054",0,0,0,0,0,0,"0,051",0,"0,2564","0,1003","0,1932","0,3542",0,0,"0,0463","0,13","0,176","0,5473","0,0909","0,196","0,3586",0,0,"0,0471","0,132","0,1753","0,5546","0,5",0,0,0,0,0,0,"0,5",0,"0,4501","0,442","137,17","139,12",,
tienda_mes,4065,1/5/2026,FRESCOS,Veterana,24,125,8.278,"66,08","1,34",0,0,"18,35","1,06","1,16","3,83","2,38","18,35","28,13","1,34",0,0,"18,19","0,9812","1,16","3,83","1,73","18,19","27,24",0,0,0,"0,1679","0,0773",0,0,"0,6438","0,1679","0,889","0,0487",0,0,"0,6494","0,0368","0,0412","0,1383","0,0856","0,6494","0,0504",0,0,"0,6632","0,0359","0,0425","0,1425","0,0655","0,6632",0,0,0,"0,2735","0,1111",0,0,"0,6154","0,2735","0,4295","0,4161","142,09","146,73",,
tienda_mes,4065,1/5/2026,FYV,Veterana,24,101,7.533,"75,47","2,02",0,0,"10,14","3,79","0,7884","1,9","2,85","10,14","21,48","1,49",0,0,"10,14","3,54","0,7884","1,9","1,01","10,14","18,86","0,5303",0,0,0,"0,2525",0,0,"1,83",0,"2,62","0,0944",0,0,"0,4668","0,1772","0,0375","0,0908","0,1333","0,4668","0,0806",0,0,"0,5294","0,1885","0,0429","0,1029","0,0557","0,5294","0,2036",0,0,0,"0,1158",0,0,"0,6806",0,"0,2904","0,2546","211,44","241,02",,
tienda_mes,4065,1/5/2026,HORNO,Veterana,24,61,1.799,"29,2","0,3253","1,35","1,69",0,0,"0,6911","2,26","0,2084","3,04","6,53","0,3253","1,35","1,69",0,0,"0,6911","2,26","0,2084","3,04","6,53",0,0,0,0,0,0,0,0,0,0,"0,0594","0,2211","0,2594",0,0,"0,1008","0,3305","0,0287","0,4805","0,0594","0,2211","0,2594",0,0,"0,1008","0,3305","0,0287","0,4805",,,,,,,,,,"0,2886","0,2886","265,14","265,14",,
tienda_mes,4065,1/5/2026,PENDIENTES,Veterana,23,36,195,"5,25","0,3301","0,4315","0,6663",0,"0,0123","0,2601","0,9805","2,28","1,1","4,96","0,3301","0,4315","0,6663",0,"0,0123","0,2601","0,9805","1,98","1,1","4,66",0,0,0,0,0,0,0,"0,3004",0,"0,3004","0,1023","0,0944","0,0965",0,"0,0125","0,088","0,1864","0,4199","0,1908","0,1047","0,101","0,1018",0,"0,0125","0,0897","0,2005","0,3898","0,2028",0,0,0,0,0,0,0,1,0,"1,17","1,12","66,19","69,64",,
tienda_mes,4140,1/5/2026,GLOBAL,Liebre,25,,127.131,,,,,,,,,,,,,,,,,,,,,,,,,,,,,,,,,,,,,,,,,,,,,,,,,,,,,,,,,,,,,,,"0,3001","0,2838"
tienda_mes,4140,1/5/2026,SECOS,Veterana,25,498,68.840,"137,71","0,9889","10,48","21,28",0,0,"1,13","0,9546","3,55","31,76","38,38","0,9542","10,24","21,18",0,0,"1,12","0,9546","2,78","31,42","37,23","0,0347","0,2335","0,1013",0,0,"0,0139",0,"0,7636","0,3349","1,15","0,026","0,2723","0,5548",0,0,"0,0295","0,0248","0,0927","0,827","0,0259","0,2745","0,5688",0,0,"0,0301","0,0256","0,0751","0,8433","0,0519","0,1229","0,1099",0,0,"0,0091",0,"0,7061","0,2329","0,279","0,2708","216,03","222,75",,
tienda_mes,4140,1/5/2026,REFRIGERADO,Veterana,25,213,23.902,"112,4","0,9152","7,75","10,75",0,0,"1,08","2,06","3,46","18,5","26,02","0,9152","7,68","10,69",0,0,"1,08","2,06","2,74","18,37","25,16",0,"0,0749","0,0624",0,0,0,0,"0,716","0,1374","0,8533","0,0353","0,2979","0,4136",0,0,"0,0416","0,0791","0,1325","0,7115","0,0363","0,3052","0,4249",0,0,"0,043","0,0817","0,1088","0,7301",0,"0,0892","0,0848",0,0,0,0,"0,826","0,174","0,2335","0,2258","259,5","268,11",,
tienda_mes,4140,1/5/2026,CONGELADO,Veterana,25,154,6.854,"43,92","0,8528","2,96","6,13",0,0,"0,8514","1,69","3,6","9,09","16,09","0,8528","2,86","6,13",0,0,"0,8514","1,69","2,59",9,"14,98",0,"0,0952",0,0,0,0,0,"1,01","0,0952","1,11","0,0535","0,1835","0,3832",0,0,"0,0528","0,1055","0,2216","0,5667","0,0573","0,1897","0,4096",0,0,"0,0568","0,1132","0,1733","0,5993",0,"0,1538",0,0,0,0,0,"0,8462","0,1538","0,3708","0,3452","164,6","176,04",,
tienda_mes,4140,1/5/2026,FRESCOS,Veterana,25,205,13.727,"66,33","1,16",0,0,"17,55","1,12","0,8834","2,94","4,66","17,55","28,32","1,16",0,0,"17,51","1,12","0,8834","2,94","2,45","17,51","26,07",0,0,0,"0,0445",0,0,0,"2,21","0,0445","2,26","0,0411",0,0,"0,6215","0,0396","0,0311","0,1036","0,163","0,6215","0,0446",0,0,"0,6715","0,0429","0,0337","0,1124","0,095","0,6715",0,0,0,"0,0135",0,0,0,"0,9865","0,0135","0,4311","0,397","141,78","153,54",,
tienda_mes,4140,1/5/2026,FYV,Veterana,25,154,11.893,"77,65","1,23",0,0,"11,53","5,19","1,32","1,8","6,1","11,53","27,17","1,23",0,0,"11,49","4,97","1,27","1,8","1,95","11,49","22,7",0,0,0,"0,0412","0,2184","0,0565",0,"4,15","0,0412","4,47","0,0449",0,0,"0,4253","0,1904","0,0487","0,0662","0,2244","0,4253","0,054",0,0,"0,5075","0,2195","0,0552","0,0791","0,0848","0,5075",0,0,0,"0,0072","0,0711","0,0149",0,"0,9067","0,0072","0,3522","0,2942","172,46","206,88",,
tienda_mes,4140,1/5/2026,HORNO,Veterana,25,84,1.823,"20,9","0,814","1,47","1,79",0,0,"1,05","4,33","0,1362","3,25","9,58","0,814","1,47","1,68",0,0,"0,9801","4,33","0,1362","3,15","9,41",0,0,"0,1049",0,0,"0,0716",0,0,"0,1049","0,1766","0,0811","0,1512","0,1817",0,0,"0,1107","0,46","0,0153","0,3329","0,0828","0,1539","0,1764",0,0,"0,105","0,4661","0,0159","0,3303",0,0,"0,5",0,0,"0,5",0,0,"0,5","0,4988","0,4907","133,05","135,64",,
tienda_mes,4140,1/5/2026,PENDIENTES,Veterana,16,26,91,"3,82","0,4972","0,4944","0,2265",0,0,"0,4832","0,4278","4,38","0,7209","6,51","0,4972","0,4944","0,2265",0,0,"0,4832","0,4278","1,91","0,7209","4,04",0,0,0,0,0,0,0,"2,48",0,"2,48","0,0842","0,0805","0,0412",0,0,"0,0845","0,0727","0,6369","0,1217","0,1387","0,1338","0,0434",0,0,"0,1492","0,1173","0,4176","0,1772",0,0,0,0,0,0,0,1,0,"3,02","2,08","41,6","71,94",,
tienda_mes,4184,1/5/2026,GLOBAL,Liebre,23,,52.451,,,,,,,,,,,,,,,,,,,,,,,,,,,,,,,,,,,,,,,,,,,,,,,,,,,,,,,,,,,,,,,"0,3059","0,2974"
tienda_mes,4184,1/5/2026,SECOS,Mixta/parcial,23,218,27.502,"125,33","0,5615","8,8","22,85",0,0,"0,7379","0,7005","3,99","31,64","37,64","0,5615","8,8","22,85",0,0,"0,7379","0,7005","3,32","31,64","36,96",0,0,0,0,0,0,0,"0,6783",0,"0,6783","0,0152","0,2344","0,6057",0,0,"0,0201","0,0187","0,1059","0,8401","0,0154","0,2382","0,6168",0,0,"0,0204","0,019","0,0902","0,855",0,0,0,0,0,0,0,1,0,"0,3019","0,2966","200,08","203,55",,
tienda_mes,4184,1/5/2026,REFRIGERADO,Mixta/parcial,23,100,9.254,"93,12","0,3821","6,58","12,29",0,0,"0,8445","1,56","3,17","18,87","24,83","0,3821","6,58","12,29",0,0,"0,8445","1,56","2,68","18,87","24,34",0,0,0,0,0,0,0,"0,4956",0,"0,4956","0,0156","0,2647","0,4962",0,0,"0,034","0,0625","0,1269","0,7609","0,016","0,2708","0,5046",0,0,"0,0347","0,0637","0,1101","0,7755",0,0,0,0,0,0,0,1,0,"0,268","0,2628","225,51","229,9",,
tienda_mes,4184,1/5/2026,CONGELADO,Mixta/parcial,23,74,2.615,"34,97","0,6446","2,45","5,16",0,0,"0,5447","1,46","3,1","7,61","13,36","0,6446","2,45","5,16",0,0,"0,5447","1,46","2,65","7,61","12,91",0,0,0,0,0,0,0,"0,4464",0,"0,4464","0,0511","0,1812","0,3821",0,0,"0,0425","0,1121","0,2309","0,5633","0,0529","0,1861","0,3948",0,0,"0,0435","0,1155","0,2073","0,5809",0,0,0,0,0,0,0,1,0,"0,4002","0,388","154,89","159,81",,
tienda_mes,4184,1/5/2026,FRESCOS,Mixta/parcial,23,95,6.609,"69,55","0,6264",0,0,"15,4","1,21","0,9217","3,51","2,66","15,4","24,34","0,6264",0,0,"15,4","1,21","0,9217","3,51","1,57","15,4","23,25",0,0,0,0,0,0,0,"1,09",0,"1,09","0,0263",0,0,"0,6313","0,0491","0,0386","0,1455","0,1094","0,6313","0,0276",0,0,"0,6614","0,0515","0,0404","0,1517","0,0674","0,6614",0,0,0,0,0,0,0,1,0,"0,3518","0,3367","172,23","181,01",,
tienda_mes,4184,1/5/2026,FYV,Mixta/parcial,23,75,5.209,"68,07","0,8572",0,0,"8,52","3,52","1,31","2,48","1,98","8,52","18,66","0,8572",0,0,"8,52","3,52","1,31","2,48","1,98","8,52","18,66",0,0,0,0,0,0,0,0,0,0,"0,0465",0,0,"0,4565","0,1871","0,0719","0,1326","0,1053","0,4565","0,0465",0,0,"0,4565","0,1871","0,0719","0,1326","0,1053","0,4565",,,,,,,,,,"0,2885","0,2885","217,69","217,69",,
tienda_mes,4184,1/5/2026,HORNO,Mixta/parcial,23,56,961,"17,3","0,1539","0,6922","0,865",0,0,"0,1775","1,93","0,6648","1,56","4,48","0,1539","0,6922","0,865",0,0,"0,1775","1,93","0,1959","1,56","4,01",0,0,0,0,0,0,0,"0,4688",0,"0,4688","0,0382","0,1578","0,1884",0,0,"0,0444","0,4468","0,1244","0,3462","0,0435","0,1735","0,2039",0,0,"0,0486","0,4853","0,0451","0,3775",0,0,0,0,0,0,0,1,0,"0,2768","0,2455","252,34","280,53",,
tienda_mes,4184,1/5/2026,PENDIENTES,Mixta/parcial,23,43,301,"7,38","0,2859","0,519","0,6418",0,0,"0,3281","1,73","4,34","1,16","7,85","0,2859","0,519","0,6418",0,0,"0,3281","1,73","1,88","1,16","5,39",0,0,0,0,0,0,0,"2,46",0,"2,46","0,0398","0,0716","0,078",0,0,"0,0508","0,2277","0,5321","0,1496","0,0719","0,1081","0,1105",0,0,"0,095","0,322","0,2925","0,2186",0,0,0,0,0,0,0,1,0,"1,54","0,9158","58,26","90,13",,
tienda_mes,4281,1/5/2026,GLOBAL,Liebre,25,,121.917,,,,,,,,,,,,,,,,,,,,,,,,,,,,,,,,,,,,,,,,,,,,,,,,,,,,,,,,,,,,,,,"0,2917","0,2852"
tienda_mes,4281,1/5/2026,SECOS,Veterana,25,456,67.302,"147,18","1,24","12,83","21,42",0,0,"1,02","1,12","3,05","34,25","40,69","1,24","12,73","21,34",0,0,"1,02","1,12","2,24","34,07","39,7",0,"0,1071","0,0765",0,0,0,0,"0,8081","0,1836","0,9917","0,0306","0,3151","0,5267",0,0,"0,0252","0,0274","0,075","0,8418","0,0313","0,3204","0,5377",0,0,"0,0258","0,0281","0,0567","0,8581",0,"0,0982","0,0921",0,0,0,0,"0,8097","0,1903","0,277","0,2702","217,71","223,08",,
tienda_mes,4281,1/5/2026,REFRIGERADO,Veterana,25,204,22.962,"112,28","0,9527","8,16","10,28",0,0,"1,31","2,59","2,63","18,44","25,92","0,9217","8,16","10,28",0,0,"1,31","2,59","2,21","18,44","25,47","0,031",0,0,0,0,0,0,"0,4126",0,"0,4435","0,0368","0,3144","0,3975",0,0,"0,0507","0,0995","0,1011","0,712","0,0362","0,3198","0,4044",0,0,"0,0516","0,1012","0,0868","0,7242","0,1",0,0,0,0,0,0,"0,9",0,"0,2323","0,2282","260,54","264,93",,
tienda_mes,4281,1/5/2026,CONGELADO,Veterana,25,148,6.480,"43,76","1,33","2,95","5,71",0,0,"0,8769","2,17","1,84","8,65","14,88","1,33","2,95","5,71",0,0,"0,8769","2,17","1,69","8,65","14,72",0,0,0,0,0,0,0,"0,1542",0,"0,1542","0,0902","0,1986","0,384",0,0,"0,0592","0,1454","0,1225","0,5826","0,091","0,2004","0,3877",0,0,"0,0599","0,1469","0,1141","0,5881",0,0,0,0,0,0,0,1,0,"0,3434","0,3399","176,99","178,7",,
tienda_mes,4281,1/5/2026,FRESCOS,Veterana,25,184,13.823,"74,83","0,8251",0,0,"17,76","1,15","1,19","4,74","3,06","17,76","28,73","0,8251",0,0,"17,76","1,15","1,19","4,74","2,55","17,76","28,21",0,0,0,0,0,0,0,"0,5155",0,"0,5155","0,0287",0,0,"0,6181","0,0398","0,0415","0,1658","0,106","0,6181","0,0292",0,0,"0,6288","0,0405","0,0423","0,1689","0,0903","0,6288",0,0,0,0,0,0,0,1,0,"0,3849","0,3781","157,27","160,04",,
tienda_mes,4281,1/5/2026,FYV,Veterana,25,136,9.497,"70,22","1,12",0,0,"8,41","4,09","1,06","2,83","2,6","8,41","20,12","1,12",0,0,"8,41","4,05","1,06","2,83","2,19","8,41","19,66",0,0,0,0,"0,0492",0,0,"0,4049",0,"0,4541","0,0558",0,0,"0,4176","0,2027","0,053","0,1411","0,1297","0,4176","0,0571",0,0,"0,4269","0,2049","0,0543","0,1444","0,1124","0,4269",0,0,0,0,"0,125",0,0,"0,875",0,"0,2893","0,2825","210,6","215,17",,
tienda_mes,4281,1/5/2026,HORNO,Veterana,25,79,1.369,"17,6","0,3009","0,7924","1,73",0,0,"0,678","3,73","0,4432","2,52","7,67","0,3009","0,7924","1,73",0,0,"0,5945","3,73","0,3538","2,52","7,5",0,0,0,0,0,"0,0835",0,"0,0894",0,"0,173","0,0389","0,1047","0,2239",0,0,"0,0871","0,493","0,0524","0,3286","0,0393","0,1065","0,227",0,0,"0,0809","0,4999","0,0464","0,3335",0,0,0,0,0,"0,5",0,"0,5",0,"0,4408","0,4332","141,46","143,53",,
tienda_mes,4281,1/5/2026,PENDIENTES,Veterana,25,81,483,"5,88","1,08","3,45","1,86",0,0,"0,6731","1,94","1,72","5,31","10,72","1,08","2,97","1,78",0,0,"0,6731","1,94","1,19","4,74","9,63",0,"0,481","0,0841",0,0,0,0,"0,5292","0,5651","1,09","0,1125","0,2988","0,1694",0,0,"0,066","0,1894","0,1639","0,4682","0,1205","0,2882","0,1849",0,0,"0,0732","0,208","0,1253","0,4731",0,"0,5","0,1",0,0,0,0,"0,4","0,6","2,42","2,23","33,41","36,78",,
tienda_mes,4296,1/5/2026,GLOBAL,Liebre,25,,92.932,,,,,,,,,,,,,,,,,,,,,,,,,,,,,,,,,,,,,,,,,,,,,,,,,,,,,,,,,,,,,,,"0,2938","0,2802"
tienda_mes,4296,1/5/2026,SECOS,Veterana,25,345,51.416,"147,98","0,7592","10,06","23,43",0,0,"0,6939","0,7898","4,37","33,49","40,11","0,7592","10,06","23,19",0,0,"0,6939","0,7898","2,78","33,25","38,27",0,0,"0,2391",0,0,0,0,"1,6","0,2391","1,84","0,019","0,2499","0,5843",0,0,"0,0175","0,0198","0,1096","0,8342","0,0199","0,2616","0,6067",0,0,"0,0182","0,0207","0,073","0,8683",0,0,"0,0846",0,0,0,0,"0,9154","0,0846","0,2717","0,2593","221,72","232,3",,
tienda_mes,4296,1/5/2026,REFRIGERADO,Veterana,25,158,17.110,"108,36","0,4917","6,57","11,26",0,0,"1,26","2,19","3,39","17,83","25,17","0,4917","6,57","11,21",0,0,"1,26","2,19","2,67","17,78","24,39",0,0,"0,0536",0,0,0,0,"0,7201","0,0536","0,7737","0,0191","0,2603","0,4472",0,0,"0,0504","0,0867","0,1363","0,7075","0,0197","0,2685","0,4597",0,0,"0,0519","0,0893","0,111","0,7282",0,0,"0,0714",0,0,0,0,"0,9286","0,0714","0,2332","0,2263","259,9","268,06",,
tienda_mes,4296,1/5/2026,CONGELADO,Veterana,25,129,5.188,"40,12","0,8625","2,6","6,29",0,0,"0,6287","1,81","3,63","8,89","15,83","0,8625","2,6","6,29",0,0,"0,6287","1,81","2,34","8,89","14,54",0,0,0,0,0,0,0,"1,29",0,"1,29","0,0547","0,1619","0,4015",0,0,"0,04","0,1154","0,2266","0,5634","0,0582","0,1755","0,4363",0,0,"0,0432","0,1249","0,1619","0,6118",0,0,0,0,0,0,0,1,0,"0,3993","0,3673","154,34","167,42",,
tienda_mes,4296,1/5/2026,FRESCOS,Veterana,25,157,10.994,"69,5","0,8207",0,0,"16,39","0,8767","0,7548","3,25","4,16","16,39","26,25","0,8207",0,0,"16,35","0,8767","0,7548","3,25","2,82","16,35","24,87",0,0,0,"0,0428",0,0,0,"1,34","0,0428","1,38","0,0312",0,0,"0,6232","0,0334","0,0293","0,1243","0,1586","0,6232","0,0328",0,0,"0,6566","0,0354","0,0309","0,1312","0,1132","0,6566",0,0,0,"0,0588",0,0,0,"0,9412","0,0588","0,3801","0,3602","159,64","168,95",,
tienda_mes,4296,1/5/2026,FYV,Veterana,25,117,6.753,"58,21","1,2",0,0,"6,63","3,54","1,69","3,44","2,98","6,63","19,48","1,2",0,0,"6,63","3,54","1,69","3,44","1,98","6,63","18,48",0,0,0,0,0,0,0,"0,999",0,"0,999","0,0622",0,0,"0,3386","0,1802","0,0871","0,178","0,1539","0,3386","0,0651",0,0,"0,3563","0,1896","0,0913","0,1868","0,1109","0,3563",0,0,0,0,0,0,0,1,0,"0,3367","0,3206","181,12","190,61",,
tienda_mes,4296,1/5/2026,HORNO,Veterana,25,67,1.168,"17,57","0,708","0,9857","1,6",0,0,"1,32","3,63","0,2992","2,58","8,54","0,708","0,9857","1,6",0,0,"0,9976","3,63","0,2992","2,58","8,22",0,0,0,0,0,"0,3206",0,0,0,"0,3206","0,0836","0,1152","0,1874",0,0,"0,1527","0,4261","0,0351","0,3026","0,087","0,1184","0,1925",0,0,"0,1224","0,4425","0,0372","0,3109",0,0,0,0,0,1,0,0,0,"0,5144","0,4865","126,18","130,44",,
tienda_mes,4296,1/5/2026,PENDIENTES,Veterana,25,61,303,"5,24","0,2331","0,5931","0,6058",0,"0,0527","0,467","1,87","2,98","1,2","6,8","0,2331","0,5931","0,6058",0,"0,0527","0,467","1,87","2,1","1,2","5,92",0,0,0,0,0,0,0,"0,8754",0,"0,8754","0,0438","0,0918","0,0824",0,"0,0047","0,0818","0,2735","0,4219","0,1743","0,0469","0,0982","0,0968",0,"0,0047","0,0899","0,3389","0,3246","0,195",0,0,0,0,0,0,0,1,0,"1,48","1,23","50,12","58,97",,
tienda_mes,4308,1/5/2026,GLOBAL,Liebre,25,,142.057,,,,,,,,,,,,,,,,,,,,,,,,,,,,,,,,,,,,,,,,,,,,,,,,,,,,,,,,,,,,,,,"0,2959","0,2912"
tienda_mes,4308,1/5/2026,SECOS,Veterana,25,513,66.766,"130,11","1,54","8,66","20,84",0,0,"1,66","0,9547","2,52","29,5","36,18","1,5","8,66","20,7",0,0,"1,65","0,9547","2,35","29,36","35,82","0,0357",0,"0,1361",0,0,"0,0146",0,"0,1672","0,1361","0,3536","0,0426","0,2383","0,576",0,0,"0,0463","0,0265","0,0703","0,8143","0,042","0,2406","0,5781",0,0,"0,0464","0,0267","0,0662","0,8187","0,0868",0,"0,2107",0,0,"0,0588",0,"0,6436","0,2107","0,2787","0,276","216,03","218,14",,
tienda_mes,4308,1/5/2026,REFRIGERADO,Veterana,25,232,27.552,"118,87","1,2","6,83","10,02",0,0,"1,22","1,89","3,59","16,86","24,75","1,17","6,8","10,02",0,0,"1,22","1,89","3,13","16,82","24,23","0,0301","0,0386",0,0,0,0,0,"0,4515","0,0386","0,5202","0,0484","0,2751","0,4059",0,0,"0,0494","0,0759","0,1453","0,681","0,0482","0,2795","0,4146",0,0,"0,0504","0,0775","0,1298","0,6941","0,0714","0,0301",0,0,0,0,0,"0,8985","0,0301","0,209","0,2048","288,77","295,16",,
tienda_mes,4308,1/5/2026,CONGELADO,Veterana,25,163,5.879,"36,12","0,8751","2,83","4,5",0,0,"1,15","1,76","2,6","7,33","13,71","0,8751","2,83","4,5",0,0,"1,15","1,76","2,38","7,33","13,49",0,0,0,0,0,0,0,"0,2211",0,"0,2211","0,0636","0,2064","0,3284",0,0,"0,0842","0,1274","0,1899","0,5348","0,0645","0,2091","0,3324",0,0,"0,0854","0,1294","0,1792","0,5414",0,0,0,0,0,0,0,1,0,"0,3816","0,3762","159,18","161,09",,
tienda_mes,4308,1/5/2026,FRESCOS,Veterana,25,238,20.664,"86,87","1,26",0,0,"21,21","2,13","1,06","5,34","2,66","21,21","33,67","1,26",0,0,"21,16","2,13","0,9666","5,34","2,2","21,16","33,06",0,0,0,"0,0512",0,"0,0931",0,"0,4596","0,0512","0,6039","0,0377",0,0,"0,6299","0,0631","0,0314","0,1586","0,0792","0,6299","0,0384",0,0,"0,6401","0,0643","0,0292","0,1616","0,0664","0,6401",0,0,0,"0,1121",0,"0,1538",0,"0,734","0,1121","0,3887","0,3815","155,07","157,89",,
tienda_mes,4308,1/5/2026,FYV,Veterana,25,193,17.873,"92,71","1,16",0,0,"11,4","5,85","1,17","4,01","1,82","11,4","25,4","1,16",0,0,"11,4","5,71","1,17","4,01","1,56","11,4","25,01",0,0,0,0,"0,1403",0,0,"0,2572",0,"0,3975","0,0457",0,0,"0,4481","0,2301","0,046","0,1579","0,0721","0,4481","0,0464",0,0,"0,4553","0,2284","0,0467","0,1604","0,0627","0,4553",0,0,0,0,"0,3",0,0,"0,7",0,"0,2757","0,2712","219,05","222,55",,
tienda_mes,4308,1/5/2026,HORNO,Veterana,25,99,1.918,"19,4","0,5087","1,24","1,72",0,0,"0,3912","4,13","0,5495","2,96","8,54","0,443","1,24","1,72",0,0,"0,3912","4,06","0,438","2,96","8,29","0,0657",0,0,0,0,0,"0,0706","0,1115",0,"0,2478","0,0533","0,1436","0,2059",0,0,"0,0445","0,4893","0,0634","0,3495","0,0489","0,1464","0,2099",0,0,"0,046","0,4939","0,0549","0,3563","0,5",0,0,0,0,0,"0,1939","0,3061",0,"0,4485","0,4365","142,95","146,6",,
tienda_mes,4308,1/5/2026,PENDIENTES,Veterana,25,121,1.380,"11,23","1,34","3,11","3,08",0,"0,0238","0,9944","3,6","2,13","6,19","14,27","1,34","2,96",3,0,"0,0238","0,9298","3,6","1,71","5,96","13,56",0,"0,1473","0,0819",0,0,"0,0646",0,"0,4167","0,2292","0,7105","0,0956","0,2133","0,2139",0,"0,0019","0,0695","0,2545","0,1513","0,4273","0,1001","0,2164","0,2201",0,"0,0019","0,0691","0,2662","0,1262","0,4365",0,"0,1669","0,0971",0,0,"0,0619",0,"0,6741","0,264","1,42","1,34","48,29","51,19",,
tienda_mes,4315,1/5/2026,GLOBAL,Liebre,25,,66.729,,,,,,,,,,,,,,,,,,,,,,,,,,,,,,,,,,,,,,,,,,,,,,,,,,,,,,,,,,,,,,,"0,3105","0,2907"
tienda_mes,4315,1/5/2026,SECOS,Veterana,25,266,35.112,"130,92","0,3132","8,59","24,54",0,0,"0,8327","0,7653","4,71","33,13","39,75","0,3132","8,59","24,13",0,0,"0,8327","0,7653","2,85","32,73","37,48",0,0,"0,404",0,0,0,0,"1,86","0,404","2,27","0,008","0,2172","0,6153",0,0,"0,0211","0,0193","0,1191","0,8325","0,0085","0,2297","0,6425",0,0,"0,0223","0,0203","0,0767","0,8722",0,0,"0,1571",0,0,0,0,"0,8429","0,1571","0,3073","0,2899","197,31",209,,
tienda_mes,4315,1/5/2026,REFRIGERADO,Veterana,25,125,12.261,"98,19","0,2503","5,55","11,92",0,0,"0,8662","2,8","3,1","17,48","24,49","0,2503","5,55","11,63",0,0,"0,8662","2,8","2,46","17,18","23,56",0,0,"0,292",0,0,0,0,"0,6422","0,292","0,9342","0,0104","0,2295","0,4852",0,0,"0,0361","0,1138","0,125","0,7147","0,0107","0,2378","0,4912",0,0,"0,037","0,1175","0,1057","0,7291",0,0,"0,3983",0,0,0,0,"0,6017","0,3983","0,251","0,242","243,39","251,71",,
tienda_mes,4315,1/5/2026,CONGELADO,Veterana,25,97,3.508,"35,81","0,4167","2,19","5,49",0,0,"0,831","2,01","2,91","7,68","13,85","0,4167","2,19","5,3",0,0,"0,7569","2,01","2,19","7,49","12,86",0,0,"0,1928",0,0,"0,0741",0,"0,7253","0,1928","0,9921","0,0315","0,1616","0,388",0,0,"0,063","0,1477","0,2082","0,5497","0,0346","0,1728","0,4057",0,0,"0,0605","0,1582","0,1682","0,5785",0,0,"0,1356",0,0,"0,1429",0,"0,7216","0,1356","0,399","0,3689","159,07","170,44",,
tienda_mes,4315,1/5/2026,FRESCOS,Veterana,25,123,7.452,"60,92","0,381",0,0,"16,03","1,3","1,05","3,85","3,84","16,03","26,46","0,381",0,0,"15,28","1,3","1,05","3,85","2,17","15,28","24,03",0,0,0,"0,7556",0,0,0,"1,67","0,7556","2,43","0,0146",0,0,"0,6018","0,0488","0,0409","0,1466","0,1471","0,6018","0,016",0,0,"0,6342","0,0534","0,0448","0,1612","0,0904","0,6342",0,0,0,"0,2651",0,0,0,"0,7349","0,2651","0,4372","0,3971","140,17","153,98",,
tienda_mes,4315,1/5/2026,FYV,Veterana,25,96,7.168,"74,43","0,7423",0,0,"9,1","3,72","0,9009","2,69","2,51","9,1","19,66","0,7423",0,0,"9,05","3,72","0,9009","2,69","1,08","9,05","18,18",0,0,0,"0,0569",0,0,0,"1,43","0,0569","1,49","0,0376",0,0,"0,4656","0,1886","0,0487","0,1363","0,1232","0,4656","0,0403",0,0,"0,5003","0,203","0,0521","0,146","0,0584","0,5003",0,0,0,"0,0833",0,0,0,"0,9167","0,0833","0,2707","0,2522","229,87","249,42",,
tienda_mes,4315,1/5/2026,HORNO,Veterana,25,64,1.185,"18,56","0,2401","0,7423","0,8945",0,0,"0,3209","1,8","1,49","1,64","5,48","0,2401","0,7423","0,8945",0,0,"0,3209","1,8","0,1524","1,64","4,15",0,0,0,0,0,0,0,"1,33",0,"1,33","0,0499","0,1517","0,1769",0,0,"0,0639","0,3655","0,192","0,3287","0,0563","0,1757","0,2145",0,0,"0,0746","0,4439","0,0349","0,3902",0,0,0,0,0,0,0,1,0,"0,3188","0,2338","227,29","273,8",,
tienda_mes,4315,1/5/2026,PENDIENTES,Veterana,14,19,43,"2,43","0,1808","0,3602","0,4594",0,0,"0,182","0,3752","2,96","0,8196","4,52","0,1808","0,3602","0,4594",0,0,"0,182","0,3752","0,1791","0,8196","1,74",0,0,0,0,0,0,0,"2,79",0,"2,79","0,1004","0,129","0,1185",0,0,"0,1675","0,1695","0,3151","0,2475","0,1334","0,1809","0,1584",0,0,"0,1971","0,2405","0,0898","0,3392",0,0,0,0,0,0,0,1,0,"2,15","1,08","94,81","139,16",,
tienda_mes,4346,1/5/2026,GLOBAL,Liebre,25,,96.201,,,,,,,,,,,,,,,,,,,,,,,,,,,,,,,,,,,,,,,,,,,,,,,,,,,,,,,,,,,,,,,"0,2979","0,2858"
tienda_mes,4346,1/5/2026,SECOS,Veterana,25,341,53.304,"156,05","1,34","10,72","22,88",0,0,"1,41","1,73","3,65","33,59","41,71","1,24","10,68","22,52",0,0,"1,35","1,73","2,46","33,2","39,98","0,0974","0,0379","0,3569",0,0,"0,0553",0,"1,19","0,3949","1,74","0,0319","0,2556","0,5494",0,0,"0,0339","0,0415","0,0878","0,805","0,0308","0,2653","0,5649",0,0,"0,0339","0,0434","0,0617","0,8302","0,0654","0,0167","0,1444",0,0,"0,012",0,"0,7615","0,1611","0,2694","0,2583","224,22","233,87",,
tienda_mes,4346,1/5/2026,REFRIGERADO,Veterana,25,174,17.745,"101,57","1,28","7,26","13,16",0,0,"1,15","2,8","3,37","20,42","29,02","1,28","7,09","12,52",0,0,"0,9854","2,74","2,32","19,62","26,94",0,"0,1669","0,6409",0,0,"0,1633","0,0582","1,05","0,8079","2,08","0,0447","0,2493","0,4536",0,0,"0,04","0,0962","0,1162","0,7028","0,0477","0,2616","0,4664",0,0,"0,037","0,1012","0,0861","0,7281",0,"0,0927","0,2856",0,0,"0,059","0,027","0,5357","0,3783","0,2865","0,2665","211,84","227,45",,
tienda_mes,4346,1/5/2026,CONGELADO,Veterana,25,117,4.827,"41,76","1,48","2,81","7,01",0,0,"0,9031","1,93","2,95","9,83","17,08","1,4","2,81","6,91",0,0,"0,7496","1,93","2,61","9,73","16,41","0,0776",0,"0,1004",0,0,"0,1535",0,"0,3397","0,1004","0,6713","0,0858","0,1636","0,4137",0,0,"0,0504","0,1124","0,1741","0,5772","0,0847","0,1717","0,4231",0,0,"0,0446","0,117","0,1589","0,5948","0,1429",0,"0,1429",0,0,"0,2149",0,"0,4993","0,1429","0,4224","0,4055","146,87","152,95",,
tienda_mes,4346,1/5/2026,FRESCOS,Veterana,25,144,10.427,"72,25","1,72",0,0,"17,57","1,33","1,09","3,83","2,39","17,57","27,92","1,65",0,0,"17,34","1,33","1,09","3,76","1,94","17,34","27,12","0,0735",0,0,"0,2261",0,0,"0,0642","0,4427","0,2261","0,8065","0,0613",0,0,"0,6288","0,0475","0,0391","0,1388","0,0846","0,6288","0,0608",0,0,"0,6386","0,0489","0,0401","0,1402","0,0713","0,6386","0,0909",0,0,"0,3208",0,0,"0,0909","0,4974","0,3208","0,3871","0,3761","156,13","160,65",,
tienda_mes,4346,1/5/2026,FYV,Veterana,25,111,7.976,"71,9","1,79",0,0,"9,01","4,03","1,37","2,93","1,49","9,01","20,63","1,74",0,0,"9,01","3,98","1,37","2,93","1,3","9,01","20,34","0,0505",0,0,0,"0,0495",0,0,"0,1923",0,"0,2923","0,0869",0,0,"0,4358","0,1952","0,0679","0,1423","0,0721","0,4358","0,0856",0,0,"0,4414","0,1958","0,0689","0,144","0,0644","0,4414","0,25",0,0,0,"0,2015",0,0,"0,5485",0,"0,2902","0,2861","210,77","213,34",,
tienda_mes,4346,1/5/2026,HORNO,Veterana,25,73,1.310,"18,21","0,4747","1,1","1,71",0,0,"1,15","3,57","0,6754","2,81","8,69","0,4747","1,1","1,61",0,0,"1,15","3,57","0,3914","2,71","8,3",0,0,"0,1039",0,0,0,0,"0,284","0,1039","0,388","0,0553","0,1242","0,1919",0,0,"0,1398","0,4322","0,0566","0,3161","0,0561","0,1285","0,1885",0,0,"0,1429","0,4395","0,0445","0,317",0,0,"0,5",0,0,0,0,"0,5","0,5","0,4889","0,4766","127,87","131,52",,
tienda_mes,4346,1/5/2026,PENDIENTES,Veterana,25,59,574,"9,37","0,4228","0,8461","2,1",0,0,"0,604","2,35","0,1493","2,95","6,48","0,4228","0,8461","1,3",0,0,"0,604","2,35","0,1493","2,14","5,68",0,0,"0,8043",0,0,0,0,0,"0,8043","0,8043","0,0868","0,1368","0,2593",0,0,"0,103","0,3837","0,0303","0,3961","0,0923","0,1433","0,2029",0,0,"0,1053","0,4258","0,0303","0,3462",0,0,1,0,0,0,0,0,1,"1,13","0,8237","100,69","105,32",,
tienda_mes,4353,1/5/2026,GLOBAL,Liebre,24,,13.353,,,,,,,,,,,,,,,,,,,,,,,,,,,,,,,,,,,,,,,,,,,,,,,,,,,,,,,,,,,,,,,"0,2889","0,2525"
tienda_mes,4353,1/5/2026,SECOS,No veterana,24,57,7.900,"126,39","0,5003","9,95","16,59",0,0,"0,2285","0,3023","5,35","26,54","32,92","0,5003","9,95","16,59",0,0,"0,2285","0,3023","1,62","26,54","29,19",0,0,0,0,0,0,0,"3,73",0,"3,73","0,0171","0,2977","0,5013",0,0,"0,0074","0,0097","0,1668","0,799","0,0188","0,3296","0,5589",0,0,"0,0082","0,0108","0,0736","0,8886",0,0,0,0,0,0,0,1,0,"0,2704","0,2415","233,93","260,63",,
tienda_mes,4353,1/5/2026,REFRIGERADO,No veterana,24,29,2.004,"66,4","0,2079","3,98","6,6",0,0,"0,1815","0,5783","3,1","10,58","14,65","0,2079","3,98","6,6",0,0,"0,1815","0,5783","0,5356","10,58","12,09",0,0,0,0,0,0,0,"2,56",0,"2,56","0,0177","0,2831","0,4804",0,0,"0,014","0,0537","0,151","0,7636","0,0196","0,3185","0,5348",0,0,"0,0163","0,0573","0,0535","0,8533",0,0,0,0,0,0,0,1,0,"0,221","0,1933","291,04","329,44",,
tienda_mes,4353,1/5/2026,CONGELADO,No veterana,24,24,697,"29,04","0,2618","2,35","4,01",0,0,"0,21","0,8232","4,41","6,36","12,06","0,2618","2,35","4,01",0,0,"0,21","0,8232","1,47","6,36","9,12",0,0,0,0,0,0,0,"2,94",0,"2,94","0,0342","0,1975","0,3314",0,0,"0,0316","0,0849","0,3204","0,5289","0,0393","0,2417","0,4106",0,0,"0,0338","0,0976","0,177","0,6523",0,0,0,0,0,0,0,1,0,"0,4214","0,3476","177,99","214,29",,
tienda_mes,4353,1/5/2026,FRESCOS,No veterana,24,24,1.219,"50,79","0,316",0,0,"10,19","0,6779","0,9319","1,26","5,29","10,19","18,67","0,316",0,0,"10,19","0,6779","0,9319","1,26","2,37","10,19","15,75",0,0,0,0,0,0,0,"2,92",0,"2,92","0,0188",0,0,"0,5396","0,0296","0,0512","0,07","0,2907","0,5396","0,0215",0,0,"0,6124","0,0327","0,0599","0,0789","0,1946","0,6124",0,0,0,0,0,0,0,1,0,"0,5533","0,4909","165,03","187,32",,
tienda_mes,4353,1/5/2026,FYV,No veterana,23,23,1.022,"44,43","0,4245",0,0,"4,64","1,92","0,4261","1,05","4,36","4,64","12,83","0,4245",0,0,"4,64","1,92","0,4261","1,05","1,4","4,64","9,87",0,0,0,0,0,0,0,"2,96",0,"2,96","0,0438",0,0,"0,3812","0,1859","0,0548","0,1026","0,2316","0,3812","0,0483",0,0,"0,44","0,2062","0,0594","0,1137","0,1323","0,44",0,0,0,0,0,0,0,1,0,"0,4245","0,3569","254,03","290,23",,
tienda_mes,4353,1/5/2026,HORNO,No veterana,22,22,146,"6,64","0,0896","0,3555","0,2473",0,0,"0,1773","0,6519","1,43","0,6028","2,95","0,0896","0,3555","0,2473",0,0,"0,1773","0,6519","0,4606","0,6028","1,98",0,0,0,0,0,0,0,"0,9691",0,"0,9691","0,0859","0,1762","0,109",0,0,"0,1217","0,3466","0,1607","0,2852","0,0931","0,1924","0,1194",0,0,"0,1264","0,3699","0,0989","0,3118",0,0,0,0,0,0,0,1,0,"0,5737","0,4476","247,28","276,73",,
tienda_mes,4353,1/5/2026,PENDIENTES,No veterana,22,23,365,"11,43","0,1466","0,2824","0,3876",0,"0,0404","0,1788","0,8057","0,4909","0,6699","2,33","0,1466","0,2824","0,3876",0,"0,0404","0,1788","0,8057","0,1719","0,6699","2,01",0,0,0,0,0,0,0,"0,319",0,"0,319","0,0942","0,1444","0,1454",0,"0,0161","0,1352","0,3895","0,0753","0,2898","0,0961","0,147","0,1487",0,"0,0161","0,1375","0,4156","0,0391","0,2957",0,0,0,0,0,0,0,1,0,"0,3812","0,3357","277,55",286,,
tienda_mes,4389,1/5/2026,GLOBAL,Liebre,25,,53.037,,,,,,,,,,,,,,,,,,,,,,,,,,,,,,,,,,,,,,,,,,,,,,,,,,,,,,,,,,,,,,,"0,2838","0,2764"
tienda_mes,4389,1/5/2026,SECOS,Veterana,25,218,27.132,"122,66","0,7127","4,92","23,72",0,0,"0,703","0,507","3,88","28,65","34,45","0,7127","4,92","23,55",0,0,"0,6789","0,507","2,83","28,48","33,2",0,0,"0,1703",0,0,"0,0241",0,"1,05","0,1703","1,25","0,0207","0,1423","0,689",0,0,"0,0206","0,0147","0,1127","0,8313","0,0215","0,1476","0,7098",0,0,"0,0206","0,0152","0,0852","0,8574",0,0,"0,1575",0,0,"0,0203",0,"0,8222","0,1575","0,282","0,2719","213,61","221,66",,
tienda_mes,4389,1/5/2026,REFRIGERADO,Veterana,25,100,8.425,"84,42","0,7828","3,09","11,49",0,0,"0,8044","1,67","2,6","14,57","20,43","0,7828","3,09","11,42",0,0,"0,8044","1,67","2,39","14,51","20,15",0,0,"0,0645",0,0,0,0,"0,2176","0,0645","0,2821","0,0387","0,151","0,5621",0,0,"0,0396","0,0799","0,1287","0,7132","0,0392","0,1532","0,5665",0,0,"0,0401","0,0812","0,1199","0,7197",0,0,"0,1498",0,0,0,0,"0,8502","0,1498","0,2442","0,2407","248,48","251,57",,
tienda_mes,4389,1/5/2026,CONGELADO,Veterana,25,86,3.754,"43,27","0,7649","1,67","6,89",0,0,"0,5482","1,33","2,7","8,56","13,9","0,7649","1,57","6,89",0,0,"0,5482","1,33","2,26","8,46","13,36",0,"0,104",0,0,0,0,0,"0,4381","0,104","0,542","0,0564","0,1205","0,4967",0,0,"0,04","0,0958","0,1906","0,6172","0,0579","0,1182","0,5125",0,0,"0,0412","0,0998","0,1705","0,6307",0,"0,2",0,0,0,0,0,"0,8","0,2","0,3264","0,3159","188,56","195,87",,
tienda_mes,4389,1/5/2026,FRESCOS,Veterana,25,95,6.914,"72,27","1,01",0,0,"16,38","1,34","0,8604","2,75","3,11","16,38","25,44","1,01",0,0,"16,25","1,34","0,8604","2,75","2,57","16,25","24,77",0,0,0,"0,1265",0,0,0,"0,5407","0,1265","0,6672","0,0405",0,0,"0,6439","0,0518","0,034","0,1085","0,1212","0,6439","0,0414",0,0,"0,6551","0,053","0,0349","0,1114","0,1043","0,6551",0,0,0,"0,2019",0,0,0,"0,7981","0,2019","0,3544","0,3455","170,53","174,8",,
tienda_mes,4389,1/5/2026,FYV,Veterana,25,84,5.744,"67,89","0,9466",0,0,"7,75","3,09","0,9981","2,32","2,18","7,75","17,29","0,9466",0,0,"7,68","3,09","0,9981","2,32","2,18","7,68","17,22",0,0,0,"0,0691",0,0,0,0,"0,0691","0,0691","0,0569",0,0,"0,4402","0,1787","0,0593","0,1352","0,1297","0,4402","0,0571",0,0,"0,4388","0,1792","0,0594","0,1355","0,1301","0,4388",0,0,0,1,0,0,0,0,1,"0,2623","0,2616","233,05","233,65",,
tienda_mes,4389,1/5/2026,HORNO,Veterana,25,56,1.029,"17,48","0,2024","0,6114","0,8732",0,0,"0,3669","1,9","0,1565","1,48","4,11","0,2024","0,6114","0,8732",0,0,"0,3669","1,9","0,1565","1,48","4,11",0,0,0,0,0,0,0,0,0,0,"0,0599","0,1518","0,1949",0,0,"0,0968","0,461","0,0355","0,3467","0,0599","0,1518","0,1949",0,0,"0,0968","0,461","0,0355","0,3467",,,,,,,,,,"0,2738","0,2738","273,52","273,52",,
tienda_mes,4389,1/5/2026,PENDIENTES,Veterana,10,11,37,"3,3","0,3627","0,278","0,194",0,0,"0,1639","0,4082","3,28","0,472","4,69","0,3627","0,278","0,194",0,0,"0,1639","0,4082","2,47","0,472","3,87",0,0,0,0,0,0,0,"0,8127",0,"0,8127","0,1029","0,0773","0,0364",0,0,"0,081","0,0976","0,6049","0,1137","0,1383","0,0855","0,0489",0,0,"0,0952","0,1184","0,5137","0,1344",0,0,0,0,0,0,0,1,0,"1,8","1,5","65,45","88,42",,
tienda_mes,4413,1/5/2026,GLOBAL,Liebre,24,,102.421,,,,,,,,,,,,,,,,,,,,,,,,,,,,,,,,,,,,,,,,,,,,,,,,,,,,,,,,,,,,,,,"0,2822","0,2616"
tienda_mes,4413,1/5/2026,SECOS,Veterana,24,408,60.657,"147,21","1,24","6,74","23,79",0,0,"1,09","0,8683","5,63","30,53","39,35","1,1","6,74","23,39",0,0,1,"0,8683","2,36","30,12","35,46","0,1329",0,"0,4046",0,0,"0,0872",0,"3,27","0,4046","3,9","0,0311","0,1711","0,6036",0,0,"0,0279","0,0222","0,1441","0,7747","0,0312","0,1895","0,659",0,0,"0,0284","0,0246","0,0674","0,8484","0,0306",0,"0,074",0,0,"0,0154",0,"0,8799","0,074","0,2679","0,2417","224,75","249,55",,
tienda_mes,4413,1/5/2026,REFRIGERADO,Veterana,24,169,17.265,"101,72","0,4414","3,95","11,02",0,0,"0,8735","3,66","3,49","14,97","23,44","0,4414","3,95","10,98",0,0,"0,8735","3,66","2,27","14,93","22,17",0,0,"0,0395",0,0,0,0,"1,23","0,0395","1,26","0,0189","0,1695","0,4682",0,0,"0,0377","0,1576","0,1481","0,6377","0,0201","0,1789","0,4933",0,0,"0,0398","0,1662","0,1018","0,6722",0,0,"0,0283",0,0,0,0,"0,9717","0,0283","0,231","0,2181","261,67","276,02",,
tienda_mes,4413,1/5/2026,CONGELADO,Veterana,24,127,4.964,"38,98","0,6607","1,87","5,72",0,0,"0,7008",2,"3,4","7,6","14,36","0,6607","1,87","5,72",0,0,"0,7008",2,"2,63","7,6","13,59",0,0,0,0,0,0,0,"0,7687",0,"0,7687","0,047","0,1306","0,3999",0,0,"0,0485","0,1394","0,2346","0,5305","0,0491","0,1377","0,4209",0,0,"0,0512","0,1468","0,1943","0,5586",0,0,0,0,0,0,0,1,0,"0,3716","0,353","164,74","173,07",,
tienda_mes,4413,1/5/2026,FRESCOS,Veterana,24,153,8.806,"57,8","0,8469",0,0,"12,16","0,893","1,09","2,4","3,96","12,16","21,35","0,8469",0,0,"12,11","0,893","1,09","2,4","3,35","12,11","20,69",0,0,0,"0,0572",0,0,0,"0,6068","0,0572","0,664","0,0401",0,0,"0,5684","0,0414","0,0516","0,1128","0,1858","0,5684","0,0415",0,0,"0,584","0,0424","0,0532","0,1164","0,1625","0,584",0,0,0,"0,0437",0,0,0,"0,9563","0,0437","0,3714","0,3598","163,25","168,2",,
tienda_mes,4413,1/5/2026,FYV,Veterana,24,119,8.836,"74,29","1,16",0,0,"7,52","3,03","0,9923","3,44","3,1","7,52","19,24","1,16",0,0,"7,52","3,03","0,9923","3,44","2,32","7,52","18,45",0,0,0,0,0,0,0,"0,7855",0,"0,7855","0,0603",0,0,"0,3905","0,1575","0,0515","0,179","0,1611","0,3905","0,0627",0,0,"0,4072","0,1639","0,0535","0,187","0,1257","0,4072",0,0,0,0,0,0,0,1,0,"0,2632","0,252","232,04","241,61",,
tienda_mes,4413,1/5/2026,HORNO,Veterana,24,72,1.375,"19,23","0,3193","0,883","1,69",0,0,"2,25","2,36","0,0324","2,57","7,53","0,3193","0,883","1,45",0,0,"2,18","2,36","0,0324","2,33","7,22",0,0,"0,2405",0,0,"0,0737",0,0,"0,2405","0,3142","0,0443","0,119","0,203",0,0,"0,3097","0,319","0,0049","0,3221","0,0453","0,1232","0,1932",0,0,"0,3076","0,3257","0,0049","0,3164",0,0,"0,5",0,0,"0,5",0,0,"0,5","0,3985","0,3855","158,73","162,92",,
tienda_mes,4413,1/5/2026,PENDIENTES,Veterana,24,74,515,"7,01","0,8693","2,44","1,79",0,0,"0,5178","1,68","3,29","4,23","10,6","0,8693","2,35","1,79",0,0,"0,5178","1,68","2,34","4,14","9,54",0,"0,0972",0,0,0,0,0,"0,9565","0,0972","1,05","0,0814","0,19","0,1598",0,0,"0,0595","0,1728","0,3365","0,3499","0,0915","0,2066","0,1794",0,0,"0,0653","0,1924","0,2647","0,386",0,"0,1111",0,0,0,0,0,"0,8889","0,1111","1,65","1,46","44,08","48,59",,
tienda_mes,4443,1/5/2026,GLOBAL,Liebre,24,,94.041,,,,,,,,,,,,,,,,,,,,,,,,,,,,,,,,,,,,,,,,,,,,,,,,,,,,,,,,,,,,,,,"0,3033","0,266"
tienda_mes,4443,1/5/2026,SECOS,Veterana,24,329,53.727,"162,04","0,6336","8,23","26,69",0,0,"0,7443","1,07","6,14","34,93","43,52","0,5842","8,23","26,16",0,0,"0,6429","1,05","1,58","34,4","38,26","0,0494",0,"0,5305",0,0,"0,1014","0,0229","4,56","0,5305","5,26","0,0142","0,1877","0,6143",0,0,"0,0166","0,0244","0,1427","0,802","0,015","0,2127","0,6881",0,0,"0,0161","0,027","0,0412","0,9008","0,0134",0,"0,066",0,0,"0,0216","0,0046","0,8944","0,066","0,2729","0,2405","223,7","256,17",,
tienda_mes,4443,1/5/2026,REFRIGERADO,Veterana,24,146,15.517,"105,66","0,3352","4,04","12,45",0,0,"0,5486","1,59","6,55","16,49","25,51","0,3162","4,04","12,45",0,0,"0,5486","1,55","1,79","16,49","20,69","0,019",0,0,0,0,0,"0,0402","4,76",0,"4,82","0,0126","0,1593","0,4887",0,0,"0,0216","0,0619","0,256","0,648","0,0141","0,1954","0,6073",0,0,"0,0257","0,0729","0,0846","0,8027","0,0068",0,0,0,0,0,"0,0154","0,9779",0,"0,243","0,1975","251,19","311,75",,
tienda_mes,4443,1/5/2026,CONGELADO,Veterana,24,118,5.572,"46,78","0,3662","2,39","7,22",0,0,"0,6887","2,05","5,92","9,6","18,62","0,3662","2,39","7,15",0,0,"0,6887",2,"2,52","9,54","15,11",0,0,"0,0625",0,0,0,"0,0483","3,4","0,0625","3,51","0,0184","0,1267","0,3888",0,0,"0,0364","0,1097","0,3201","0,5155","0,0231","0,1564","0,4778",0,0,"0,044","0,1317","0,1669","0,6342",0,0,"0,0455",0,0,0,"0,018","0,9365","0,0455","0,4069","0,3284","151,06","187,45",,
tienda_mes,4443,1/5/2026,FRESCOS,Veterana,24,133,9.720,"72,46","0,5956",0,0,"15,1","1,43","0,8956","4,37","5,08","15,1","27,47","0,5956",0,0,"15,1","1,43","0,8404","4,31","2,31","15,1","24,59",0,0,0,0,0,"0,0552","0,0533","2,78",0,"2,88","0,0206",0,0,"0,5521","0,0516","0,033","0,1597","0,183","0,5521","0,0231",0,0,"0,6149","0,0572","0,0345","0,1769","0,0934","0,6149",0,0,0,0,0,"0,0476","0,0476","0,9048",0,"0,3831","0,3427","160,07","178,31",,
tienda_mes,4443,1/5/2026,FYV,Veterana,24,102,6.167,"59,81","0,9269",0,0,"8,13","3,39","1,14","3,33","4,04","8,13","20,95","0,9269",0,0,"7,76","3,39","1,14","3,33","2,31","7,76","18,86",0,0,0,"0,3714",0,0,0,"1,73","0,3714","2,1","0,0448",0,0,"0,387","0,1586","0,055","0,1609","0,1937","0,387","0,0498",0,0,"0,4141","0,1758","0,0609","0,1782","0,1213","0,4141",0,0,0,"0,1333",0,0,0,"0,8667","0,1333","0,3665","0,3275","178,11","196,37",,
tienda_mes,4443,1/5/2026,HORNO,Veterana,24,70,1.649,"23,76","0,7305","1,22","1,51",0,0,"0,8323","3,39","0,1074","2,74","7,79","0,6268","1,22","1,51",0,0,"0,8323","3,39","0,1074","2,74","7,69","0,1037",0,0,0,0,0,0,0,0,"0,1037","0,0807","0,1539","0,1969",0,0,"0,1073","0,4456","0,0156","0,3508","0,0743","0,1555","0,1986",0,0,"0,108","0,448","0,0156","0,3541",1,0,0,0,0,0,0,0,0,"0,3483","0,3438","191,24","191,89",,
tienda_mes,4443,1/5/2026,PENDIENTES,Veterana,24,99,1.688,"16,09","0,793","1,29","4,68",0,"0,0924","0,6109","4,48","2,58","5,98","14,53","0,793","1,29","4,29",0,"0,0924","0,6109","4,48","0,9959","5,58","12,56",0,0,"0,3966",0,0,0,0,"1,58","0,3966","1,98","0,0597","0,0931","0,3093",0,"0,006","0,0445","0,3167","0,1707","0,4025","0,0672","0,1033","0,3267",0,"0,006","0,0502","0,3589","0,0877","0,43",0,0,"0,2658",0,0,0,0,"0,7342","0,2658","0,9446","0,8173","69,65","79,18",,
tienda_mes,4458,1/5/2026,GLOBAL,Liebre,25,,85.600,,,,,,,,,,,,,,,,,,,,,,,,,,,,,,,,,,,,,,,,,,,,,,,,,,,,,,,,,,,,,,,"0,2959","0,2918"
tienda_mes,4458,1/5/2026,SECOS,Veterana,25,327,47.443,"144,44","2,25","7,8","27,27",0,0,"1,7","0,7735","1,97","35,07","41,76","2,05","7,8","27,19",0,0,"1,68","0,7735","1,85","34,99","41,35","0,1978",0,"0,0764",0,0,"0,0283",0,"0,1134","0,0764","0,4158","0,054","0,1866","0,6522",0,0,"0,0409","0,0188","0,0475","0,8388","0,0499","0,1886","0,6568",0,0,"0,0405","0,019","0,0452","0,8454","0,5054",0,"0,1797",0,0,"0,0833",0,"0,2316","0,1797","0,2902","0,2872","207,52","209,56",,
tienda_mes,4458,1/5/2026,REFRIGERADO,Veterana,25,142,15.319,"107,6","1,66","5,34","13,06",0,0,"0,8658","2,02","1,83","18,4","24,79","1,66","5,34","13,02",0,0,"0,8658","2,02","1,78","18,36","24,7",0,0,"0,0413",0,0,0,0,"0,0534","0,0413","0,0947","0,0676","0,2174","0,524",0,0,"0,035","0,0816","0,0744","0,7414","0,0679","0,2182","0,5243",0,0,"0,0351","0,0819","0,0726","0,7425",0,0,"0,5",0,0,0,0,"0,5","0,5","0,231","0,2302","261,2","262,22",,
tienda_mes,4458,1/5/2026,CONGELADO,Veterana,25,112,5.068,"45,73","1,67","2,4","7,44",0,0,"0,9693","2,15","1,92","9,84","16,55","1,49","2,4","7,33",0,0,"0,9693","2,15","1,92","9,73","16,26","0,1839",0,"0,1066",0,0,0,0,0,"0,1066","0,2906","0,1025","0,1441","0,4467",0,0,"0,0596","0,1295","0,1177","0,5907","0,0934","0,1462","0,4484",0,0,"0,0606","0,1315","0,12","0,5946","0,6",0,"0,4",0,0,0,0,0,"0,4","0,3655","0,3587","165,97","168,92",,
tienda_mes,4458,1/5/2026,FRESCOS,Veterana,25,129,9.408,"73,37","1,67",0,0,"16,2","1,63","1,3","4,46","1,89","16,2","27,15","1,67",0,0,"16,2","1,63","1,22","4,46","1,24","16,2","26,43",0,0,0,0,0,"0,0756",0,"0,6449",0,"0,7206","0,0623",0,0,"0,5955","0,0601","0,0481","0,1649","0,0691","0,5955","0,0638",0,0,"0,6112","0,0617","0,0463","0,1693","0,0477","0,6112",0,0,0,0,0,"0,0605",0,"0,9395",0,"0,3739","0,3637","162,61","166,67",,
tienda_mes,4458,1/5/2026,FYV,Veterana,25,95,6.404,"67,25","1,96",0,0,"8,23","4,16","0,9477","3,28","1,54","8,23","20,13","1,87",0,0,"8,23","4,16","0,9477","3,28","1,3","8,23","19,79","0,0938",0,0,0,0,0,0,"0,2406",0,"0,3343","0,0992",0,0,"0,4076","0,2056","0,0473","0,1636","0,0767","0,4076","0,0953",0,0,"0,4153","0,2091","0,0483","0,1668","0,0652","0,4153","0,25",0,0,0,0,0,0,"0,75",0,"0,3042","0,2987","200,88","204,96",,
tienda_mes,4458,1/5/2026,HORNO,Veterana,25,66,1.585,"24,11","1,33","1,16","1,82",0,0,"0,9647","2,58","0,2054","2,98","8,06","1,21","1,16","1,82",0,0,"0,9647","2,58","0,2054","2,98","7,94","0,1233",0,0,0,0,0,0,0,0,"0,1233","0,1704","0,1463","0,2193",0,0,"0,1177","0,3191","0,0272","0,3656","0,1551","0,1486","0,2226",0,0,"0,1223","0,3242","0,0272","0,3711",1,0,0,0,0,0,0,0,0,"0,3513","0,3431","186,02","188,87",,
tienda_mes,4458,1/5/2026,PENDIENTES,Veterana,24,35,373,"11,38","1,26","0,977","1,38",0,0,"0,3633","1,97","2,61","2,35","8,55","1,26","0,838","1,38",0,0,"0,3633","1,97","2,1","2,21","7,9",0,"0,139",0,0,0,0,0,"0,5135","0,139","0,6525","0,1587","0,1131","0,1379",0,0,"0,0442","0,2356","0,3105","0,251","0,1683","0,1059","0,1513",0,0,"0,0494","0,2466","0,2784","0,2572",0,"0,3333",0,0,0,0,0,"0,6667","0,3333","1,15","1,08","80,4","85,37",,
tienda_mes,4472,1/5/2026,GLOBAL,Liebre,25,,130.597,,,,,,,,,,,,,,,,,,,,,,,,,,,,,,,,,,,,,,,,,,,,,,,,,,,,,,,,,,,,,,,"0,2743","0,2658"
tienda_mes,4472,1/5/2026,SECOS,Veterana,25,513,69.468,"135,05","1,34","7,35","19,2",0,0,"0,8206","0,9239","3,67","26,55","33,31","1,34","7,31","19,11",0,0,"0,8206","0,9239","2,71","26,42","32,21",0,"0,046","0,0907",0,0,0,0,"0,9611","0,1367","1,1","0,0402","0,2191","0,5774",0,0,"0,0246","0,0279","0,1109","0,7965","0,0416","0,225","0,5946",0,0,"0,0254","0,0288","0,0847","0,8195",0,"0,0338","0,0497",0,0,0,0,"0,9165","0,0835","0,2474","0,2392","243,44","251,7",,
tienda_mes,4472,1/5/2026,REFRIGERADO,Veterana,25,206,20.923,"100,86","1,12","5,21",10,0,"0,0014","0,7064","1,92","2,87","15,21","21,83","1,12","5,14","9,93",0,"0,0014","0,7064","1,92","2,5","15,07","21,32",0,"0,0695","0,0724",0,0,0,0,"0,3672","0,1419","0,5091","0,0516","0,2397","0,4573",0,"0,0001","0,0325","0,0874","0,1315","0,6969","0,0528","0,2418","0,465",0,"0,0001","0,0332","0,0893","0,1179","0,7068",0,"0,1495","0,1501",0,0,0,0,"0,7004","0,2996","0,2173","0,2125","278,84","285,09",,
tienda_mes,4472,1/5/2026,CONGELADO,Veterana,25,167,6.758,"40,44","0,9768","2,42","6,66",0,0,"0,9774","1,75","3,66","9,09","16,45","0,8189","2,42","6,66",0,0,"0,9041","1,75","2,99","9,09","15,56","0,1579",0,0,0,0,"0,0733",0,"0,6644",0,"0,8955","0,0608","0,1529","0,3994",0,0,"0,0578","0,1082","0,2209","0,5523","0,0527","0,1605","0,4215",0,0,"0,0575","0,1136","0,1942","0,582","0,1667",0,0,0,0,"0,0388",0,"0,7946",0,"0,4095","0,3874","148,88","156,64",,
tienda_mes,4472,1/5/2026,FRESCOS,Veterana,25,203,16.144,"78,94","1,08",0,0,"19,6","1,33","0,8962","4,09","2,85","19,6","29,85","1,08",0,0,"19,41","1,33","0,8596","4,06","2,13","19,41","28,88",0,0,0,"0,1847",0,"0,0366","0,0308","0,7208","0,1847","0,9728","0,0366",0,0,"0,6554","0,0442","0,0294","0,1378","0,0968","0,6554","0,0379",0,0,"0,672","0,0456","0,0296","0,1418","0,0732","0,672",0,0,0,"0,1643",0,"0,0369","0,0256","0,7732","0,1643","0,3785","0,3662","159,52","165,28",,
tienda_mes,4472,1/5/2026,FYV,Veterana,25,161,13.709,"83,37","1,44",0,0,"9,43","3,77","0,98","3,3","2,72","9,43","21,65","1,44",0,0,"9,43","3,73","0,98","3,3","1,98","9,43","20,87",0,0,0,0,"0,035",0,0,"0,7413",0,"0,7763","0,0665",0,0,"0,436","0,1732","0,0456","0,1538","0,1249","0,436","0,0689",0,0,"0,4512","0,178","0,0473","0,1586","0,0961","0,4512",0,0,0,0,"0,0284",0,0,"0,9716",0,"0,2733","0,2633","230,17","238,4",,
tienda_mes,4472,1/5/2026,HORNO,Veterana,25,107,2.981,"27,89","0,7269","1,35","1,8",0,0,"0,8075","3,87","0,4891","3,15","9,04","0,7269","1,35","1,8",0,0,"0,8075","3,87","0,4891","3,15","9,04",0,0,0,0,0,0,0,0,0,0,"0,0796","0,1494","0,1979",0,0,"0,0912","0,4263","0,0556","0,3473","0,0796","0,1494","0,1979",0,0,"0,0912","0,4263","0,0556","0,3473",,,,,,,,,,"0,3263","0,3263","188,08","188,08",,
tienda_mes,4472,1/5/2026,PENDIENTES,Veterana,25,83,613,"7,25","1,03","1,28","1,99",0,"0,0481","0,7361","2,37","2,18","3,27","9,64","1,03","1,28","1,93",0,"0,0481","0,7361","2,33","2,04","3,21","9,39",0,0,"0,0573",0,0,0,"0,048","0,1471","0,0573","0,2524","0,1212","0,1134","0,1886",0,"0,003","0,0788","0,243","0,252","0,3019","0,1244","0,1163","0,1904",0,"0,003","0,0802","0,243","0,2426","0,3067",0,0,"0,172",0,0,0,"0,3333","0,4947","0,172","1,67","1,62","48,93","50,04",,
tienda_mes,4480,1/5/2026,GLOBAL,Liebre,24,,175.727,,,,,,,,,,,,,,,,,,,,,,,,,,,,,,,,,,,,,,,,,,,,,,,,,,,,,,,,,,,,,,,"0,2992","0,2852"
tienda_mes,4480,1/5/2026,SECOS,Veterana,24,668,93.563,"139,27","1,34","9,87","21,08",0,0,"0,6121","0,637","4,42","30,95","37,96","1,31","9,72","21,02",0,0,"0,5926","0,637","2,09","30,75","35,38","0,0265","0,1475","0,0599",0,0,"0,0195",0,"2,33","0,2074","2,58","0,0355","0,2597","0,5554",0,0,"0,0162","0,0169","0,1163","0,8151","0,0373","0,2746","0,5942",0,0,"0,0168","0,0181","0,0589","0,8689","0,0092","0,0494","0,023",0,0,"0,0084",0,"0,9099","0,0724","0,2734","0,2548","220,3","236,32",,
tienda_mes,4480,1/5/2026,REFRIGERADO,Veterana,24,292,32.398,"110,43","1,02","5,62","13,64",0,"0,0004","1,02","2,65","2,9","19,26","26,85","0,9237","5,57","13,43",0,"0,0004","0,9875","2,65","2,51",19,"26,08","0,0919","0,0464","0,2091",0,0,"0,0322",0,"0,3878","0,2555","0,7674","0,0375","0,2097","0,5084",0,0,"0,0378","0,0983","0,1083","0,7181","0,0354","0,2135","0,5157",0,0,"0,0379","0,1011","0,0965","0,7292","0,0523","0,0671","0,2382",0,0,"0,0369",0,"0,6055","0,3053","0,2441","0,237","247,27","254,33",,
tienda_mes,4480,1/5/2026,CONGELADO,Veterana,24,215,8.856,"40,88","1,16","2,3","6,62",0,0,"0,9259","2,03","3,16","8,92","16,2","1,16","2,27","6,62",0,0,"0,9259",2,"2,52","8,89","15,49",0,"0,0314",0,0,0,0,"0,0291","0,6453","0,0314","0,7058","0,0726","0,1411","0,4106",0,0,"0,0579","0,1252","0,1927","0,5517","0,0757","0,1453","0,4277",0,0,"0,06","0,1293","0,162","0,573",0,"0,0909",0,0,0,0,"0,0261","0,883","0,0909","0,4017","0,3846","152,14","158,55",,
tienda_mes,4480,1/5/2026,FRESCOS,Veterana,24,275,19.863,"72,01","1,38",0,0,"18,47","1,47","1,1","3,79","3,29","18,47","29,51","1,38",0,0,"18,33","1,44","1,1","3,79","2,58","18,33","28,62",0,0,0,"0,1446","0,0329",0,0,"0,7127","0,1446","0,8902","0,0468",0,0,"0,6253","0,0501","0,0375","0,1289","0,1114","0,6253","0,0482",0,0,"0,6397","0,0504","0,0387","0,1329","0,0901","0,6397",0,0,0,"0,176","0,0283",0,0,"0,7958","0,176","0,4117","0,3994","146,94","151,49",,
tienda_mes,4480,1/5/2026,FYV,Veterana,24,221,18.365,"83,1","1,25",0,0,"12,5","5,03","1,29","2,9","2,58","12,5","25,55","1,25",0,0,"12,47","5,03","1,29","2,9","2,23","12,47","25,17",0,0,0,"0,0249",0,0,0,"0,3509","0,0249","0,3758","0,049",0,0,"0,4886","0,1965","0,0508","0,1137","0,1013","0,4886","0,0498",0,0,"0,4949","0,1995","0,0515","0,1154","0,0889","0,4949",0,0,0,"0,1",0,0,0,"0,9","0,1","0,3098","0,3052","195,91","198,75",,
tienda_mes,4480,1/5/2026,HORNO,Veterana,24,116,2.248,"19,41","0,7277","1,24","2,39",0,0,"0,5789","3,46","1,88","3,62","10,27","0,7277","1,14","2,39",0,0,"0,5789","3,46","1,23","3,53","9,53",0,"0,0918",0,0,0,0,0,"0,6479","0,0918","0,7397","0,0706","0,1224","0,2296",0,0,"0,0572","0,3418","0,1783","0,352","0,0752","0,12","0,2456",0,0,"0,0607","0,3679","0,1305","0,3656",0,"0,1429",0,0,0,0,0,"0,8571","0,1429","0,5447","0,5077","117,02","125,98",,
tienda_mes,4480,1/5/2026,PENDIENTES,Veterana,23,66,434,"5,85","1,05","1,26","0,7181",0,0,"1,09","1,65","3,01","1,98","8,79","1,05","0,6939","0,7181",0,0,"1,09","1,65","2,19","1,41","7,4",0,"0,5708",0,0,0,0,0,"0,8194","0,5708","1,39","0,1321","0,1039","0,0725",0,0,"0,1354","0,1887","0,3673","0,1764","0,152","0,0881","0,0809",0,0,"0,1549","0,2099","0,3141","0,169",0,"0,1111",0,0,0,0,0,"0,8889","0,1111","2,12","1,79","41,11","47,68",,
tienda_mes,4491,1/5/2026,GLOBAL,Liebre,25,,133.457,,,,,,,,,,,,,,,,,,,,,,,,,,,,,,,,,,,,,,,,,,,,,,,,,,,,,,,,,,,,,,,"0,2998","0,2814"
tienda_mes,4491,1/5/2026,SECOS,Veterana,25,524,72.946,"138,8","1,75","9,02","23,58",0,0,"0,6769","0,962","4,25","32,6","40,24","1,68","8,95","23,13",0,0,"0,6769","0,9403","2,73","32,08","38,11","0,0664","0,0707","0,4535",0,0,0,"0,0217","1,51","0,5241","2,13","0,0435","0,2238","0,586",0,0,"0,0168","0,0238","0,106","0,8099","0,0443","0,2343","0,6069",0,0,"0,0177","0,0246","0,0721","0,8412","0,0418","0,0287","0,2125",0,0,0,"0,007","0,7102","0,2411","0,2907","0,2754","206,99","218,56",,
tienda_mes,4491,1/5/2026,REFRIGERADO,Veterana,25,208,22.189,"106,78","0,9415","5,43","10,8",0,0,"0,7851","2,25","2,94","16,23","23,15","0,9415","5,39","10,64",0,0,"0,7851","2,19","2,39","16,04","22,34",0,"0,0351","0,1548",0,0,0,"0,0631","0,5566","0,1899","0,8096","0,0406","0,233","0,4679",0,0,"0,0337","0,0967","0,128","0,701","0,042","0,2396","0,4787",0,0,"0,0349","0,0978","0,107","0,7184",0,"0,0714","0,2272",0,0,0,"0,0405","0,6609","0,2986","0,218","0,2103","279,07","289,37",,
tienda_mes,4491,1/5/2026,CONGELADO,Veterana,25,166,6.805,"41,14","1,02","2,51","6,13",0,0,"0,6139","1,99","3,76","8,65","16,03","0,995","2,51","5,95",0,0,"0,5723","1,99","2,31","8,46","14,32","0,0289",0,"0,1885",0,0,"0,0416",0,"1,45","0,1885","1,71","0,065","0,1572","0,3823",0,0,"0,0386","0,1245","0,2323","0,5396","0,0698","0,176","0,4164",0,0,"0,0395","0,14","0,1583","0,5924","0,0122",0,"0,0688",0,0,"0,0146",0,"0,9045","0,0688","0,3946","0,3522","154,71","173,33",,
tienda_mes,4491,1/5/2026,FRESCOS,Veterana,25,206,16.112,"78,03","1,34",0,0,"17,43","1,51","0,9415","3,58","4,69","17,43","29,49","1,24",0,0,"17,31","1,51","0,9137","3,58","2,07","17,31","26,61","0,1021",0,0,"0,1219",0,"0,0278",0,"2,62","0,1219","2,87","0,0457",0,0,"0,592","0,0515","0,0322","0,1219","0,1567","0,592","0,047",0,0,"0,6501","0,0565","0,0348","0,1344","0,0772","0,6501","0,0335",0,0,"0,0431",0,"0,0068",0,"0,9166","0,0431","0,3807","0,3427","159,56","176,13",,
tienda_mes,4491,1/5/2026,FYV,Veterana,25,162,13.026,"80,5","1,55",0,0,"9,83","4,38","1,69","3,58","2,4","9,83","23,42","1,55",0,0,"9,63","4,38","1,64","3,52","1,85","9,63","22,57",0,0,0,"0,1975",0,"0,0507","0,056","0,549","0,1975","0,8533","0,0661",0,0,"0,4197","0,1861","0,0732","0,1528","0,1021","0,4197","0,0685",0,0,"0,4259","0,1931","0,0738","0,1559","0,0828","0,4259",0,0,0,"0,3636",0,"0,0444","0,0549","0,5371","0,3636","0,2928","0,2818","207,02","214,45",,
tienda_mes,4491,1/5/2026,HORNO,Veterana,25,90,1.888,"21,02","0,2606","1,24","1,71",0,0,"0,5881","4,3","0,3768","2,95","8,47","0,2606","1,24","1,71",0,0,"0,5881","4,24","0,3554","2,95","8,39",0,0,0,0,0,0,"0,0624","0,0214",0,"0,0838","0,03","0,1425","0,1998",0,0,"0,0706","0,5119","0,0452","0,3422","0,0303","0,1435","0,2011",0,0,"0,0714","0,5102","0,0434","0,3446",0,0,0,0,0,0,"0,5","0,5",0,"0,4099","0,4066","150,91","152,25",,
tienda_mes,4491,1/5/2026,PENDIENTES,Veterana,25,76,490,"6,35","0,4477","0,4239","0,7491",0,0,"0,8291","2,38","4,99","1,17","9,82","0,4477","0,4239","0,7059",0,0,"0,8291","2,38","1,11","1,13","5,9",0,0,"0,0432",0,0,0,0,"3,87","0,0432","3,92","0,0543","0,047","0,0725",0,0,"0,1013","0,2426","0,4823","0,1195","0,088","0,0643","0,1008",0,0,"0,1749","0,3877","0,1844","0,1651",0,0,"0,0556",0,0,0,0,"0,9444","0,0556","2,06","1,11","41,77","62,91",,
tienda_mes,4534,1/5/2026,GLOBAL,Liebre,25,,69.129,,,,,,,,,,,,,,,,,,,,,,,,,,,,,,,,,,,,,,,,,,,,,,,,,,,,,,,,,,,,,,,"0,294","0,2798"
tienda_mes,4534,1/5/2026,SECOS,Veterana,25,290,39.634,"135,22","1,16","10,09","18,91",0,0,"1,06","1,07",4,29,"36,28","1,16","10,06","18,78",0,0,"1,03","1,02","2,53","28,85","34,58",0,"0,0242","0,1235",0,0,"0,0324","0,058","1,47","0,1478","1,71","0,0319","0,2764","0,5222",0,0,"0,0289","0,0296","0,1111","0,7986","0,0334","0,2891","0,5448",0,0,"0,0293","0,0292","0,0742","0,8339",0,"0,0476","0,0561",0,0,"0,0119","0,0265","0,8579","0,1037","0,2688","0,256","224,52","235,36",,
tienda_mes,4534,1/5/2026,REFRIGERADO,Veterana,25,128,11.419,"88,22","0,6246","4,59","8,99",0,0,"0,624","2,62","2,54","13,58","19,99","0,6246","4,59","8,94",0,0,"0,624","2,62","2,17","13,53","19,57",0,0,"0,0513",0,0,0,0,"0,3665","0,0513","0,4179","0,0312","0,2284","0,4521",0,0,"0,0313","0,1283","0,1288","0,6805","0,0319","0,2341","0,4589",0,0,"0,032","0,1307","0,1125","0,6929",0,0,"0,2",0,0,0,0,"0,8","0,2","0,2282","0,2233","265,73","272,79",,
tienda_mes,4534,1/5/2026,CONGELADO,Veterana,25,106,4.190,"38,9","0,7205","2,22","4,86",0,0,"0,5808","1,97","2,54","7,08","12,89","0,6449","2,22","4,86",0,0,"0,5258","1,97","2,25","7,08","12,47","0,0755",0,0,0,0,"0,055",0,"0,2908",0,"0,4213","0,0548","0,1696","0,3771",0,0,"0,044","0,1551","0,1995","0,5467","0,0511","0,1754","0,3884",0,0,"0,0421","0,1598","0,1831","0,5639","0,2",0,0,0,0,"0,2",0,"0,6",0,"0,3349","0,3234","183,12","188,72",,
tienda_mes,4534,1/5/2026,FRESCOS,Veterana,25,120,7.088,"58,69","0,8225",0,0,"13,18","1,17","0,7405","3,08","4,81","13,18","23,81","0,8225",0,0,"13,04","1,02","0,7405","2,91","3,32","13,04","21,86",0,0,0,"0,1409","0,1507",0,"0,1741","1,49","0,1409","1,95","0,0346",0,0,"0,5587","0,0503","0,0313","0,1318","0,1932","0,5587","0,0372",0,0,"0,5968","0,0475","0,0341","0,1346","0,1497","0,5968",0,0,0,"0,0943","0,0625",0,"0,0871","0,7561","0,0943","0,4084","0,3748","153,96","165,34",,
tienda_mes,4534,1/5/2026,FYV,Veterana,25,89,4.836,"54,91","0,9235",0,0,"5,65","2,55","0,9324","2,69","3,55","5,65","16,3","0,9235",0,0,"5,65","2,55","0,9324","2,69","2,64","5,65","15,39",0,0,0,0,0,0,0,"0,9178",0,"0,9178","0,0586",0,0,"0,3489","0,1575","0,0598","0,1653","0,21","0,3489","0,0613",0,0,"0,3672","0,1649","0,0626","0,1738","0,1702","0,3672",0,0,0,0,0,0,0,1,0,"0,3032","0,2856","206,54","217,11",,
tienda_mes,4534,1/5/2026,HORNO,Veterana,25,55,785,"14,27","0,5352","1,16","2,13",0,0,"1,61","3,69","0,1301","3,29","9,26","0,4056","1,16","1,98",0,0,"1,48","3,6","0,1301","3,14","8,75","0,1295",0,"0,153",0,0,"0,127","0,096",0,"0,153","0,5056","0,0549","0,1231","0,2229",0,0,"0,1813","0,4024","0,0154","0,346","0,0457","0,1295","0,2198",0,0,"0,1742","0,414","0,0167","0,3494","0,1915",0,"0,3333",0,0,"0,3333","0,1419",0,"0,3333","0,686","0,65","93,71","101,09",,
tienda_mes,4534,1/5/2026,PENDIENTES,Veterana,25,91,1.176,"12,15","0,4498","1,49","2,98",0,0,"0,5511","2,48","1,63","4,47","9,58","0,3928","1,44","2,88",0,0,"0,4396","2,48","1,1","4,32","8,73","0,057","0,0484","0,1018",0,0,"0,1115",0,"0,5301","0,1502","0,8488","0,0473","0,1553","0,3081",0,0,"0,0569","0,2546","0,1778","0,4634","0,0457","0,162","0,3246",0,0,"0,0519","0,2791","0,1367","0,4866","0,0653","0,1429","0,1429",0,0,"0,1429",0,"0,5062","0,2857","0,8317","0,7524","81,31","88,8",,
tienda_mes,4544,1/5/2026,GLOBAL,Liebre,25,,191.218,,,,,,,,,,,,,,,,,,,,,,,,,,,,,,,,,,,,,,,,,,,,,,,,,,,,,,,,,,,,,,,"0,3088","0,2983"
tienda_mes,4544,1/5/2026,SECOS,Veterana,25,697,106.669,"152,27","0,9253","13,18","24,17",0,0,"0,7338","0,9619","4,37","37,35","44,34","0,9253","13,18","24,09",0,0,"0,7338","0,9619","2,83","37,27","42,71",0,0,"0,0838",0,0,0,0,"1,55","0,0838","1,63","0,021","0,2969","0,5452",0,0,"0,0165","0,0217","0,0988","0,8421","0,0218","0,3082","0,5642",0,0,"0,0171","0,0225","0,0662","0,8724",0,0,"0,0429",0,0,0,0,"0,9571","0,0429","0,2917","0,2809","206,06","213,97",,
tienda_mes,4544,1/5/2026,REFRIGERADO,Veterana,25,290,32.740,"112,45","0,8427",8,"13,64",0,0,"1,07","2,54","3,83","21,64","29,92","0,8427",8,"13,59",0,0,"1,07","2,54","2,77","21,59","28,81",0,0,"0,0532",0,0,0,0,"1,05","0,0532","1,11","0,0281","0,2667","0,4564",0,0,"0,0357","0,0848","0,1283","0,7231","0,0291","0,277","0,4724",0,0,"0,037","0,0879","0,0964","0,7495",0,0,"0,0462",0,0,0,0,"0,9538","0,0462","0,2668","0,2568","225,65","234,52",,
tienda_mes,4544,1/5/2026,CONGELADO,Veterana,25,232,11.284,"48,27","0,9021","3,59","6,93",0,0,"0,8023","2,08","2,85","10,52","17,15","0,9021","3,59","6,93",0,0,"0,8023","2,08","2,5","10,52","16,8",0,0,0,0,0,0,0,"0,351",0,"0,351","0,0529","0,208","0,4047",0,0,"0,0467","0,1222","0,1656","0,6127","0,0538","0,2122","0,4124",0,0,"0,0476","0,1243","0,1497","0,6246",0,0,0,0,0,0,0,1,0,"0,358","0,351","168,94","172,17",,
tienda_mes,4544,1/5/2026,FRESCOS,Veterana,25,261,21.148,"80,91","0,9604",0,0,"19,14","1,84","1,36","4,26","3,14","19,14","30,71","0,9048",0,0,"19,12","1,84","1,34","4,26","2,46","19,12","29,92","0,0556",0,0,"0,0216",0,"0,022",0,"0,684","0,0216","0,7831","0,0313",0,0,"0,6227","0,0594","0,0445","0,1388","0,1032","0,6227","0,0304",0,0,"0,6385","0,061","0,045","0,1425","0,0826","0,6385","0,0668",0,0,"0,0625",0,"0,0625",0,"0,8082","0,0625","0,3801","0,3702","158,34","162,52",,
tienda_mes,4544,1/5/2026,FYV,Veterana,25,195,15.429,"79,19","1,33",0,0,"11,22","4,87","1,03","3,74","3,25","11,22","25,45","1,33",0,0,"11,22","4,83","1,03","3,74","2,55","11,22","24,71",0,0,0,0,"0,0342",0,0,"0,7007",0,"0,7349","0,0527",0,0,"0,4413","0,1912","0,0409","0,1479","0,126","0,4413","0,0542",0,0,"0,4539","0,1952","0,0419","0,1519","0,1029","0,4539",0,0,0,0,"0,1111",0,0,"0,8889",0,"0,3229","0,3138","187,04","192,46",,
tienda_mes,4544,1/5/2026,HORNO,Veterana,25,133,3.250,"24,51","0,2593","1,08","2,1",0,0,"0,7349","4,07","0,3779","3,19","8,63","0,2593","1,08","2,1",0,0,"0,7349","4,07","0,3779","3,19","8,63",0,0,0,0,0,0,0,0,0,0,"0,0301","0,1251","0,2422",0,0,"0,0857","0,473","0,0439","0,3673","0,0301","0,1251","0,2422",0,0,"0,0857","0,473","0,0439","0,3673",,,,,,,,,,"0,3548","0,3548","171,55","171,55",,
tienda_mes,4544,1/5/2026,PENDIENTES,Veterana,25,121,696,"5,47","0,9003","1,13","1,11",0,"0,0028","0,5591",2,"3,33","2,24","9,03","0,9003","1,13","0,9722",0,"0,0028","0,5591",2,"1,73","2,1","7,29",0,0,"0,1408",0,0,0,0,"1,6","0,1408","1,74","0,103","0,1178","0,113",0,"0,0007","0,0669","0,2168","0,3818","0,2308","0,1267","0,1518","0,1211",0,"0,0007","0,082","0,2727","0,245","0,2728",0,0,"0,0386",0,0,0,0,"0,9614","0,0386","1,8","1,43","38,08","48,44",,
tienda_mes,4556,1/5/2026,GLOBAL,Liebre,24,,66.578,,,,,,,,,,,,,,,,,,,,,,,,,,,,,,,,,,,,,,,,,,,,,,,,,,,,,,,,,,,,,,,"0,2939","0,2747"
tienda_mes,4556,1/5/2026,SECOS,Veterana,24,241,35.111,"144,03","1,39","12,59","20,57",0,0,"0,9681","0,8451","4,41","33,16","40,77","1,39","12,59","20,15",0,0,"0,9681","0,8451","2,58","32,73","38,52",0,0,"0,4249",0,0,0,0,"1,82","0,4249","2,25","0,0342","0,3082","0,5044",0,0,"0,024","0,0206","0,1087","0,8126","0,0362","0,3262","0,5223",0,0,"0,0252","0,0218","0,0683","0,8485",0,0,"0,2058",0,0,0,0,"0,7942","0,2058","0,287","0,2708","212,34","224,9",,
tienda_mes,4556,1/5/2026,REFRIGERADO,Veterana,24,114,14.758,"123,92","1,33","6,16","10,3",0,0,"0,9668","1,96","3,42","16,46","24,14","0,9755","6,16","10,02",0,0,"0,9668","1,96","2,15","16,18","22,24","0,3511",0,"0,2779",0,0,0,0,"1,27","0,2779","1,9","0,0546","0,2559","0,4233",0,0,"0,0412","0,0819","0,143","0,6792","0,0447","0,2769","0,4469",0,0,"0,0445","0,0891","0,098","0,7237","0,0964",0,"0,1153",0,0,0,0,"0,7883","0,1153","0,2405","0,2224","325,42","356,27",,
tienda_mes,4556,1/5/2026,CONGELADO,Veterana,24,96,4.481,"45,06","1,19","2,97","6,38",0,0,"0,8014","1,89","3,84","9,35","17,07","0,8845","2,97","6,29",0,0,"0,8014","1,89","2,22","9,26","15,05","0,3058",0,"0,0918",0,0,0,0,"1,62","0,0918","2,02","0,0735","0,1738","0,3665",0,0,"0,0483","0,1143","0,2236","0,5403","0,0601","0,1945","0,4116",0,0,"0,0541","0,1268","0,1529","0,606","0,0947",0,"0,0238",0,0,0,0,"0,8815","0,0238","0,396","0,353","162,16","186,95",,
tienda_mes,4556,1/5/2026,FRESCOS,Veterana,24,95,6.298,"66,29","1,04",0,0,"15,56","1,55","0,9737","4,06","3,87","15,56","27,05","0,9731",0,0,"15,42","1,55","0,9737","4,06","1,91","15,42","24,89","0,0629",0,0,"0,1369",0,0,0,"1,96","0,1369","2,16","0,0385",0,0,"0,5738","0,0554","0,0368","0,1517","0,1437","0,5738","0,0394",0,0,"0,617","0,0598","0,0404","0,1634","0,08","0,617","0,0114",0,0,"0,0713",0,0,0,"0,9173","0,0713","0,4143","0,3806","147,85","160,66",,
tienda_mes,4556,1/5/2026,FYV,Veterana,24,75,4.699,"63,51","1,23",0,0,"7,74","3,43","1,03","3,36","2,04","7,74","18,84","1,23",0,0,"7,74","3,43","1,03","3,36","1,72","7,74","18,52",0,0,0,0,0,0,0,"0,3207",0,"0,3207","0,0662",0,0,"0,4071","0,1813","0,0552","0,1805","0,1097","0,4071","0,0673",0,0,"0,4146","0,1853","0,0563","0,1835","0,093","0,4146",0,0,0,0,0,0,0,1,0,"0,3033","0,2979","202,05","206,24",,
tienda_mes,4556,1/5/2026,HORNO,Veterana,24,54,916,"16,9","0,4297","1,15","2,17",0,0,"0,7139","1,98","0,0724","3,31","6,51","0,4297","1,15","2,17",0,0,"0,6086","1,98","0,0724","3,31","6,41",0,0,0,0,0,"0,1053",0,0,0,"0,1053","0,0685","0,1789","0,34",0,0,"0,0975","0,3044","0,0107","0,5189","0,0697","0,1802","0,3428",0,0,"0,0878","0,3081","0,0112","0,523",0,0,0,0,0,1,0,0,0,"0,403","0,3989","165,86","167,73",,
tienda_mes,4556,1/5/2026,PENDIENTES,Veterana,23,36,315,"9,06","0,7804","0,826","2,1",0,0,"0,7978","3,12","2,89","2,93","10,51","0,7804","0,826","2,1",0,0,"0,7978","3,12","1,52","2,93","9,14",0,0,0,0,0,0,0,"1,37",0,"1,37","0,0731","0,0772","0,1916",0,0,"0,0797","0,3319","0,2464","0,2688","0,0797","0,086","0,2155",0,0,"0,0855","0,375","0,1583","0,3014",0,0,0,0,0,0,0,1,0,"1,29","1,14","54,6",62,,
tienda_mes,4558,1/5/2026,GLOBAL,Liebre,24,,116.150,,,,,,,,,,,,,,,,,,,,,,,,,,,,,,,,,,,,,,,,,,,,,,,,,,,,,,,,,,,,,,,"0,2909","0,2793"
tienda_mes,4558,1/5/2026,SECOS,Veterana,24,467,68.431,"146,48","1,1","11,75","22,25",0,0,"1,44","1,66","2,9","33,99","41,1","0,9756","11,51","21,09",0,0,"1,36","1,65","2,13","32,59","38,71","0,1291","0,2382","1,16",0,0,"0,0756","0,017","0,7661","1,4","2,39","0,027","0,2851","0,5416",0,0,"0,035","0,0405","0,0708","0,8267","0,0253","0,2967","0,5449",0,0,"0,0353","0,0426","0,0553","0,8416","0,0993","0,1047","0,4605",0,0,"0,0215","0,0093","0,3047","0,5652","0,2846","0,2684","213,64","226,91",,
tienda_mes,4558,1/5/2026,REFRIGERADO,Veterana,24,164,16.628,"100,91","1,13","6,34","8,78",0,0,"1,41","2,4","2,31","15,12","22,37","1,09","6,34","8,78",0,0,"1,38","2,35","2,06","15,12",22,"0,0435",0,0,0,0,"0,0385","0,0424","0,2489",0,"0,3734","0,0505","0,2816","0,3923",0,0,"0,0637","0,1082","0,1037","0,6739","0,0495","0,2863","0,399",0,0,"0,063","0,1077","0,0944","0,6853","0,0643",0,0,0,0,"0,125","0,125","0,6857",0,"0,2228","0,2192","271,27","275,96",,
tienda_mes,4558,1/5/2026,CONGELADO,Veterana,24,133,5.174,"38,75","0,8191","2,57","5,77",0,0,"0,6123","2,01","1,52","8,34","13,3","0,8191","2,57","5,72",0,0,"0,6123","2,01","1,42","8,29","13,16",0,0,"0,0465",0,0,0,0,"0,0947","0,0465","0,1412","0,0618","0,1924","0,4328",0,0,"0,0462","0,1521","0,1147","0,6252","0,0626","0,1942","0,4346",0,0,"0,0466","0,1533","0,1086","0,6288",0,0,"0,5",0,0,0,0,"0,5","0,5","0,348","0,3442","174,2","176,14",,
tienda_mes,4558,1/5/2026,FRESCOS,Veterana,24,166,12.270,"74,14","1,48",0,0,"17,59","1,29","0,6057","3,2","2,14","17,59","26,3","1,44",0,0,"17,55","1,29","0,6057","3,2","2,05","17,55","26,14","0,0361",0,0,"0,0369",0,0,0,"0,088","0,0369","0,161","0,0569",0,0,"0,6675","0,0487","0,0236","0,1223","0,081","0,6675","0,0559",0,0,"0,6701","0,0491","0,0237","0,1229","0,0784","0,6701","0,25",0,0,"0,25",0,0,0,"0,5","0,25","0,3566","0,3544","170,32","171,26",,
tienda_mes,4558,1/5/2026,FYV,Veterana,24,129,10.737,"83,52","1,24",0,0,"11,04","3,67","1,11","2,35","3,05","11,04","22,46","1,24",0,0,"11,04","3,67","1,11","2,35","2,27","11,04","21,68",0,0,0,0,0,0,0,"0,7811",0,"0,7811","0,0558",0,0,"0,4906","0,1632","0,0493","0,106","0,1351","0,4906","0,0576",0,0,"0,5076","0,1689","0,0509","0,1086","0,1063","0,5076",0,0,0,0,0,0,0,1,0,"0,2736","0,2651","222,79","230,62",,
tienda_mes,4558,1/5/2026,HORNO,Veterana,24,94,2.164,"22,64","1,35","1,56","1,55",0,0,"1,52","4,56","0,4796","3,11","11,01","1,35","1,56","1,55",0,0,"1,52","4,36","0,4796","3,11","10,81",0,0,0,0,0,0,"0,2049",0,0,"0,2049","0,1221","0,1412","0,1398",0,0,"0,1406","0,4123","0,044","0,2811","0,1239","0,1435","0,1414",0,0,"0,1418","0,4045","0,0449","0,2849",0,0,0,0,0,0,1,0,0,"0,5093","0,4983","125,62","126,72",,
tienda_mes,4558,1/5/2026,PENDIENTES,Veterana,24,74,743,"9,85","1,34","1,85","1,77",0,"0,0079","0,4462","2,67","2,93","3,62",11,"1,34","1,8","1,77",0,"0,0079","0,4462","2,67","1,84","3,56","9,87",0,"0,0519",0,0,0,0,0,"1,08","0,0519","1,13","0,1273","0,1667","0,1501",0,"0,0013","0,0467","0,2417","0,2663","0,3167","0,1419","0,18","0,1644",0,"0,0013","0,0542","0,2653","0,193","0,3444",0,"0,0507",0,0,0,0,0,"0,9493","0,0507","1,3","1,17","55,87","61,73",,
tienda_mes,4631,1/5/2026,GLOBAL,Liebre,25,,36.470,,,,,,,,,,,,,,,,,,,,,,,,,,,,,,,,,,,,,,,,,,,,,,,,,,,,,,,,,,,,,,,"0,3013","0,296"
tienda_mes,4631,1/5/2026,SECOS,No veterana,25,154,21.411,"137,76","0,5547","11,71","18,85",0,0,"1,48","1,31","3,31","30,57","37,21","0,5547","11,71","18,8",0,0,"1,44","1,31",3,"30,52","36,81",0,0,"0,0508",0,0,"0,0401",0,"0,3098","0,0508","0,4007","0,0142","0,3127","0,5074",0,0,"0,0389","0,0344","0,0923","0,8201","0,0144","0,3161","0,511",0,0,"0,038","0,0349","0,0856","0,8272",0,0,"0,1429",0,0,"0,1429",0,"0,7143","0,1429","0,2722","0,269","226,82","229,13",,
tienda_mes,4631,1/5/2026,REFRIGERADO,No veterana,25,80,6.477,"81,83","0,3908","5,94","7,92",0,0,"1,07","2,63","2,71","13,86","20,65","0,3908","5,94","7,92",0,0,"1,07","2,63","2,38","13,86","20,32",0,0,0,0,0,0,0,"0,332",0,"0,332","0,0197","0,2865","0,387",0,0,"0,0519","0,1247","0,1301","0,6736","0,02","0,2906","0,3922",0,0,"0,0527","0,1268","0,1177","0,6828",0,0,0,0,0,0,0,1,0,"0,2538","0,2496","244,98","247,9",,
tienda_mes,4631,1/5/2026,CONGELADO,No veterana,25,58,1.979,"34,37","0,3446","2,75","4,44",0,0,"1,15","2,01","2,95","7,19","13,64","0,3446","2,75","4,44",0,0,"1,07","2,01","2,65","7,19","13,25",0,0,0,0,0,"0,0876",0,"0,299",0,"0,3867","0,026","0,1989","0,3262",0,0,"0,0816","0,1481","0,2192","0,5251","0,0266","0,204","0,3354",0,0,"0,0768","0,1513","0,2058","0,5394",0,0,0,0,0,"0,3333",0,"0,6667",0,"0,4016","0,3914","156,52","159,99",,
tienda_mes,4631,1/5/2026,FRESCOS,No veterana,25,67,2.983,"44,43","0,6189",0,0,"10,96","0,7302","1,07","3,27","3,1","10,96","19,75","0,6189",0,0,"10,96","0,7302","1,07","3,27","2,92","10,96","19,57",0,0,0,0,0,0,0,"0,1853",0,"0,1853","0,0313",0,0,"0,5595","0,0339","0,0527","0,1646","0,1579","0,5595","0,0316",0,0,"0,5632","0,0344","0,0532","0,1661","0,1515","0,5632",0,0,0,0,0,0,0,1,0,"0,4479","0,4438","138,97","139,77",,
tienda_mes,4631,1/5/2026,FYV,No veterana,25,51,2.881,"56,21","0,8925",0,0,"6,05","3,56","1,38","2,91","3,04","6,05","17,83","0,8925",0,0,"6,05","3,4","1,38","2,91","2,45","6,05","17,08",0,0,0,0,"0,1596",0,0,"0,5888",0,"0,7484","0,0547",0,0,"0,3399","0,1942","0,0822","0,1615","0,1674","0,3399","0,0565",0,0,"0,349","0,1926","0,085","0,1671","0,1499","0,349",0,0,0,0,"0,1769",0,0,"0,8231",0,"0,3397","0,3225","192,59","196,14",,
tienda_mes,4631,1/5/2026,HORNO,No veterana,25,47,525,"11,42","0,6172","0,8982","1,44",0,0,"1,32","3,1","0,5319","2,34","7,9","0,6172","0,8982","1,27",0,0,"1,12","3,1","0,2885","2,17","7,3",0,0,"0,1664",0,0,"0,1957",0,"0,2433","0,1664","0,6054","0,0861","0,1205","0,1677",0,0,"0,1728","0,4026","0,0503","0,2883","0,0897","0,1258","0,1652",0,0,"0,1672","0,4182","0,0339","0,2909",0,0,"0,3333",0,0,"0,3333",0,"0,3333","0,3333","0,7482","0,6973","105,11","107,86",,
tienda_mes,4631,1/5/2026,PENDIENTES,No veterana,23,34,214,"6,43","0,4805","0,6599","0,8501",0,"0,0425","0,6293","1,53","1,78","1,51","5,97","0,4805","0,6599","0,8501",0,"0,0425","0,6293","1,53","1,49","1,51","5,68",0,0,0,0,0,0,0,"0,2938",0,"0,2938","0,0786","0,0942","0,1117",0,"0,0085","0,1234","0,2649","0,3187","0,2059","0,0921","0,0969","0,1117",0,"0,0085","0,1356","0,2746","0,2807","0,2086",0,0,0,0,0,0,0,1,0,"1,23","1,08","71,81","76,51",,
tienda_mes,4641,1/5/2026,GLOBAL,Liebre,25,,23.266,,,,,,,,,,,,,,,,,,,,,,,,,,,,,,,,,,,,,,,,,,,,,,,,,,,,,,,,,,,,,,,"0,2688","0,2567"
tienda_mes,4641,1/5/2026,SECOS,Veterana,25,92,12.862,"139,33","0,3809","9,85","19,4",0,0,"0,3232","0,4045","4,31","29,25","34,67","0,3809","9,85","19,4",0,0,"0,3232","0,4045","2,79","29,25","33,15",0,0,0,0,0,0,0,"1,52",0,"1,52","0,0117","0,2842","0,5563",0,0,"0,0102","0,0125","0,1251","0,8405","0,0124","0,296","0,5829",0,0,"0,0105","0,013","0,0852","0,8789",0,0,0,0,0,0,0,1,0,"0,2489","0,238","242,6","253,99",,
tienda_mes,4641,1/5/2026,REFRIGERADO,Veterana,25,45,4.150,"91,32","0,2537","6,02","10,25",0,0,"0,6543","1,17","3,7","16,27","22,05","0,2537","6,02","10,25",0,0,"0,6543","1,17","2,58","16,27","20,93",0,0,0,0,0,0,0,"1,12",0,"1,12","0,0119","0,2706","0,467",0,0,"0,0305","0,0515","0,1685","0,7376","0,0134","0,2835","0,4946",0,0,"0,0316","0,0535","0,1234","0,7781",0,0,0,0,0,0,0,1,0,"0,2447","0,232","248,45","262,86",,
tienda_mes,4641,1/5/2026,CONGELADO,Veterana,25,35,1.252,"38,58","0,3096","2,52","5,23",0,0,"0,5589","1,56","4,06","7,75","14,23","0,3096","2,52","5,23",0,0,"0,5589","1,56","2,96","7,75","13,13",0,0,0,0,0,0,0,"1,1",0,"1,1","0,0234","0,1779","0,3584",0,0,"0,0441","0,1128","0,2834","0,5364","0,0287","0,1877","0,3929",0,0,"0,0454","0,12","0,2254","0,5806",0,0,0,0,0,0,0,1,0,"0,3866","0,3601","161,75","177,05",,
tienda_mes,4641,1/5/2026,FRESCOS,Veterana,25,41,2.351,"59,26","0,6123",0,0,"11,81","0,6894","0,6722","3,29","2,03","11,81","19,1","0,6123",0,0,"11,81","0,6894","0,6722","3,29","1,31","11,81","18,38",0,0,0,0,0,0,0,"0,7122",0,"0,7122","0,0327",0,0,"0,6146","0,0359","0,0364","0,1754","0,105","0,6146","0,0356",0,0,"0,6352","0,0369","0,0387","0,1838","0,0698","0,6352",0,0,0,0,0,0,0,1,0,"0,3309","0,3162","186,63","193,85",,
tienda_mes,4641,1/5/2026,FYV,Veterana,25,27,1.836,"70,4","0,6234",0,0,"7,64","4,64","0,7732","2,15","3,64","7,64","19,46","0,6234",0,0,"7,64","4,64","0,7732","2,15","2,6","7,64","18,42",0,0,0,0,0,0,0,"1,04",0,"1,04","0,0372",0,0,"0,377","0,2327","0,0432","0,1127","0,1972","0,377","0,0391",0,0,"0,4006","0,2469","0,047","0,117","0,1495","0,4006",0,0,0,0,0,0,0,1,0,"0,3003","0,2847","212,41","225,66",,
tienda_mes,4641,1/5/2026,HORNO,Veterana,25,27,569,"21,32","0,3677","1,62","2,01",0,0,"0,5059","2,19","2,24","3,64","8,94","0,3677","1,62","2,01",0,0,"0,5059","2,19","1,6","3,64","8,3",0,0,0,0,0,0,0,"0,644",0,"0,644","0,0443","0,1786","0,2232",0,0,"0,0662","0,2689","0,2188","0,4018","0,0504","0,1863","0,2321",0,0,"0,0697","0,2899","0,1716","0,4184",0,0,0,0,0,0,0,1,0,"0,4975","0,4281","150,34","163,46",,
tienda_mes,4641,1/5/2026,PENDIENTES,Veterana,25,25,246,"9,84","0,3221","0,483","0,7682",0,0,"0,2023","1,46",0,"1,25","3,24","0,3221","0,483","0,7682",0,0,"0,2023","1,46",0,"1,25","3,24",0,0,0,0,0,0,0,0,0,0,"0,1131","0,164","0,1641",0,0,"0,1095","0,4492",0,"0,3282","0,1131","0,164","0,1641",0,0,"0,1095","0,4492",0,"0,3282",,,,,,,,,,"0,4259","0,4259","182,89","182,89",,
tienda_mes,4661,1/5/2026,GLOBAL,Liebre,25,,130.101,,,,,,,,,,,,,,,,,,,,,,,,,,,,,,,,,,,,,,,,,,,,,,,,,,,,,,,,,,,,,,,"0,3026","0,2843"
tienda_mes,4661,1/5/2026,SECOS,Veterana,25,466,69.688,"148,35","0,8633","11,68","24,95",0,"0,0009","0,6751","1,09","4,7","36,63","43,96","0,8633","11,67","24,72",0,"0,0009","0,6751","1,06","3,06","36,38","42,04",0,"0,0168","0,2267",0,0,0,"0,0346","1,64","0,2435","1,91","0,0197","0,266","0,5669",0,0,"0,0154","0,0247","0,1072","0,8329","0,0206","0,2781","0,5872",0,0,"0,016","0,025","0,073","0,8653",0,"0,0041","0,093",0,0,0,"0,0108","0,8921","0,0972","0,2985","0,2852","202,27","211,34",,
tienda_mes,4661,1/5/2026,REFRIGERADO,Veterana,25,201,21.882,"108,37","0,5602","6,73","13,06",0,0,"0,7313","1,93","4,57","19,79","27,58","0,5602","6,73","12,99",0,0,"0,7313","1,93","2,19","19,72","25,13",0,0,"0,074",0,0,0,0,"2,38","0,074","2,45","0,0201","0,2428","0,4748",0,0,"0,0264","0,0692","0,1668","0,7176","0,022","0,2672","0,5193",0,0,"0,0287","0,0761","0,0867","0,7865",0,0,"0,0374",0,0,0,0,"0,9626","0,0374","0,2552","0,2322","236,49","260,16",,
tienda_mes,4661,1/5/2026,CONGELADO,Veterana,25,162,7.456,"45,62","0,5129","3,06","7,47",0,0,"0,4795","1,75","3,82","10,53","17,1","0,5129","3,06","7,47",0,0,"0,4795","1,75","1,4","10,53","14,68",0,0,0,0,0,0,0,"2,42",0,"2,42","0,0298","0,1788","0,4372",0,0,"0,028","0,1025","0,2237","0,616","0,035","0,2091","0,5105",0,0,"0,0321","0,1192","0,0941","0,7196",0,0,0,0,0,0,0,1,0,"0,3774","0,3238","160,37","187,73",,
tienda_mes,4661,1/5/2026,FRESCOS,Veterana,25,194,15.354,"78,86","0,6906",0,0,"18,54","1,36","0,9922","2,94",5,"18,54","29,52","0,6906",0,0,"18,54","1,36","0,9922","2,94","2,83","18,54","27,35",0,0,0,0,0,0,0,"2,17",0,"2,17","0,0235",0,0,"0,6292","0,0458","0,0336","0,1002","0,1677","0,6292","0,0254",0,0,"0,6784","0,0492","0,0363","0,1078","0,1029","0,6784",0,0,0,0,0,0,0,1,0,"0,3763","0,3489","161,14","173,77",,
tienda_mes,4661,1/5/2026,FYV,Veterana,25,155,13.069,"84,97","0,7693",0,0,"10,63","4,76","0,6799","1,91","4,06","10,63","22,81","0,7693",0,0,"10,63","4,72","0,6799","1,91","2,7","10,63","21,41",0,0,0,0,"0,0364",0,0,"1,36",0,"1,39","0,0341",0,0,"0,4659","0,208","0,0303","0,0837","0,178","0,4659","0,0363",0,0,"0,4952","0,2194","0,0321","0,0887","0,1283","0,4952",0,0,0,0,"0,0107",0,0,"0,9893",0,"0,2712","0,2538","225,97","239,26",,
tienda_mes,4661,1/5/2026,HORNO,Veterana,25,105,2.539,"24,48","0,2482","1,26","2,01",0,0,"0,6148","3,55","0,8193","3,27","8,49","0,2482","1,26","2,01",0,0,"0,6148","3,55","0,7502","3,27","8,42",0,0,0,0,0,0,0,"0,0691",0,"0,0691","0,027","0,1471","0,2378",0,0,"0,0723","0,4159","0,1","0,3849","0,0272","0,148","0,2395",0,0,"0,073","0,4207","0,0916","0,3875",0,0,0,0,0,0,0,1,0,"0,3522","0,3492","178,98","181,05",,
tienda_mes,4661,1/5/2026,PENDIENTES,Veterana,20,31,109,"3,83","0,4845","0,3496","0,7218",0,0,"0,2452","0,8054","3,82","1,07","6,42","0,4845","0,3496","0,5543",0,0,"0,2452","0,8054","1,87","0,9039","4,31",0,0,"0,1675",0,0,0,0,"1,94","0,1675","2,11","0,0898","0,0578","0,1125",0,0,"0,0409","0,1198","0,5792","0,1703","0,1266","0,0921","0,1236",0,0,"0,0836","0,1776","0,3965","0,2157",0,0,"0,1429",0,0,0,0,"0,8571","0,1429","2,49","1,74","34,5","65,38",,
tienda_mes,4678,1/5/2026,GLOBAL,Liebre,25,,73.100,,,,,,,,,,,,,,,,,,,,,,,,,,,,,,,,,,,,,,,,,,,,,,,,,,,,,,,,,,,,,,,"0,2944","0,29"
tienda_mes,4678,1/5/2026,SECOS,No veterana,25,243,39.518,"162,8","1,67","15,53","22,03",0,0,"1,03","1,06","3,1","37,56","44,43","1,67","15,53","21,97",0,0,"1,03","1,06","2,57","37,5","43,83",0,0,"0,064",0,0,0,0,"0,5319","0,064","0,5959","0,0378","0,3503","0,4949",0,0,"0,0233","0,0236","0,07","0,8452","0,0384","0,3546","0,5006",0,0,"0,0236","0,024","0,0589","0,8552",0,0,"0,0833",0,0,0,0,"0,9167","0,0833","0,2745","0,271","219,82","222,82",,
tienda_mes,4678,1/5/2026,REFRIGERADO,No veterana,25,120,13.239,"110,14","0,827","8,07","10,9",0,0,"0,9837","2,28","2,65","18,96","25,7","0,827","8,07","10,9",0,0,"0,9837","2,28","2,65","18,96","25,7",0,0,0,0,0,0,0,0,0,0,"0,0321","0,3113","0,4256",0,0,"0,0384","0,0888","0,1039","0,7369","0,0321","0,3113","0,4256",0,0,"0,0384","0,0888","0,1039","0,7369",,,,,,,,,,"0,2346","0,2346","257,42","257,42",,
tienda_mes,4678,1/5/2026,CONGELADO,No veterana,25,102,5.535,"54,26","0,9859","4,52","6,56",0,0,"1,03","2,47","3,71","11,07","19,27","0,9113","4,52","6,5",0,0,"1,03","2,47","3,01","11,02","18,44","0,0746",0,"0,053",0,0,0,0,"0,7062","0,053","0,8338","0,0511","0,234","0,3438",0,0,"0,0539","0,128","0,1893","0,5778","0,0499","0,2429","0,3538",0,0,"0,0557","0,1331","0,1645","0,5968","0,0497",0,"0,125",0,0,0,0,"0,8253","0,125","0,3586","0,345","169,74","176,58",,
tienda_mes,4678,1/5/2026,FRESCOS,No veterana,25,112,7.891,"70,88","1,17",0,0,"17,28","1,41","1,2","4,85","2,3","17,28","28,21","1,17",0,0,"17,14","1,41","1,2","4,77","2,07","17,14","27,76",0,0,0,"0,143",0,0,"0,0813","0,2328","0,143","0,4571","0,0416",0,0,"0,6124","0,0496","0,0428","0,1711","0,0825","0,6124","0,0425",0,0,"0,6165","0,0502","0,0438","0,1707","0,0763","0,6165",0,0,0,"0,1431",0,0,"0,2","0,6569","0,1431","0,4046","0,3985","151,14","153,93",,
tienda_mes,4678,1/5/2026,FYV,No veterana,25,82,5.362,"65,71","1,55",0,0,"8,2","4,01","1,2","3,84","1,73","8,2","20,53","1,55",0,0,8,"3,92","1,2","3,84","1,43",8,"19,94",0,0,0,"0,1978","0,0892",0,0,"0,3074","0,1978","0,5944","0,0768",0,0,"0,3954","0,1952","0,0608","0,1856","0,0862","0,3954","0,0794",0,0,"0,3975","0,1959","0,0622","0,1913","0,0738","0,3975",0,0,0,"0,4","0,2",0,0,"0,4","0,4","0,3271","0,3156","192,87","197,64",,
tienda_mes,4678,1/5/2026,HORNO,No veterana,25,62,1.227,"19,87","0,6875","1,48","1,4",0,0,"0,9754","3,07","0,1597","2,88","7,77","0,6875","1,48","1,4",0,0,"0,9754","3,07","0,1597","2,88","7,77",0,0,0,0,0,0,0,0,0,0,"0,082","0,1848","0,1746",0,0,"0,1301","0,4071","0,0214","0,3594","0,082","0,1848","0,1746",0,0,"0,1301","0,4071","0,0214","0,3594",,,,,,,,,,"0,4071","0,4071","158,51","158,51",,
tienda_mes,4678,1/5/2026,PENDIENTES,No veterana,25,46,328,"7,91","0,9489","0,8907","1,8",0,0,"0,6714","3,03","1,58","2,69","8,92","0,9489","0,8907","1,33",0,0,"0,6714","3,03","1,58","2,22","8,45",0,0,"0,4667",0,0,0,0,0,"0,4667","0,4667","0,1174","0,0852","0,1594",0,0,"0,0911","0,3216","0,2252","0,2446","0,1194","0,0915","0,139",0,0,"0,0918","0,3311","0,2271","0,2306",0,0,1,0,0,0,0,0,1,"1,58","1,55","50,87","53,22",,
tienda_mes,4694,1/5/2026,GLOBAL,Liebre,25,,72.415,,,,,,,,,,,,,,,,,,,,,,,,,,,,,,,,,,,,,,,,,,,,,,,,,,,,,,,,,,,,,,,"0,3001","0,2492"
tienda_mes,4694,1/5/2026,SECOS,Veterana,25,264,39.288,"147,33","0,4265","7,67","26,31",0,0,"0,3798","0,4925","7,78","33,97","43,05","0,4265","7,67","25,91",0,0,"0,3509","0,4678","1,2","33,58","36,03",0,0,"0,3982",0,0,"0,0289","0,0248","6,58","0,3982","7,03","0,01","0,1767","0,6123",0,0,"0,0088","0,0117","0,1805","0,789","0,0119","0,2119","0,7205",0,0,"0,0097","0,0132","0,0328","0,9323",0,0,"0,0517",0,0,"0,0035","0,0045","0,9402","0,0517","0,2929","0,2448","205,77","246,07",,
tienda_mes,4694,1/5/2026,REFRIGERADO,Veterana,25,122,12.663,"103,99","0,1636","7,8","10,99",0,"0,0028","0,2682","0,8834","7,22","18,78","27,32","0,1636","7,8","10,89",0,"0,0028","0,2682","0,8834","1,33","18,69","21,34",0,0,"0,0978",0,0,0,0,"5,89","0,0978","5,98","0,0062","0,2833","0,4058",0,"0,0001","0,0104","0,0336","0,2605","0,6892","0,0077","0,3698","0,5078",0,"0,0001","0,0128","0,0418","0,0598","0,8777",0,0,"0,0123",0,0,0,0,"0,9877","0,0123","0,2653","0,2065","230,43","293,68",,
tienda_mes,4694,1/5/2026,CONGELADO,Veterana,25,103,4.595,"44,49","0,3795","3,12","6,81",0,0,"0,4758","1,32","5,61","9,93","17,71","0,3795","3,12","6,68",0,0,"0,4758","1,32","1,07","9,8","13,05",0,0,"0,1257",0,0,0,0,"4,54","0,1257","4,66","0,0219","0,1772","0,3857",0,0,"0,0272","0,0756","0,3124","0,5629","0,0295","0,2381","0,512",0,0,"0,0371","0,1031","0,0802","0,7501",0,0,"0,0215",0,0,0,0,"0,9785","0,0215","0,4057","0,2966","152,03","205,49",,
tienda_mes,4694,1/5/2026,FRESCOS,Veterana,25,115,7.924,"68,98","0,7554",0,0,"13,98","1,21","1,05","3,07","5,58","13,98","25,65","0,6446",0,0,"13,9","1,21","1,05","3,07","1,74","13,9","21,62","0,1109",0,0,"0,0806",0,0,0,"3,84","0,0806","4,03","0,0298",0,0,"0,5458","0,0475","0,0415","0,1215","0,2139","0,5458","0,0303",0,0,"0,6405","0,0566","0,0489","0,1425","0,0812","0,6405","0,0262",0,0,"0,007",0,0,0,"0,9668","0,007","0,3757","0,315","162,66","191,88",,
tienda_mes,4694,1/5/2026,FYV,Veterana,25,92,6.534,"68,88","0,9221",0,0,"6,62","3,78","1,26","2,25","3,62","6,62","18,45","0,9221",0,0,"6,62","3,78","1,26","2,25","1,05","6,62","15,88",0,0,0,0,0,0,0,"2,57",0,"2,57","0,05",0,0,"0,3588","0,2063","0,069","0,123","0,1929","0,3588","0,0584",0,0,"0,4139","0,2381","0,0814","0,145","0,0631","0,4139",0,0,0,0,0,0,0,1,0,"0,2857","0,2414","223,84","257,65",,
tienda_mes,4694,1/5/2026,HORNO,Veterana,25,62,1.339,"21,23","0,1526","0,9227","1,26",0,0,"0,2276","1,86","0,2337","2,19","4,66","0,1526","0,9227","1,26",0,0,"0,2276","1,86","0,2337","2,19","4,66",0,0,0,0,0,0,0,0,0,0,"0,033","0,1976","0,2735",0,0,"0,0484","0,399","0,0485","0,4711","0,033","0,1976","0,2735",0,0,"0,0484","0,399","0,0485","0,4711",,,,,,,,,,"0,226","0,226","276,99","276,99",,
tienda_mes,4694,1/5/2026,PENDIENTES,Veterana,16,18,72,"4,22","0,1924","0,1788","0,2316",0,0,"0,3474","0,5887","5,43","0,4103","6,97","0,1924","0,1788","0,2316",0,0,"0,3474","0,5887","1,46","0,4103",3,0,0,0,0,0,0,0,"3,97",0,"3,97","0,0693","0,0365","0,0337",0,0,"0,0879","0,1056","0,6669","0,0703","0,12","0,0832","0,0548",0,0,"0,2424","0,2194","0,2803","0,1379",0,0,0,0,0,0,0,1,0,"2,73","0,7787","60,72","125,81",,
tienda_mes,4769,1/5/2026,GLOBAL,Liebre,24,,73.667,,,,,,,,,,,,,,,,,,,,,,,,,,,,,,,,,,,,,,,,,,,,,,,,,,,,,,,,,,,,,,,"0,3071","0,2989"
tienda_mes,4769,1/5/2026,SECOS,Veterana,24,292,42.095,"143,79","1,52","11,11","23,27",0,0,"1,39","1,12","2,37","34,38","40,78","1,48",11,"22,97",0,0,"1,33","1,12","2,21","33,97","40,11","0,0372","0,1088","0,3062",0,0,"0,0594",0,"0,1613","0,4149","0,6729","0,0373","0,271","0,572",0,0,"0,0341","0,0272","0,0583","0,843","0,0371","0,2729","0,5734",0,0,"0,0334","0,0277","0,0556","0,8463","0,0833","0,125","0,4411",0,0,"0,0524",0,"0,2982","0,5661","0,2842","0,2796","212,2","215,57",,
tienda_mes,4769,1/5/2026,REFRIGERADO,Veterana,24,117,11.841,"101,05","0,7518","6,18","13,85",0,0,"1,06","1,77","2,97","20,03","26,58","0,7518","6,18","13,73",0,0,"1,06","1,77","2,6","19,91","26,09",0,0,"0,1163",0,0,0,0,"0,3739","0,1163","0,4902","0,0285","0,2268","0,5247",0,0,"0,0403","0,0662","0,1135","0,7515","0,029","0,2311","0,531",0,0,"0,0411","0,0674","0,1004","0,7621",0,0,"0,1726",0,0,0,0,"0,8274","0,1726","0,2644","0,2589","230,03","233,86",,
tienda_mes,4769,1/5/2026,CONGELADO,Veterana,24,95,4.132,"43,49","1,3","3,46","7,3",0,0,"1,15","1,63","3,25","10,75","18,09","1,3","3,46","7,3",0,0,"1,15","1,55","2,7","10,75","17,46",0,0,0,0,0,0,"0,0835","0,5476",0,"0,6311","0,0735","0,1878","0,4046",0,0,"0,0645","0,0892","0,1804","0,5923","0,0759","0,1935","0,4187",0,0,"0,067","0,0884","0,1564","0,6123",0,0,0,0,0,0,"0,0724","0,9276",0,"0,4198","0,4045","146,16","150,77",,
tienda_mes,4769,1/5/2026,FRESCOS,Veterana,24,118,8.862,"75,38","1,71",0,0,"17,45","1,18","1,08","3,29","3,97","17,45","28,68","1,71",0,0,"17,29","1,18","1,08","3,29","2,32","17,29","26,86",0,0,0,"0,1647",0,0,0,"1,65","0,1647","1,82","0,0603",0,0,"0,6068","0,0412","0,0374","0,1149","0,1394","0,6068","0,0644",0,0,"0,6427","0,044","0,0398","0,1225","0,0867","0,6427",0,0,0,"0,1093",0,0,0,"0,8907","0,1093","0,385","0,3603","159,14","170,58",,
tienda_mes,4769,1/5/2026,FYV,Veterana,24,88,5.427,"61,87","1,61",0,0,"8,35","3,86","1,45","2,48","2,31","8,35","20,07","1,61",0,0,"8,35","3,86","1,45","2,48","2,06","8,35","19,81",0,0,0,0,0,0,0,"0,2546",0,"0,2546","0,0813",0,0,"0,4146","0,1904","0,0726","0,1244","0,1167","0,4146","0,0827",0,0,"0,4192","0,1925","0,0737","0,1256","0,1064","0,4192",0,0,0,0,0,0,0,1,0,"0,3291","0,3245","185,76","187,93",,
tienda_mes,4769,1/5/2026,HORNO,Veterana,24,60,1.192,"20,58","1,2","1,44","2,17",0,0,"1,06","2,99","0,1057","3,61","8,97","1,2","1,44","2,09",0,0,"1,06","2,99","0,1057","3,53","8,89",0,0,"0,0838",0,0,0,0,0,"0,0838","0,0838","0,1358","0,1594","0,2393",0,0,"0,1246","0,3273","0,0136","0,3986","0,1364","0,1603","0,2319",0,0,"0,1259","0,3299","0,0156","0,3922",0,0,1,0,0,0,0,0,1,"0,4729","0,4628","142,35","143,11",,
tienda_mes,4769,1/5/2026,PENDIENTES,Veterana,19,31,118,"3,49","0,9013","0,9357","0,8216",0,0,"0,7111","1,3","3,42","1,76","8,09","0,7342","0,9357","0,8216",0,0,"0,7111","1,3","1,63","1,76","6,13","0,167",0,0,0,0,0,0,"1,79",0,"1,96","0,1217","0,1245","0,0915",0,0,"0,1058","0,1599","0,3965","0,2161","0,132","0,1516","0,1079",0,0,"0,1278","0,2112","0,2696","0,2594","0,0838",0,0,0,0,0,0,"0,9162",0,"2,81","2,22","28,47","37,46",,
tienda_mes,4770,1/5/2026,GLOBAL,Liebre,25,,75.918,,,,,,,,,,,,,,,,,,,,,,,,,,,,,,,,,,,,,,,,,,,,,,,,,,,,,,,,,,,,,,,"0,3111","0,3017"
tienda_mes,4770,1/5/2026,SECOS,Veterana,25,272,39.779,"146,51","0,8861","16,63","21,47",0,0,"1,53","1,23","3,07","38,1","44,81","0,8861","16,63","21,26",0,0,"1,51","1,23","2,61","37,89","44,12",0,0,"0,2115",0,0,"0,0224",0,"0,4561","0,2115","0,6901","0,0198","0,3714","0,4783",0,0,"0,0344","0,0276","0,0686","0,8497","0,0201","0,3772","0,481",0,0,"0,0345","0,028","0,0592","0,8582",0,0,"0,1989",0,0,"0,0317",0,"0,7694","0,1989","0,3066","0,3018","196,4","199,45",,
tienda_mes,4770,1/5/2026,REFRIGERADO,Veterana,25,124,13.609,"109,7","0,3855","8,94","11,17",0,0,"1,58","2,08","3,75","20,12","27,91","0,3855","8,94","11,17",0,0,"1,58","2,08","2,72","20,12","26,88",0,0,0,0,0,0,0,"1,03",0,"1,03","0,0138","0,3204","0,4001",0,0,"0,0565","0,0743","0,1349","0,7205","0,0143","0,3319","0,4151",0,0,"0,0585","0,0769","0,1032","0,7471",0,0,0,0,0,0,0,1,0,"0,2572","0,2471","235,9","244,56",,
tienda_mes,4770,1/5/2026,CONGELADO,Veterana,25,104,4.576,"43,73","0,4799","3,83","5,96",0,0,"1,06","1,65","2,31","9,79","15,31","0,4799","3,83","5,96",0,0,"1,06","1,65","1,91","9,79","14,9",0,0,0,0,0,0,0,"0,4014",0,"0,4014","0,032","0,247","0,3897",0,0,"0,0705","0,1074","0,1534","0,6367","0,0329","0,2533","0,3986",0,0,"0,072","0,1101","0,133","0,652",0,0,0,0,0,0,0,1,0,"0,3535","0,3441","171,89","175,8",,
tienda_mes,4770,1/5/2026,FRESCOS,Veterana,25,117,8.274,"70,75","0,648",0,0,"16,61","1,65","1,17","4,15","3,79","16,61","28,02","0,648",0,0,"16,61","1,65","1,11","4,15","2,37","16,61","26,54",0,0,0,0,0,"0,0611",0,"1,42",0,"1,48","0,0237",0,0,"0,593","0,0596","0,0417","0,1488","0,1332","0,593","0,0248",0,0,"0,6235","0,0627","0,0422","0,1565","0,0903","0,6235",0,0,0,0,0,"0,0178",0,"0,9822",0,"0,3969","0,3764","153,25","160,84",,
tienda_mes,4770,1/5/2026,FYV,Veterana,25,89,6.125,"68,56","1,04",0,0,"8,41","4,44","1,28","2,9","3,65","8,41","21,73","1,04",0,0,"8,41","4,37","1,28","2,9",2,"8,41","20,01",0,0,0,0,"0,069",0,0,"1,65",0,"1,72","0,049",0,0,"0,3906","0,2018","0,06","0,1342","0,1645","0,3906","0,053",0,0,"0,4216","0,2152","0,0652","0,1455","0,0996","0,4216",0,0,0,0,"0,0323",0,0,"0,9677",0,"0,3215","0,2952","190,88","206,04",,
tienda_mes,4770,1/5/2026,HORNO,Veterana,25,63,1.186,"18,75","0,2059","1,09","1,44",0,0,"0,899","3,34","0,2231","2,54","7,21","0,2059","1,09","1,44",0,0,"0,899","3,34","0,2231","2,54","7,21",0,0,0,0,0,0,0,0,0,0,"0,029","0,1492","0,1992",0,0,"0,1286","0,4622","0,0318","0,3484","0,029","0,1492","0,1992",0,0,"0,1286","0,4622","0,0318","0,3484",,,,,,,,,,"0,393","0,393","158,37","158,37",,
tienda_mes,4770,1/5/2026,PENDIENTES,Veterana,25,63,2.369,"26,92","0,5763","1,03","1,67",0,0,"0,5908","2,87","1,47","2,7","8,21","0,5763","1,03","1,22",0,0,"0,5908","2,87","1,27","2,25","7,56",0,0,"0,4502",0,0,0,0,"0,1965","0,4502","0,6466","0,0729","0,1236","0,1558",0,0,"0,0789","0,4036","0,1653","0,2793","0,0768","0,1318","0,1423",0,0,"0,082","0,4158","0,1513","0,274",0,0,"0,5762",0,0,0,0,"0,4238","0,5762","1,13","0,9849","142,61",177,,
tienda_mes,2183,1/6/2026,GLOBAL,Liebre,25,,98.484,,,,,,,,,,,,,,,,,,,,,,,,,,,,,,,,,,,,,,,,,,,,,,,,,,,,,,,,,,,,,,,"0,299","0,2742"
tienda_mes,2183,1/6/2026,SECOS,Veterana,25,382,53.374,"139,09","1,35","9,95","20,27",0,0,"0,3814","0,5457","5,75","30,22","38,25","1,27","9,88","20,08",0,0,"0,3814","0,5167","2,55","29,95","34,67","0,0853","0,0733","0,1929",0,0,0,"0,0291","3,2","0,2662","3,58","0,0354","0,2586","0,5301",0,0,"0,0099","0,0144","0,1518","0,7887","0,0368","0,2834","0,58",0,0,"0,0109","0,0149","0,0739","0,8634","0,0278","0,0174","0,0469",0,0,0,"0,0088","0,899","0,0643","0,2756","0,2495","218,87","241,66",,
tienda_mes,2183,1/6/2026,REFRIGERADO,Veterana,25,167,17.090,"101,36","0,8671","6,51","11,74",0,0,"0,8648","1,87","3,61","18,25","25,46","0,8329","6,51","11,74",0,0,"0,8648","1,87","2,75","18,25","24,56","0,0342",0,0,0,0,0,0,"0,861",0,"0,8952","0,034","0,2537","0,4627",0,0,"0,0337","0,0729","0,143","0,7163","0,0339","0,2635","0,4788",0,0,"0,0349","0,0755","0,1134","0,7422","0,0292",0,0,0,0,0,0,"0,9708",0,"0,252","0,243","239,36","247,89",,
tienda_mes,2183,1/6/2026,CONGELADO,Veterana,25,128,5.517,"43,36","0,9168","3,23","6,72",0,0,"0,8886","1,8","2,21","9,96","15,77","0,8618","3,23","6,58",0,0,"0,8886","1,8","1,73","9,81","15,1","0,0551",0,"0,1404",0,0,0,0,"0,4828","0,1404","0,6782","0,0575","0,2036","0,4247",0,0,"0,0572","0,1162","0,1407","0,6283","0,0568","0,2124","0,4326",0,0,"0,0597","0,1211","0,1174","0,645","0,0605",0,"0,125",0,0,0,0,"0,8145","0,125","0,3672","0,3516","165,96","172,58",,
tienda_mes,2183,1/6/2026,FRESCOS,Veterana,25,156,11.043,"70,43","1,14",0,0,"15,9","1,28","0,8021","3,55","4,54","15,9","27,21","1,05",0,0,"15,9","1,28","0,8021","3,55","1,8","15,9","24,38","0,0877",0,0,0,0,0,0,"2,74",0,"2,83","0,0424",0,0,"0,5852","0,0471","0,0295","0,131","0,1647","0,5852","0,0433",0,0,"0,6514","0,0525","0,033","0,1459","0,0739","0,6514","0,0289",0,0,0,0,0,0,"0,9711",0,"0,3872","0,3471","155,71","173,57",,
tienda_mes,2183,1/6/2026,FYV,Veterana,25,132,9.604,"73,27","1,61",0,0,"10,28","4,79","1,38","3,67","3,46","10,28","25,2","1,49",0,0,"10,22","4,67","1,34","3,63","1,61","10,22","22,95","0,1253",0,0,"0,0653","0,1261","0,0405","0,0424","1,85","0,0653","2,25","0,065",0,0,"0,4097","0,1901","0,0554","0,1463","0,1336","0,4097","0,0654",0,0,"0,4448","0,2022","0,0585","0,1587","0,0703","0,4448","0,0446",0,0,"0,0125","0,0241","0,0167","0,0147","0,8874","0,0125","0,3481","0,3161","176,24","192,04",,
tienda_mes,2183,1/6/2026,HORNO,Veterana,25,82,1.769,"22,14","0,7577","1,48","1,69",0,0,"0,3005","4,17","0,5006","3,16","8,89","0,4142","1,48","1,69",0,0,"0,3005","4,08","0,4172","3,16","8,37","0,3435",0,0,0,0,0,"0,0931","0,0834",0,"0,52","0,0734","0,1564","0,1977",0,0,"0,0338","0,4842","0,0544","0,3542","0,0483","0,1677","0,2054",0,0,"0,0348","0,4931","0,0507","0,373","0,6",0,0,0,0,0,"0,2","0,2",0,"0,4138","0,39","152,9","159,81",,
tienda_mes,2183,1/6/2026,PENDIENTES,Veterana,20,29,81,"2,61","0,1273","0,1679","0,0736",0,0,"0,3657","0,5639","5,96","0,2415","7,26","0,1273","0,1679","0,0736",0,0,"0,3657","0,5639","0,6478","0,2415","1,95",0,0,0,0,0,0,0,"5,31",0,"5,31","0,0351","0,0433","0,0126",0,0,"0,0981","0,1329","0,678","0,0559","0,0894","0,1165","0,0276",0,0,"0,2468","0,3092","0,2105","0,1441",0,0,0,0,0,0,0,1,0,"4,14","0,9091","49,59","97,14",,
tienda_mes,2749,1/6/2026,GLOBAL,Liebre,25,,94.896,,,,,,,,,,,,,,,,,,,,,,,,,,,,,,,,,,,,,,,,,,,,,,,,,,,,,,,,,,,,,,,"0,3034","0,2946"
tienda_mes,2749,1/6/2026,SECOS,Veterana,25,366,52.199,"142,48","2,56","9,6","23,12",0,0,"1,24","1,02","2,84","32,72","40,38","2,46","9,52","22,89",0,0,"1,15",1,"2,15","32,41","39,17","0,0992","0,0767","0,2341",0,0,"0,0955","0,0152","0,6932","0,3108","1,21","0,064","0,2373","0,5725",0,0,"0,0308","0,0251","0,0703","0,8098","0,0634","0,2428","0,5842",0,0,"0,0293","0,0254","0,0548","0,827","0,0958","0,0536","0,1773",0,0,"0,1263","0,011","0,536","0,2309","0,2848","0,2763","212,05","218,57",,
tienda_mes,2749,1/6/2026,REFRIGERADO,Veterana,25,149,14.881,"99,4","1,86","4,44","12,42",0,0,"1,1","2,22","1,39","16,85","23,42","1,69","4,44","12,29",0,0,"1,1","2,22","1,18","16,73","22,91","0,1685",0,"0,1277",0,0,0,0,"0,2083","0,1277","0,5045","0,0793","0,1893","0,5302",0,0,"0,0473","0,0947","0,0592","0,7195","0,0736","0,1936","0,5361",0,0,"0,0484","0,0969","0,0514","0,7297","0,3606",0,"0,2108",0,0,0,0,"0,4286","0,2108","0,2378","0,2326","255,01","260,89",,
tienda_mes,2749,1/6/2026,CONGELADO,Veterana,25,133,6.879,"51,2","2,24","2,62","9,04",0,0,"1,24","1,96","1,84","11,65","18,92","1,95","2,62","8,86",0,0,"1,24","1,96","1,79","11,48","18,41","0,2902",0,"0,1759",0,0,0,0,"0,0537","0,1759","0,5198","0,1177","0,1382","0,478",0,0,"0,0649","0,1028","0,0984","0,6162","0,1062","0,1417","0,4811",0,0,"0,0671","0,1061","0,0978","0,6228","0,4254",0,"0,3746",0,0,0,0,"0,2","0,3746","0,3744","0,3648","162,3","167,3",,
tienda_mes,2749,1/6/2026,FRESCOS,Veterana,25,148,10.433,"70,68","2,55",0,0,"15,42","1,26","0,9976","3,86","2,31","15,42","26,4","2,25",0,0,"15,42","1,26","0,9976","3,86","1,76","15,42","25,54","0,3067",0,0,0,0,0,0,"0,5493",0,"0,856","0,0971",0,0,"0,5844","0,0476","0,0382","0,1462","0,0865","0,5844","0,089",0,0,"0,6024","0,0491","0,0392","0,151","0,0694","0,6024","0,3001",0,0,0,0,0,0,"0,6999",0,"0,3742","0,3618","161,65","166,71",,
tienda_mes,2749,1/6/2026,FYV,Veterana,25,123,8.105,"66,5","3,07",0,0,"9,19","3,96","1,86","3,06","1,08","9,19","22,21","2,79",0,0,"9,14","3,9","1,63","3,06","1,08","9,14","21,6","0,2798",0,0,"0,0487","0,0553","0,232",0,0,"0,0487","0,6158","0,1395",0,0,"0,4128","0,1769","0,0847","0,1369","0,0493","0,4128","0,1306",0,0,"0,4219","0,18","0,0764","0,1405","0,0506","0,4219","0,4461",0,0,"0,0615","0,0539","0,4385",0,0,"0,0615","0,3393","0,3293","180,24","184,89",,
tienda_mes,2749,1/6/2026,HORNO,Veterana,25,82,1.955,"23,89","0,3086","1,13","1,66",0,0,"1,12","4,34","0,2047","2,79","8,77","0,3086","1,13","1,66",0,0,"1,06","4,34","0,2047","2,79","8,7",0,0,0,0,0,"0,0634",0,0,0,"0,0634","0,0359","0,1277","0,1892",0,0,"0,128","0,4954","0,0239","0,3169","0,0362","0,1285","0,1904",0,0,"0,1204","0,5006","0,0239","0,3189",0,0,0,0,0,1,0,0,0,"0,3984","0,3939","169,31","170,62",,
tienda_mes,2749,1/6/2026,PENDIENTES,Veterana,25,69,444,"6,35","1,19","2,8","1,31",0,0,"0,4334","2,04","1,04","4,11","8,81","1,19","2,44","1,24",0,0,"0,4334","2,04","0,7962","3,68","8,14",0,"0,3527","0,0699",0,0,0,0,"0,2448","0,4226","0,6674","0,1343","0,2957","0,1453",0,0,"0,0556","0,2547","0,1144","0,441","0,1413","0,2793","0,1449",0,0,"0,0602","0,2694","0,1048","0,4243",0,"0,6","0,2",0,0,0,0,"0,2","0,8","1,64","1,47","51,97","54,21",,
tienda_mes,2946,1/6/2026,GLOBAL,Liebre,26,,17.770,,,,,,,,,,,,,,,,,,,,,,,,,,,,,,,,,,,,,,,,,,,,,,,,,,,,,,,,,,,,,,,"0,299","0,2808"
tienda_mes,2946,1/6/2026,SECOS,No veterana,26,75,9.059,"123,18","0,7667","8,86","16,25",0,0,"1,06","0,6259","3,6","25,11","31,16","0,7667","8,86","16,25",0,0,"1,06","0,6259","2,19","25,11","29,75",0,0,0,0,0,0,0,"1,4",0,"1,4","0,0253","0,2836","0,5238",0,0,"0,0354","0,0206","0,1113","0,8074","0,0263","0,2952","0,5468",0,0,"0,0366","0,0215","0,0736","0,842",0,0,0,0,0,0,0,1,0,"0,2589","0,2476","241,13","251,19",,
tienda_mes,2946,1/6/2026,REFRIGERADO,No veterana,26,43,3.647,"83,04","0,4896","4,1","9,41",0,0,"0,7751","1,29","2,94","13,51",19,"0,4896","4,1","7,63",0,0,"0,7751","1,29","1,89","11,72","16,17",0,0,"1,78",0,0,0,0,"1,05","1,78","2,83","0,0282","0,2209","0,4935",0,0,"0,0447","0,0688","0,1438","0,7144","0,0336","0,248","0,4753",0,0,"0,0512","0,078","0,114","0,7232",0,0,"0,5159",0,0,0,0,"0,4841","0,5159","0,2363","0,21","275,61","330,02",,
tienda_mes,2946,1/6/2026,CONGELADO,No veterana,26,29,1.000,"34,63","0,5972","2,5","6,33",0,0,"0,773","2,07","3,72","8,83","15,98","0,5972","2,5","5,33",0,0,"0,773","1,77","3,05","7,83","14,03",0,0,"0,9994",0,0,0,"0,2925","0,6638","0,9994","1,96","0,0391","0,1548","0,3633",0,0,"0,0516","0,128","0,2632","0,5181","0,0427","0,1695","0,3604",0,0,"0,0551","0,1263","0,2459","0,53",0,0,"0,342",0,0,0,"0,2","0,458","0,342","0,5507","0,5026","136,1",147,,
tienda_mes,2946,1/6/2026,FRESCOS,No veterana,26,36,2.064,"58,06","0,9559",0,0,"13,84","0,6255","0,834","3,78","1,56","13,84","21,6","0,9559",0,0,"13,84","0,6255","0,834","3,78","1,56","13,84","21,6",0,0,0,0,0,0,0,0,0,0,"0,0471",0,0,"0,6427","0,0271","0,0392","0,1735","0,0704","0,6427","0,0471",0,0,"0,6427","0,0271","0,0392","0,1735","0,0704","0,6427",,,,,,,,,,"0,3877","0,3877","162,01","162,01",,
tienda_mes,2946,1/6/2026,FYV,No veterana,26,32,1.560,"50,52","1,31",0,0,"9,14","3,26","1,15","2,8","1,97","9,14","19,64","1,31",0,0,"9,14","3,26","1,15","2,8","1,71","9,14","19,37",0,0,0,0,0,0,0,"0,2649",0,"0,2649","0,0711",0,0,"0,4572","0,1635","0,0602","0,1478","0,1002","0,4572","0,0718",0,0,"0,463","0,1653","0,0608","0,1493","0,0899","0,463",0,0,0,0,0,0,0,1,0,"0,4511","0,4468","154,43","156,43",,
tienda_mes,2946,1/6/2026,HORNO,No veterana,26,26,245,"9,42","0,4132","0,6545","0,489",0,0,"0,508","1,4","2,06","1,14","5,52","0,4132","0,6545","0,489",0,0,"0,508","1,4","0,7088","1,14","4,17",0,0,0,0,0,0,0,"1,35",0,"1,35","0,0954","0,1415","0,1045",0,0,"0,1179","0,3465","0,1942","0,246","0,1039","0,1505","0,1165",0,0,"0,1294","0,3771","0,1227","0,267",0,0,0,0,0,0,0,1,0,"0,8193","0,6965","142,18","162,85",,
tienda_mes,2946,1/6/2026,PENDIENTES,No veterana,20,21,195,"8,6","0,3797","0,6838","1,77",0,0,"0,5227","2,49","0,2656","2,45","6,11","0,3797","0,6838","0,9393",0,0,"0,5227","2,49","0,2656","1,62","5,28",0,0,"0,8311",0,0,0,0,0,"0,8311","0,8311","0,132","0,116","0,1466",0,0,"0,1649","0,4187","0,0218","0,2626","0,1325","0,1209","0,1201",0,0,"0,1687","0,4361","0,0218","0,241",0,0,1,0,0,0,0,0,1,"0,882","0,8528","93,39","104,38",,
tienda_mes,3563,1/6/2026,GLOBAL,Liebre,26,,99.092,,,,,,,,,,,,,,,,,,,,,,,,,,,,,,,,,,,,,,,,,,,,,,,,,,,,,,,,,,,,,,,"0,3016","0,295"
tienda_mes,3563,1/6/2026,SECOS,Veterana,26,376,57.037,"150,46","2,19","11,68","25,16",0,0,"1,79","1,22","1,94","36,83","43,97","1,46","11,66","25,05",0,0,"1,74","1,22","1,83","36,71","42,95","0,733","0,0179","0,1077",0,0,"0,0567",0,"0,1131","0,1257","1,03","0,05","0,2646","0,5724",0,0,"0,0411","0,0278","0,0442","0,837","0,0342","0,2704","0,5836",0,0,"0,0407","0,0284","0,0427","0,854","0,7401","0,0125","0,1205",0,0,"0,0443",0,"0,0826","0,133","0,2941","0,2873","204,87","209,86",,
tienda_mes,3563,1/6/2026,REFRIGERADO,Veterana,26,152,15.754,"102,84","1,51","5,18","12,09",0,0,"0,8749","2,28","2,6","17,28","24,54","1,08","5,18","12,06",0,0,"0,8187","2,28","2,6","17,25","24,03","0,4224",0,"0,0281",0,0,"0,0561",0,0,"0,0281","0,5066","0,0617","0,2098","0,4937",0,0,"0,0356","0,0922","0,1071","0,7035","0,0456","0,2141","0,5025",0,0,"0,0344","0,0942","0,1093","0,7166","0,8652",0,"0,0348",0,0,"0,1",0,0,"0,0348","0,2394","0,2346","252,22","257,38",,
tienda_mes,3563,1/6/2026,CONGELADO,Veterana,26,138,6.283,"44,96","1,25","2,78","7,64",0,0,"1,01","1,85","2,6","10,41","17,12","1,14","2,78","7,64",0,0,"0,9316","1,85","2,22","10,41","16,56","0,1093",0,0,0,0,"0,0769",0,"0,3806",0,"0,5667","0,0728","0,1596","0,4478",0,0,"0,0588","0,1085","0,1524","0,6074","0,0696","0,1654","0,4613",0,0,"0,0568","0,1121","0,1348","0,6267","0,1729",0,0,0,0,"0,0771",0,"0,75",0,"0,3864","0,3742","157,98","162,8",,
tienda_mes,3563,1/6/2026,FRESCOS,Veterana,26,147,10.499,"71,15","1,33",0,0,"16,16","0,9985","0,7377","3,09","3,12","16,16","25,44","1,25",0,0,"16,16","0,9985","0,7377","3,09","2,7","16,16","24,94","0,079",0,0,0,0,0,0,"0,4228",0,"0,5018","0,0523",0,0,"0,6343","0,0394","0,0288","0,1212","0,1239","0,6343","0,0502",0,0,"0,6468","0,0401","0,0294","0,1236","0,1099","0,6468","0,1667",0,0,0,0,0,0,"0,8333",0,"0,3607","0,3533","168,26","171,38",,
tienda_mes,3563,1/6/2026,FYV,Veterana,26,124,7.596,"61,78","1,84",0,0,"9,16","3,41","1,34","3,14","1,29","9,16","20,18","1,84",0,0,"9,16","3,41","1,24","3,02","1,05","9,16","19,72",0,0,0,0,0,"0,0946","0,1198","0,242",0,"0,4564","0,0916",0,0,"0,4548","0,1688","0,0656","0,1556","0,0635","0,4548","0,0934",0,0,"0,4639","0,1723","0,0634","0,1534","0,0536","0,4639",0,0,0,0,0,"0,1059","0,25","0,6441",0,"0,3309","0,3244","185,13","188,91",,
tienda_mes,3563,1/6/2026,HORNO,Veterana,26,75,1.729,"23,28","0,2313","1,37","1,54",0,0,"0,3469","3,49","0,1672","2,91","7,15","0,2313","1,37","1,54",0,0,"0,3469","3,49","0,1672","2,91","7,15",0,0,0,0,0,0,0,0,0,0,"0,0323","0,1863","0,215",0,0,"0,0472","0,4945","0,0246","0,4014","0,0323","0,1863","0,215",0,0,"0,0472","0,4945","0,0246","0,4014",,,,,,,,,,"0,3101","0,3101","205,51","205,51",,
tienda_mes,3563,1/6/2026,PENDIENTES,Veterana,21,33,188,"6,32","0,9022","0,4894","0,4931",0,0,"0,8035","1,6","1,84","0,9825","6,13","0,9022","0,4894","0,4931",0,0,"0,8035","1,6","1,84","0,9825","6,13",0,0,0,0,0,0,0,0,0,0,"0,1534","0,0742","0,0689",0,0,"0,1343","0,2361","0,333","0,1432","0,1534","0,0742","0,0689",0,0,"0,1343","0,2361","0,333","0,1432",,,,,,,,,,"1,56","1,56","55,54","55,54",,
tienda_mes,3718,1/6/2026,GLOBAL,Liebre,26,,46.491,,,,,,,,,,,,,,,,,,,,,,,,,,,,,,,,,,,,,,,,,,,,,,,,,,,,,,,,,,,,,,,"0,3094","0,301"
tienda_mes,3718,1/6/2026,SECOS,Veterana,26,195,25.445,"129,89","2,07","8,38","20,86",0,0,"1,49","0,8358","1,51","29,24","35,14","1,99","8,38","20,71",0,0,"1,4","0,8358","1,41","29,09","34,72","0,0817",0,"0,1463",0,0,"0,0916",0,"0,0967","0,1463","0,4164","0,0592","0,2372","0,5938",0,0,"0,0422","0,024","0,0435","0,8311","0,0575","0,2402","0,5968",0,0,"0,0402","0,0243","0,0411","0,837","0,125",0,"0,5",0,0,"0,1692",0,"0,2058","0,5","0,2721","0,2688","222,21","225,01",,
tienda_mes,3718,1/6/2026,REFRIGERADO,Veterana,26,95,7.482,"79,15","1,81","4,31","11,46",0,0,"0,7039","1,17","1,85","15,77","21,3","1,45","4,31","11,3",0,0,"0,7039","1,17","1,79","15,61","20,72","0,3641",0,"0,1594",0,0,0,0,"0,0595","0,1594","0,583","0,0847","0,2027","0,5367",0,0,"0,0337","0,0548","0,0875","0,7394","0,0703","0,2073","0,5448",0,0,"0,0347","0,0563","0,0866","0,7521","0,6",0,"0,2",0,0,0,0,"0,2","0,2","0,2719","0,2638",225,"230,5",,
tienda_mes,3718,1/6/2026,CONGELADO,Veterana,26,75,3.152,"42,58","1,77","2,6","6,84",0,0,"0,8816","1,57","2,46","9,43","16,12","1,45","2,6","6,55",0,0,"0,8816","1,57","1,95","9,14","14,99","0,3241",0,"0,287",0,0,0,0,"0,5114","0,287","1,12","0,1093","0,1645","0,4202",0,0,"0,0566","0,1005","0,1489","0,5847","0,0955","0,1739","0,4331",0,0,"0,0592","0,1064","0,1319","0,607","0,4397",0,"0,1853",0,0,0,0,"0,375","0,1853","0,3821","0,3578","160,93","171,57",,
tienda_mes,3718,1/6/2026,FRESCOS,Veterana,26,91,5.410,"59,67","1,93",0,0,17,"1,03","1,07","3,01","2,46",17,"26,5","1,84",0,0,"16,94","0,9454","0,8468","2,84","2,1","16,94","25,52","0,087",0,0,"0,0593","0,0831","0,2196","0,166","0,3639","0,0593","0,9789","0,0731",0,0,"0,6402","0,0388","0,0412","0,1136","0,0931","0,6402","0,0732",0,0,"0,6625","0,0364","0,034","0,1116","0,0823","0,6625","0,1111",0,0,"0,1111","0,1111","0,2222","0,1111","0,3333","0,1111","0,454","0,4342","136,25","140,76",,
tienda_mes,3718,1/6/2026,FYV,Veterana,26,66,4.103,"64,37","2,08",0,0,"10,12","3,81","1,62","2,5","1,46","10,12","21,59","1,94",0,0,"9,58","3,81","1,55","2,5","1,25","9,58","20,63","0,1362",0,0,"0,5353",0,"0,0704",0,"0,2139","0,5353","0,9559","0,0974",0,0,"0,4622","0,1798","0,0809","0,1139","0,0657","0,4622","0,0943",0,0,"0,4611","0,1874","0,0787","0,1183","0,0601","0,4611","0,1429",0,0,"0,4286",0,"0,1429",0,"0,2857","0,4286","0,3521","0,3372","179,35","185,89",,
tienda_mes,3718,1/6/2026,HORNO,Veterana,26,51,830,"16,33","0,6381","0,8251","1,3",0,0,"1,02","2,49","0,0059","2,12","6,27","0,6381","0,8251","1,3",0,0,"1,02","2,49","0,0059","2,12","6,27",0,0,0,0,0,0,0,0,0,0,"0,0992","0,1382","0,2057",0,0,"0,1513","0,4047","0,0009","0,344","0,0992","0,1382","0,2057",0,0,"0,1513","0,4047","0,0009","0,344",,,,,,,,,,"0,4361","0,4361","167,4","167,4",,
tienda_mes,3718,1/6/2026,PENDIENTES,Veterana,21,21,67,"3,19","0,4861","0,3296","0,4946",0,"0,044","0,4949","1,29","1,81","0,8243","4,94","0,4861","0,3296","0,4946",0,"0,044","0,4949","1,29","1,08","0,8243","4,22",0,0,0,0,0,0,0,"0,7257",0,"0,7257","0,1399","0,0825","0,099",0,"0,0019","0,1266","0,2872","0,263","0,1814","0,1444","0,0832","0,1039",0,"0,0054","0,1344","0,2967","0,232","0,1871",0,0,0,0,0,0,0,1,0,"1,85","1,79","50,62","53,37",,
tienda_mes,3750,1/6/2026,GLOBAL,Liebre,26,,40.191,,,,,,,,,,,,,,,,,,,,,,,,,,,,,,,,,,,,,,,,,,,,,,,,,,,,,,,,,,,,,,,"0,3003","0,2858"
tienda_mes,3750,1/6/2026,SECOS,Veterana,26,167,22.511,"133,56","0,6681","7,82","19,55",0,0,"0,8012","0,5432","4,87","27,38","34,26","0,6681","7,82","18,99",0,0,"0,8012","0,5432","3,09","26,82","31,92",0,0,"0,5585",0,0,0,0,"1,78","0,5585","2,34","0,0195","0,2279","0,5692",0,0,"0,0238","0,0161","0,1436","0,7971","0,0208","0,2447","0,594",0,0,"0,0254","0,0172","0,0978","0,8388",0,0,"0,183",0,0,0,0,"0,817","0,183","0,2641","0,2455","235,03","251,57",,
tienda_mes,3750,1/6/2026,REFRIGERADO,Veterana,26,82,6.644,"81,02","0,2626","5,35","10,38",0,0,"0,8386","1,5","3,05","15,74","21,38","0,2626","5,35","10,3",0,0,"0,8386","1,5","2,41","15,65","20,65",0,0,"0,0882",0,0,0,0,"0,6415","0,0882","0,7297","0,0126","0,2487","0,4883",0,0,"0,0396","0,0713","0,1396","0,737","0,013","0,2571","0,4999",0,0,"0,0407","0,0738","0,1155","0,757",0,0,"0,1178",0,0,0,0,"0,8822","0,1178","0,2653","0,2564","229,66","237,21",,
tienda_mes,3750,1/6/2026,CONGELADO,Veterana,26,71,2.343,"34,21","0,3095","2,28","5,67",0,0,"0,8015","1,52","3,42","7,95",14,"0,3095","2,28","5,67",0,0,"0,8015","1,52","3,35","7,95","13,93",0,0,0,0,0,0,0,"0,0708",0,"0,0708","0,0236","0,1608","0,4009",0,0,"0,0574","0,1074","0,2499","0,5617","0,0238","0,1617","0,4029",0,0,"0,0575","0,1079","0,2462","0,5646",0,0,0,0,0,0,0,1,0,"0,4267","0,4251","144,81","145,78",,
tienda_mes,3750,1/6/2026,FRESCOS,Veterana,26,76,4.386,"57,74","0,4149",0,0,"18,13","0,9322","0,9389","3,21","2,66","18,13","26,28","0,4149",0,0,"17,71","0,9322","0,9389","3,21","2,13","17,71","25,33",0,0,0,"0,4122",0,0,0,"0,5364","0,4122","0,9487","0,0169",0,0,"0,6861","0,035","0,0365","0,1256","0,0999","0,6861","0,0174",0,0,"0,696","0,0364","0,0377","0,129","0,0835","0,696",0,0,0,"0,2697",0,0,0,"0,7303","0,2697","0,4633","0,4473","133,31","137,33",,
tienda_mes,3750,1/6/2026,FYV,Veterana,26,62,3.655,"58,86","0,5611",0,0,"8,62","3,53","0,8825","1,97","2,23","8,62","17,79","0,5611",0,0,"8,62","3,53","0,8825","1,97","1,75","8,62","17,32",0,0,0,0,0,0,0,"0,4757",0,"0,4757","0,0329",0,0,"0,4793","0,1985","0,0497","0,1108","0,1287","0,4793","0,0337",0,0,"0,4902","0,2041","0,052","0,1137","0,1063","0,4902",0,0,0,0,0,0,0,1,0,"0,3262","0,3171","196,87",202,,
tienda_mes,3750,1/6/2026,HORNO,Veterana,26,50,589,"11,96","0,1954","0,8879","0,9671",0,0,"1,75","1,18","0,1435","1,85","5,12","0,1954","0,8879","0,9671",0,0,"1,5","1,18",0,"1,85","4,73",0,0,0,0,0,"0,2477",0,"0,1435",0,"0,3912","0,041","0,1692","0,1731",0,0,"0,3635","0,2353","0,0179","0,3423","0,0432","0,1771","0,1908",0,0,"0,342","0,2469",0,"0,3679",0,0,0,0,0,"0,6667",0,"0,3333",0,"0,4979","0,4623",139,"146,01",,
tienda_mes,3750,1/6/2026,PENDIENTES,Veterana,10,10,63,"6,3","0,6966","0,2799","0,3001",0,0,"0,2458","0,7339","2,55","0,58","4,81","0,6966","0,2799","0,3001",0,0,"0,2458","0,7339","2,55","0,58","4,81",0,0,0,0,0,0,0,0,0,0,"0,115","0,1058","0,0516",0,0,"0,0638","0,1568","0,507","0,1574","0,115","0,1058","0,0516",0,0,"0,0638","0,1568","0,507","0,1574",,,,,,,,,,"2,29","2,29","158,02","158,02",,
tienda_mes,3769,1/6/2026,GLOBAL,Liebre,26,,73.468,,,,,,,,,,,,,,,,,,,,,,,,,,,,,,,,,,,,,,,,,,,,,,,,,,,,,,,,,,,,,,,"0,3071","0,2746"
tienda_mes,3769,1/6/2026,SECOS,No veterana,26,288,40.383,"139,96","0,357","12,62","21,69",0,0,"0,231","0,539","5,85","34,3","41,28","0,357","12,62","21,07",0,0,"0,231","0,5196","2,15","33,69","36,95",0,0,"0,6148",0,0,0,"0,0194","3,7","0,6148","4,33","0,0086","0,3072","0,5228",0,0,"0,0056","0,0129","0,1429","0,83","0,0097","0,3431","0,5688",0,0,"0,0063","0,014","0,0581","0,912",0,0,"0,1071",0,0,0,"0,0027","0,8902","0,1071","0,2966","0,2657","203,77","228,25",,
tienda_mes,3769,1/6/2026,REFRIGERADO,No veterana,26,127,12.062,"94,88","0,2152","6,5","9,59",0,0,"0,5381","1,48","4,08","16,1","22,41","0,2152","6,5","9,53",0,0,"0,5381","1,48","3,07","16,03","21,34",0,0,"0,0627",0,0,0,0,1,"0,0627","1,07","0,0103","0,2916","0,4256",0,0,"0,0242","0,066","0,1823","0,7172","0,0107","0,305","0,4453",0,0,"0,0253","0,0691","0,1445","0,7503",0,0,"0,0714",0,0,0,0,"0,9286","0,0714","0,2371","0,226","254,82","267,5",,
tienda_mes,3769,1/6/2026,CONGELADO,No veterana,26,102,4.196,"41,34","0,2657","3,08","6,62",0,"0,0004","0,5539","1,68","4,98","9,7","17,18","0,2084","3,08","6,62",0,"0,0004","0,5539","1,68","2,53","9,7","14,68","0,0573",0,0,0,0,0,0,"2,44",0,"2,5","0,0159","0,1834","0,3809",0,0,"0,0327","0,0989","0,2881","0,5643","0,0144","0,213","0,4453",0,0,"0,0382","0,1156","0,1734","0,6584","0,0241",0,0,0,0,0,0,"0,9759",0,"0,4197","0,3599","145,89","170,77",,
tienda_mes,3769,1/6/2026,FRESCOS,No veterana,26,120,7.620,"64,6","0,7143",0,0,"15,03","0,98","1,01","3,78","4,09","15,03","25,59","0,7143",0,0,"14,85","0,98","1,01","3,65","2,36","14,85","23,56",0,0,0,"0,1745",0,0,"0,1209","1,74","0,1745","2,03","0,0291",0,0,"0,5835","0,0378","0,0403","0,1489","0,1605","0,5835","0,0314",0,0,"0,6263","0,0412","0,0435","0,1567","0,101","0,6263",0,0,0,"0,0517",0,0,"0,0353","0,913","0,0517","0,401","0,3694","151,76","164,57",,
tienda_mes,3769,1/6/2026,FYV,No veterana,26,96,7.281,"75,85","0,8857",0,0,"8,65","4,24","0,8995","2,33","4,9","8,65","21,91","0,8857",0,0,"8,65","4,24","0,8995","2,33","1,47","8,65","18,47",0,0,0,0,0,0,0,"3,43",0,"3,43","0,0422",0,0,"0,4","0,1949","0,0428","0,1093","0,2108","0,4","0,05",0,0,"0,4671","0,2281","0,0499","0,1274","0,0776","0,4671",0,0,0,0,0,0,0,1,0,"0,2969","0,2494","210,78","246,65",,
tienda_mes,3769,1/6/2026,HORNO,No veterana,26,66,1.473,"22,76","0,1351","1,09","1,67",0,0,"1,03","3,1","0,4783","2,76","7,51","0,1351","1,09","1,53",0,0,"0,8981","3,1","0,3289","2,63","7,09",0,0,"0,1309",0,0,"0,1346",0,"0,1494","0,1309","0,4148","0,0197","0,1461","0,2155",0,0,"0,1323","0,42","0,0664","0,3616","0,0207","0,152","0,2116",0,0,"0,1277","0,4361","0,0519","0,3636",0,0,"0,3333",0,0,"0,3333",0,"0,3333","0,3333","0,3464","0,3306","191,53","200,84",,
tienda_mes,3769,1/6/2026,PENDIENTES,No veterana,24,37,453,"10,78","0,2332","0,5812","0,6088",0,0,"0,3346","1,04","8,03","1,19","10,83","0,2332","0,5812","0,6088",0,0,"0,3346","1,04","1,12","1,19","3,91",0,0,0,0,0,0,0,"6,92",0,"6,92","0,0305","0,0612","0,0551",0,0,"0,0352","0,1119","0,7062","0,1163","0,0841","0,1539","0,1348",0,0,"0,1437","0,2738","0,2098","0,2887",0,0,0,0,0,0,0,1,0,"3,53","1,01","99,6","251,82",,
tienda_mes,3798,1/6/2026,GLOBAL,Liebre,25,,122.630,,,,,,,,,,,,,,,,,,,,,,,,,,,,,,,,,,,,,,,,,,,,,,,,,,,,,,,,,,,,,,,"0,2869","0,2692"
tienda_mes,3798,1/6/2026,SECOS,Veterana,25,465,67.550,"143,5","0,8872","10,96","22,56",0,0,"1,07","0,7828","4,56","33,53","40,82","0,8872","10,94","22,14",0,0,"1,07","0,7704","2,28","33,08","38,09",0,"0,0179","0,4252",0,0,0,"0,0125","2,27","0,4431","2,73","0,0219","0,2687","0,5518",0,0,"0,0263","0,0192","0,1122","0,8204","0,0235","0,2871","0,581",0,0,"0,0281","0,0202","0,0602","0,868",0,"0,0045","0,1186",0,0,0,"0,0062","0,8708","0,1231","0,2859","0,2664","210,97","225,89",,
tienda_mes,3798,1/6/2026,REFRIGERADO,Veterana,25,184,19.658,"105,58","0,6706","6,59","10,5",0,0,"1,04","1,82","1,63","17,08","22,24","0,6706","6,59","10,32",0,0,"1,04","1,82","1,49","16,91","21,92",0,0,"0,176",0,0,0,0,"0,1457","0,176","0,3216","0,0304","0,2944","0,4728",0,0,"0,0471","0,0816","0,0736","0,7672","0,0308","0,2987","0,4718",0,0,"0,0476","0,0827","0,0684","0,7704",0,0,"0,5",0,0,0,0,"0,5","0,5","0,212","0,209","286,07","289,95",,
tienda_mes,3798,1/6/2026,CONGELADO,Veterana,25,161,7.936,"48,77","0,8359","3,6","7,35",0,0,"0,707","1,6","2,58","10,95","16,67","0,8359","3,6","7,35",0,0,"0,707","1,6","1,83","10,95","15,92",0,0,0,0,0,0,0,"0,7472",0,"0,7472","0,0506","0,2148","0,4404",0,0,"0,0436","0,0965","0,1542","0,6551","0,0529","0,2245","0,4608",0,0,"0,0459","0,1009","0,1151","0,6853",0,0,0,0,0,0,0,1,0,"0,3456","0,3299","176,09","184,3",,
tienda_mes,3798,1/6/2026,FRESCOS,Veterana,25,184,14.163,"76,31","0,8414",0,0,"16,68","1,16","0,7011","2,74","3,87","16,68","25,99","0,8414",0,0,"16,68","1,16","0,7011","2,74","1,9","16,68","24,02",0,0,0,0,0,0,0,"1,96",0,"1,96","0,0326",0,0,"0,6436","0,0446","0,0273","0,1067","0,1452","0,6436","0,0352",0,0,"0,6936","0,048","0,0292","0,1146","0,0794","0,6936",0,0,0,0,0,0,0,1,0,"0,3444","0,3184","177,09","190,59",,
tienda_mes,3798,1/6/2026,FYV,Veterana,25,154,10.917,"71,51","1,43",0,0,"9,19","3,43","1,28","2,89","3,44","9,19","21,66","1,38",0,0,"9,13","3,43","1,22","2,89","1,44","9,13","19,48","0,0519",0,0,"0,0598",0,"0,063",0,2,"0,0598","2,17","0,0649",0,0,"0,4251","0,1578","0,0596","0,134","0,1586","0,4251","0,0696",0,0,"0,4691","0,1751","0,063","0,1493","0,0738","0,4691","0,0232",0,0,"0,0137",0,"0,0144",0,"0,9488","0,0137","0,3073","0,2753","199,23","221,46",,
tienda_mes,3798,1/6/2026,HORNO,Veterana,25,93,2.302,"24,83","0,2409","1,21","2,09",0,0,"0,2876","3,32","0,5981","3,3","7,75","0,2409","1,21",2,0,0,"0,2876","3,32","0,4184","3,21","7,48",0,0,"0,0942",0,0,0,0,"0,1797","0,0942","0,2739","0,0309","0,1533","0,2722",0,0,"0,0383","0,4366","0,0688","0,4255","0,0318","0,1571","0,2669",0,0,"0,0391","0,4493","0,0557","0,4241",0,0,"0,5",0,0,0,0,"0,5","0,5","0,3292","0,3164","200,96","206,56",,
tienda_mes,3798,1/6/2026,PENDIENTES,Veterana,16,31,104,"4,03","0,4088","0,4918","0,5252",0,0,"0,3592","0,4451","4,3","1,02","6,53","0,4088","0,4918","0,5252",0,0,"0,3592","0,4451","2,14","1,02","4,37",0,0,0,0,0,0,0,"2,16",0,"2,16","0,0889","0,0843","0,0776",0,0,"0,0815","0,0828","0,5849","0,1618","0,1288","0,1079","0,0847",0,0,"0,1522","0,1333","0,3931","0,1926",0,0,0,0,0,0,0,1,0,"3,21","1,77","41,52","65,16",,
tienda_mes,3849,1/6/2026,GLOBAL,Liebre,26,,125.052,,,,,,,,,,,,,,,,,,,,,,,,,,,,,,,,,,,,,,,,,,,,,,,,,,,,,,,,,,,,,,,"0,2769","0,266"
tienda_mes,3849,1/6/2026,SECOS,Veterana,26,520,69.026,"131,58","0,7177","7,93","20,61",0,"0,0002","0,5121","0,5308","4,79","28,55","35,1","0,7177","7,92","20,58",0,"0,0002","0,5121","0,5308","3,19","28,51","33,46",0,"0,0115","0,0329",0,0,0,0,"1,6","0,0444","1,65","0,0205","0,2256","0,5873",0,0,"0,0147","0,0152","0,1368","0,8129","0,0215","0,2364","0,6154",0,0,"0,0153","0,0159","0,0955","0,8517",0,"0,0041","0,0163",0,0,0,0,"0,9796","0,0204","0,2678","0,2552","224,73","235,83",,
tienda_mes,3849,1/6/2026,REFRIGERADO,Veterana,26,202,20.905,"102,66","0,5219","4,97","11,78",0,0,"0,9303","2,93","3,14","16,76","24,27","0,5219","4,97","11,7",0,0,"0,8938","2,93","2,53","16,68","23,55",0,0,"0,0786",0,0,"0,0364",0,"0,607","0,0786","0,722","0,0216","0,2055","0,4855",0,0,"0,0386","0,1211","0,1277","0,691","0,0223","0,2113","0,497",0,0,"0,0381","0,1244","0,1068","0,7083",0,0,"0,1538",0,0,"0,0769",0,"0,7692","0,1538","0,2374","0,2304","254,33","261,88",,
tienda_mes,3849,1/6/2026,CONGELADO,Veterana,26,172,6.642,"38,4","0,5203","1,88","5,14",0,0,"0,7053","1,7","2,48","7,01","12,42","0,5203","1,88","5,14",0,0,"0,7053","1,7","1,85","7,01","11,79",0,0,0,0,0,0,0,"0,6285",0,"0,6285","0,0422","0,1518","0,4158",0,0,"0,0572","0,1375","0,1956","0,5675","0,0448","0,1591","0,4381",0,0,"0,0599","0,1446","0,1534","0,5972",0,0,0,0,0,0,0,1,0,"0,3256","0,3095","185,97","195,69",,
tienda_mes,3849,1/6/2026,FRESCOS,Veterana,26,202,14.449,"71,31","0,5461",0,0,"14,98","1,11","1,1","2,35","4,16","14,98","24,25","0,5461",0,0,"14,78","1,11","1,06","2,35","3,33","14,78","23,18",0,0,0,"0,2012",0,"0,0401",0,"0,8276","0,2012","1,07","0,0227",0,0,"0,6176","0,0448","0,0457","0,0961","0,1731","0,6176","0,0239",0,0,"0,6383","0,0469","0,046","0,1007","0,1443","0,6383",0,0,0,"0,0681",0,"0,0588",0,"0,8731","0,0681","0,3415","0,3258","176,6","184,65",,
tienda_mes,3849,1/6/2026,FYV,Veterana,26,152,11.636,"76,15","0,8406",0,0,"8,95","3,78",1,"2,82","1,53","8,95","18,92","0,8406",0,0,"8,95","3,78","0,9637","2,82","1,29","8,95","18,64",0,0,0,0,0,"0,0368",0,"0,2335",0,"0,2703","0,0448",0,0,"0,4731","0,1992","0,0529","0,1491","0,0809","0,4731","0,0455",0,0,"0,4803","0,2024","0,0519","0,151","0,0689","0,4803",0,0,0,0,0,"0,107",0,"0,893",0,"0,2497","0,2461","242,76","246,32",,
tienda_mes,3849,1/6/2026,HORNO,Veterana,26,88,1.624,"18,61","0,4591","1,38","1,89",0,0,"0,7201","3,56","1,39","3,27","9,4","0,4591","1,38","1,89",0,0,"0,7201","3,56","0,7825","3,27","8,79",0,0,0,0,0,0,0,"0,6123",0,"0,6123","0,051","0,1387","0,1969",0,0,"0,0808","0,3882","0,1443","0,3357","0,0531","0,1465","0,2091",0,0,"0,0858","0,4112","0,0943","0,3557",0,0,0,0,0,0,0,1,0,"0,5156","0,4827","123,38","131,29",,
tienda_mes,3849,1/6/2026,PENDIENTES,Veterana,26,78,770,"10,42","0,2098","0,6804","0,7913",0,0,"0,6087","1,97","1,59","1,47","5,85","0,2098","0,6804","0,7913",0,0,"0,6087","1,97","1,47","1,47","5,73",0,0,0,0,0,0,0,"0,1214",0,"0,1214","0,0378","0,1152","0,131",0,0,"0,1095","0,3415","0,265","0,2462","0,0385","0,1171","0,1349",0,0,"0,1106","0,3464","0,2527","0,2519",0,0,0,0,0,0,0,1,0,"0,657","0,6481","106,32","108,34",,
tienda_mes,3855,1/6/2026,GLOBAL,Liebre,26,,82.271,,,,,,,,,,,,,,,,,,,,,,,,,,,,,,,,,,,,,,,,,,,,,,,,,,,,,,,,,,,,,,,"0,3049","0,2872"
tienda_mes,3855,1/6/2026,SECOS,Veterana,26,331,46.995,"141,1","0,7911","11,36","23,61",0,0,"1,63","1,4","3,74","34,98","42,54","0,7489","11,25","23,12",0,0,"1,58","1,4","2,2","34,37","40,3","0,0422","0,1127","0,4911",0,0,"0,0537",0,"1,54","0,6037","2,24","0,0187","0,2648","0,5561",0,0,"0,0387","0,0332","0,0885","0,8208","0,019","0,2768","0,5747",0,0,"0,0397","0,035","0,0548","0,8515","0,0127","0,0334","0,1845",0,0,"0,0177",0,"0,7518","0,2179","0,3029","0,2871","199,67","210,93",,
tienda_mes,3855,1/6/2026,REFRIGERADO,Veterana,26,143,14.116,"98,23","0,4394","6,06","13,39",0,0,"0,647","2,33","1,97","19,45","24,83","0,4394","6,06","12,89",0,0,"0,528","2,33","1,57","18,95","23,82",0,0,"0,4965",0,0,"0,119",0,"0,401","0,4965","1,02","0,018","0,2424","0,5413",0,0,"0,0254","0,0939","0,079","0,7837","0,019","0,2515","0,5443",0,0,"0,0219","0,0977","0,0657","0,7958",0,0,"0,4404",0,0,"0,1325",0,"0,4271","0,4404","0,2541","0,2438","239,25","248,73",,
tienda_mes,3855,1/6/2026,CONGELADO,Veterana,26,109,4.561,"41,62","0,4899","2,82","6,36",0,0,"0,8369","1,97","3,75","9,18","16,23","0,4899","2,82","6,3",0,0,"0,8369","1,97","1,79","9,12","14,21",0,0,"0,0644",0,0,0,0,"1,96","0,0644","2,02","0,031","0,1714","0,3945",0,0,"0,0497","0,1198","0,2337","0,5659","0,0357","0,1942","0,4462",0,0,"0,0567","0,1376","0,1297","0,6403",0,0,"0,0119",0,0,0,0,"0,9881","0,0119","0,3977","0,3459","154,39","176,61",,
tienda_mes,3855,1/6/2026,FRESCOS,Veterana,26,130,7.561,"58,08","0,6559",0,0,"13,26","0,9493","0,8304","3,03","2,38","13,26","21,11","0,6559",0,0,"13,01","0,9493","0,7777","2,98","2,07","13,01","20,44",0,0,0,"0,2568",0,"0,0526","0,0487","0,31","0,2568","0,6681","0,0311",0,0,"0,6296","0,0445","0,0389","0,1436","0,1124","0,6296","0,0322",0,0,"0,6371","0,0458","0,0381","0,1458","0,1011","0,6371",0,0,0,"0,3",0,"0,0464","0,1","0,5536","0,3","0,364","0,3527","166,61","171,72",,
tienda_mes,3855,1/6/2026,FYV,Veterana,26,99,7.770,"78,95","0,7009",0,0,"9,56","3,61","0,6457","2,12","3,4","9,56","20,04","0,7009",0,0,"9,37","3,61","0,6457","2,06","1,76","9,37","18,15",0,0,0,"0,1896",0,0,"0,063","1,64","0,1896","1,89","0,0358",0,0,"0,4748","0,1829","0,0335","0,1088","0,1642","0,4748","0,0392",0,0,"0,5125","0,1999","0,0366","0,1159","0,0959","0,5125",0,0,0,"0,0964",0,0,"0,0231","0,8805","0,0964","0,2557","0,2328","240,27","264,04",,
tienda_mes,3855,1/6/2026,HORNO,Veterana,26,62,983,"15,99","0,3365","1,1","1,37",0,0,"1,06","3,05","0,468","2,47","7,38","0,3365","1,1","1,37",0,0,"0,9443","3,05","0,3335","2,47","7,13",0,0,0,0,0,"0,1177",0,"0,1345",0,"0,2522","0,0438","0,1411","0,1855",0,0,"0,1603","0,4167","0,0526","0,3266","0,0449","0,1449","0,1885",0,0,"0,1499","0,4315","0,0403","0,3334",0,0,0,0,0,"0,5",0,"0,5",0,"0,5019","0,4842","130,59","134,63",,
tienda_mes,3855,1/6/2026,PENDIENTES,Veterana,25,52,278,"4,89","0,4173","0,7642","0,4664",0,0,"0,3295","1,21","3,58","1,23","6,77","0,4173","0,7642","0,4664",0,0,"0,3295","1,21","1,07","1,23","4,26",0,0,0,0,0,0,0,"2,5",0,"2,5","0,0905","0,086","0,0608",0,0,"0,0844","0,1976","0,4807","0,1468","0,1291","0,122","0,0806",0,0,"0,1161","0,2649","0,2873","0,2026",0,0,0,0,0,0,0,1,0,"2,02","1,21","54,04","78,03",,
tienda_mes,3930,1/6/2026,GLOBAL,Liebre,26,,64.657,,,,,,,,,,,,,,,,,,,,,,,,,,,,,,,,,,,,,,,,,,,,,,,,,,,,,,,,,,,,,,,"0,3032","0,2978"
tienda_mes,3930,1/6/2026,SECOS,Veterana,26,253,36.251,"141,62",2,"11,8","19,36",0,0,"1,76","1,11","1,52","31,16","37,55","1,93","11,7","19,31",0,0,"1,7","1,08","1,46","31,01","37,18","0,0751","0,1006","0,0517",0,0,"0,0607","0,0299","0,0516","0,1523","0,3696","0,0538","0,3114","0,5172",0,0,"0,0477","0,0293","0,0407","0,8286","0,0521","0,3121","0,5207",0,0,"0,0466","0,0289","0,0397","0,8328","0,1818","0,2727","0,1818",0,0,"0,1818","0,0909","0,0909","0,4545","0,2671","0,2647","226,51","228,73",,
tienda_mes,3930,1/6/2026,REFRIGERADO,Veterana,26,112,9.825,"87,62","1,76","7,54","10,07",0,0,"1,03","2,62","1,81","17,61","24,84","1,7","6,51","9,82",0,0,"1,03","2,62","1,75","16,33","23,43","0,0691","1,04","0,2429",0,0,0,0,"0,0579","1,28","1,41","0,0729","0,2974","0,4076",0,0,"0,0418","0,1065","0,0738","0,705","0,074","0,2746","0,4197",0,0,"0,0443","0,1114","0,076","0,6943","0,0909","0,5984","0,2198",0,0,0,0,"0,0909","0,8182","0,2863","0,2713","213,2","225,53",,
tienda_mes,3930,1/6/2026,CONGELADO,Veterana,26,101,3.665,"37,26",2,"2,87","5,66",0,0,"0,777","2,49","2,17","8,53","15,97",2,"2,87","5,66",0,0,"0,777","2,36","1,75","8,53","15,42",0,0,0,0,0,0,"0,1358","0,4199",0,"0,5557","0,1279","0,1793","0,3523",0,0,"0,0501","0,1546","0,1358","0,5316","0,1316","0,1857","0,3634",0,0,"0,0517","0,1536","0,1139","0,5492",0,0,0,0,0,0,"0,2","0,8",0,"0,4426","0,4279","139,94","144,77",,
tienda_mes,3930,1/6/2026,FRESCOS,Veterana,26,111,7.639,"68,7","2,24",0,0,"18,31","1,44","1,14","3,68","1,98","18,31","28,79","2,2",0,0,"18,18","1,44","1,1","3,68","1,8","18,18","28,38","0,0466",0,0,"0,1377",0,"0,0467",0,"0,1835","0,1377","0,4145","0,0793",0,0,"0,6334","0,0498","0,0402","0,1284","0,0689","0,6334","0,0788",0,0,"0,6375","0,0503","0,0391","0,1303","0,064","0,6375","0,1667",0,0,"0,3333",0,"0,0774",0,"0,4226","0,3333","0,4251","0,4187","144,63","146,63",,
tienda_mes,3930,1/6/2026,FYV,Veterana,26,95,5.846,"62,05","1,87",0,0,"7,74","4,04","1,25","2,45","1,1","7,74","18,45","1,87",0,0,"7,74","4,04","1,25","2,45","0,8744","7,74","18,23",0,0,0,0,0,0,0,"0,2215",0,"0,2215","0,1035",0,0,"0,4175","0,2167","0,0682","0,1351","0,0589","0,4175","0,1044",0,0,"0,4215","0,219","0,069","0,1364","0,0497","0,4215",0,0,0,0,0,0,0,1,0,"0,3045","0,3008","202,81","204,57",,
tienda_mes,3930,1/6/2026,HORNO,Veterana,26,64,1.378,"20,89","0,3604","1,58","1,53",0,0,"0,9639","3,28","0,1559","3,1","7,86","0,3604","1,58","1,53",0,0,"0,9639","3,28","0,1559","3,1","7,86",0,0,0,0,0,0,0,0,0,0,"0,0476","0,1925","0,1944",0,0,"0,125","0,4191","0,0214","0,3869","0,0476","0,1925","0,1944",0,0,"0,125","0,4191","0,0214","0,3869",,,,,,,,,,"0,3928","0,3928","163,23","163,23",,
tienda_mes,3930,1/6/2026,PENDIENTES,Veterana,21,24,53,"2,14","0,8735","0,259","0,3387",0,0,"0,8024","0,8863","1,04","0,5977","4,2","0,8735","0,259","0,3387",0,0,"0,8024","0,8863","1,04","0,5977","4,2",0,0,0,0,0,0,0,0,0,0,"0,2474","0,0544","0,044",0,0,"0,2137","0,2187","0,2218","0,0984","0,2474","0,0544","0,044",0,0,"0,2137","0,2187","0,2218","0,0984",,,,,,,,,,"2,46","2,46","36,6","36,6",,
tienda_mes,3968,1/6/2026,GLOBAL,Liebre,25,,220.068,,,,,,,,,,,,,,,,,,,,,,,,,,,,,,,,,,,,,,,,,,,,,,,,,,,,,,,,,,,,,,,"0,3216","0,3028"
tienda_mes,3968,1/6/2026,SECOS,Veterana,25,793,119.650,"150,06","1,35","13,02","24,49",0,0,"1,32","1,04","4,79","37,51",46,"1,35","12,93","23,96",0,0,"1,24","1,02","2,23","36,89","42,73",0,"0,0892","0,5286",0,0,"0,0748","0,02","2,56","0,6178","3,27","0,0293","0,2828","0,5321",0,0,"0,0287","0,0227","0,1044","0,8149","0,0316","0,3025","0,5604",0,0,"0,0292","0,024","0,0524","0,8629",0,"0,0246","0,1505",0,0,"0,023","0,0047","0,7971","0,1752","0,3071","0,2853","195,74","210,79",,
tienda_mes,3968,1/6/2026,REFRIGERADO,Veterana,25,343,39.582,"114,7","0,9846","8,14","11,72",0,0,"1,01","2,7","4,05","19,86","28,61","0,9846","8,08","11,58",0,0,"1,01","2,7","2,9","19,67","27,25",0,"0,0611","0,1355",0,0,0,0,"1,16","0,1967","1,36","0,0342","0,2841","0,4095",0,0,"0,0351","0,0946","0,1423","0,6937","0,036","0,2961","0,4252",0,0,"0,037","0,0995","0,1063","0,7212",0,"0,0203","0,0725",0,0,0,0,"0,9072","0,0928","0,2497","0,2378","241,17","253,79",,
tienda_mes,3968,1/6/2026,CONGELADO,Veterana,25,267,13.989,"52,09","0,9079","4,03","7,59",0,0,"0,9267","2,29","2,9","11,62","18,64","0,9079","4,01","7,56",0,0,"0,9267","2,29","2,4","11,56","18,09",0,"0,0266","0,0298",0,0,0,0,"0,5016","0,0563","0,558","0,049","0,2153","0,4059",0,0,"0,05","0,1234","0,1564","0,6212","0,0506","0,2202","0,4172",0,0,"0,0515","0,1272","0,1333","0,6374",0,"0,0667","0,0667",0,0,0,0,"0,8667","0,1333","0,3591","0,3481","167,89","173,04",,
tienda_mes,3968,1/6/2026,FRESCOS,Veterana,25,300,22.962,"76,39","1,07",0,0,"19,24","1,72","1,2","4,26","4,67","19,24","32,15","1,05",0,0,"19,14","1,72","1,14","4,2","2,71","19,14","29,96","0,0197",0,0,"0,0929",0,"0,06","0,0579","1,96","0,0929","2,19","0,0332",0,0,"0,5978","0,0535","0,0374","0,1327","0,1454","0,5978","0,0351",0,0,"0,6384","0,0573","0,0382","0,1404","0,0905","0,6384","0,0169",0,0,"0,0485",0,"0,0319","0,0292","0,8736","0,0485","0,4214","0,3924",143,"153,4",,
tienda_mes,3968,1/6/2026,FYV,Veterana,25,243,19.662,"80,9","1,79",0,0,"13,48","6,22","1,32","4,44","3,02","13,48","30,26","1,79",0,0,"13,48","6,07","1,32","4,44",2,"13,48","29,09",0,0,0,0,"0,1458",0,0,"1,02",0,"1,16","0,0592",0,0,"0,4447","0,2054","0,0436","0,1473","0,0997","0,4447","0,0615",0,0,"0,4621","0,2088","0,0452","0,1531","0,0693","0,4621",0,0,0,0,"0,0886",0,0,"0,9114",0,"0,3757","0,3613","161,04","167,18",,
tienda_mes,3968,1/6/2026,HORNO,Veterana,25,152,3.951,"25,95","1,09","1,64","2,34",0,0,"1,06","4,93","0,2953","3,98","11,36","1,05","1,64","2,3",0,0,"1,06","4,9","0,2953","3,94","11,24","0,047",0,"0,0378",0,0,0,"0,0345",0,"0,0378","0,1193","0,095","0,1441","0,2048",0,0,"0,0941","0,4349","0,0271","0,3489","0,0927","0,1454","0,2036",0,0,"0,0948","0,4363","0,0271","0,349","0,5",0,"0,2611",0,0,0,"0,2389",0,"0,2611","0,4418","0,4377","138,01","139,16",,
tienda_mes,3968,1/6/2026,PENDIENTES,Veterana,23,72,257,"3,66","0,6948","0,5797","0,3639",0,"0,0382","0,6354","1,12","2,96","0,9436","6,4","0,6948","0,5797","0,3639",0,"0,0382","0,6354","1,12","1,58","0,9436","5,01",0,0,0,0,0,0,0,"1,39",0,"1,39","0,1172","0,0868","0,0474",0,"0,0089","0,1162","0,1624","0,4611","0,1342","0,1432","0,1081","0,0593",0,"0,0096","0,1516","0,1979","0,3302","0,1674",0,0,0,0,0,0,0,1,0,3,"2,38","33,86","43,5",,
tienda_mes,4065,1/6/2026,GLOBAL,Liebre,25,,69.203,,,,,,,,,,,,,,,,,,,,,,,,,,,,,,,,,,,,,,,,,,,,,,,,,,,,,,,,,,,,,,,"0,3031","0,2942"
tienda_mes,4065,1/6/2026,SECOS,Veterana,25,267,34.506,"128,76","1,32","10,74","21,21",0,0,"1,51","1,06","2,8","31,96","38,66","1,32","10,63","20,88",0,0,"1,37","1,03","2,42","31,51","37,66",0,"0,1146","0,335",0,0,"0,1377","0,0327","0,3772","0,4496","0,9972","0,0348","0,2753","0,5509",0,0,"0,0393","0,0274","0,0724","0,8261","0,0356","0,2796","0,5559",0,0,"0,0368","0,0273","0,0648","0,8355",0,"0,0841","0,3185",0,0,"0,108","0,0347","0,4548","0,4026","0,3018","0,2944","200,54","205,53",,
tienda_mes,4065,1/6/2026,REFRIGERADO,Veterana,25,132,13.818,"103,85","0,8923","7,57","9,88",0,0,"1,19","1,98","1,82","17,45","23,33","0,8923","7,52","9,83",0,0,"1,13","1,98","1,82","17,35","23,18",0,"0,0502","0,0516",0,0,"0,053",0,0,"0,1018","0,1548","0,0396","0,3239","0,4223",0,0,"0,0511","0,0846","0,0786","0,7462","0,0398","0,3238","0,4231",0,0,"0,0491","0,0851","0,079","0,7469",0,"0,3333","0,3333",0,0,"0,3333",0,0,"0,6667","0,2271","0,2257","267,39","269,03",,
tienda_mes,4065,1/6/2026,CONGELADO,Veterana,25,94,3.540,"37,56","1,3","3,19","5,69",0,0,"0,6266","2,11","2,39","8,88","15,31","1,3","3,19","5,69",0,0,"0,6266","2,11","2,24","8,88","15,16",0,0,0,0,0,0,0,"0,1553",0,"0,1553","0,0854","0,2066","0,3716",0,0,"0,041","0,1381","0,1574","0,5781","0,0864","0,2085","0,3749",0,0,"0,0414","0,1396","0,1492","0,5834",0,0,0,0,0,0,0,1,0,"0,42","0,4163","147,18","148,76",,
tienda_mes,4065,1/6/2026,FRESCOS,Veterana,25,128,8.110,"63,34","1,37",0,0,"16,78","0,8592","1,05","3,47","1,9","16,78","25,44","1,32",0,0,"16,69","0,8592",1,"3,47","1,77","16,69","25,11","0,0558",0,0,"0,0889",0,"0,0538",0,"0,1258","0,0889","0,3243","0,0542",0,0,"0,6583","0,0331","0,0423","0,137","0,0751","0,6583","0,0528",0,0,"0,6627","0,0335","0,0403","0,1389","0,0718","0,6627","0,1667",0,0,"0,3333",0,"0,1667",0,"0,3333","0,3333","0,4091","0,4045","148,62","150,64",,
tienda_mes,4065,1/6/2026,FYV,Veterana,25,100,7.709,"76,33","1,41",0,0,"10,49","3,7","0,9741","1,93","4,13","10,49","22,63","1,41",0,0,"10,49","3,62","0,9741","1,93","1,21","10,49","19,64",0,0,0,0,"0,0759",0,0,"2,91",0,"2,99","0,0626",0,0,"0,4632","0,1653","0,0455","0,0881","0,1753","0,4632","0,0721",0,0,"0,529","0,1858","0,0514","0,1007","0,061","0,529",0,0,0,0,"0,0134",0,0,"0,9866",0,"0,3026","0,2641","202,83","232,99",,
tienda_mes,4065,1/6/2026,HORNO,Veterana,25,58,1.346,"23,32","0,6377","1,1","1,77",0,0,"0,5411","1,68","0,1625","2,87","5,9","0,6377","1,1","1,77",0,0,"0,5411","1,68","0,1625","2,87","5,9",0,0,0,0,0,0,0,0,0,0,"0,1058","0,1829","0,3092",0,0,"0,0977","0,2821","0,0222","0,4922","0,1058","0,1829","0,3092",0,0,"0,0977","0,2821","0,0222","0,4922",,,,,,,,,,"0,2932","0,2932","244,4","244,4",,
tienda_mes,4065,1/6/2026,PENDIENTES,Veterana,21,25,172,"6,93","0,2851","0,4724","0,4762",0,0,"0,2705","0,6157","3,82","0,9486","5,94","0,2851","0,4724","0,4762",0,0,"0,2705","0,6157","2,39","0,9486","4,51",0,0,0,0,0,0,0,"1,42",0,"1,42","0,0602","0,0832","0,0825",0,0,"0,0536","0,1191","0,6014","0,1657","0,0768","0,1142","0,0938",0,0,"0,0641","0,133","0,518","0,2081",0,0,0,0,0,0,0,1,0,"2,58","1,58","68,17","85,4",,
tienda_mes,4140,1/6/2026,GLOBAL,Liebre,25,,128.367,,,,,,,,,,,,,,,,,,,,,,,,,,,,,,,,,,,,,,,,,,,,,,,,,,,,,,,,,,,,,,,"0,3051","0,2889"
tienda_mes,4140,1/6/2026,SECOS,Veterana,25,506,69.737,"137,08","1,08",11,"21,36",0,0,"1,21","1,1","3,95","32,35","39,69","1,05","10,85","21,2",0,0,"1,19","1,1","2,73","32,05","38,12","0,0212","0,1492","0,1608",0,0,"0,0123",0,"1,22","0,31","1,56","0,0271","0,2764","0,5381",0,0,"0,0303","0,0276","0,1004","0,8146","0,0277","0,2839","0,556",0,0,"0,0312","0,0288","0,0724","0,8399","0,0054","0,0774","0,0988",0,0,"0,0029",0,"0,8154","0,1762","0,2908","0,2794","207,81","216,39",,
tienda_mes,4140,1/6/2026,REFRIGERADO,Veterana,25,216,24.250,"112,12","0,8559","7,43","10,68",0,"0,0022","1,07","1,94","4,07","18,11","26,06","0,8559","7,41","10,59",0,"0,0022","1,07","1,94","3,19","17,99","25,06",0,"0,0285","0,091",0,0,0,0,"0,8798","0,1195","0,9993","0,0333","0,2842","0,4099",0,"0,0001","0,0412","0,0746","0,1567","0,6941","0,0348","0,2945","0,4227",0,"0,0001","0,0431","0,0779","0,1268","0,7173",0,"0,0197","0,048",0,0,0,0,"0,9323","0,0677","0,2347","0,2264","259,16","271,32",,
tienda_mes,4140,1/6/2026,CONGELADO,Veterana,25,163,7.204,"43,79","0,7961","2,98","6,52",0,0,"0,9091","1,51","2,97","9,5","15,7","0,7961","2,98","6,44",0,0,"0,9091","1,51","2,64","9,42","15,28",0,0,"0,0822",0,0,0,0,"0,3293","0,0822","0,4116","0,051","0,1886","0,4141",0,0,"0,0581","0,0972","0,1911","0,6027","0,0523","0,1934","0,4204",0,0,"0,0595","0,0997","0,1747","0,6138",0,0,"0,2222",0,0,0,0,"0,7778","0,2222","0,3702","0,3599","166,89","171,11",,
tienda_mes,4140,1/6/2026,FRESCOS,Veterana,25,208,13.114,"63,25","1,06",0,0,"16,56","0,899","0,848","2,58","4,4","16,56","26,35","0,9712",0,0,"16,53","0,899","0,8237","2,55","2,73","16,53","24,51","0,0847",0,0,"0,032",0,"0,0243","0,0268","1,67","0,032","1,84","0,0397",0,0,"0,6286","0,0338","0,032","0,0984","0,1674","0,6286","0,0396",0,0,"0,6735","0,0363","0,0334","0,1046","0,1126","0,6735","0,022",0,0,"0,0117",0,"0,0103","0,0098","0,9462","0,0117","0,4181","0,3894","144,62","155,12",,
tienda_mes,4140,1/6/2026,FYV,Veterana,25,161,12.018,"75,29","1,1",0,0,"11,72","5,33","1,16","1,92","5,63","11,72","26,87","1,1",0,0,"11,64","5,09","1,16","1,92","1,67","11,64","22,6",0,0,0,"0,0859","0,2328",0,0,"3,95","0,0859","4,27","0,0418",0,0,"0,4369","0,1983","0,0436","0,0718","0,2076","0,4369","0,0495",0,0,"0,5158","0,225","0,0513","0,0845","0,0738","0,5158",0,0,0,"0,0177","0,05",0,0,"0,9323","0,0177","0,3599","0,303","168,82","200,64",,
tienda_mes,4140,1/6/2026,HORNO,Veterana,25,89,1.966,22,"0,9003","1,51","1,79",0,0,"1,14","4,48","0,0542","3,3","9,88","0,838","1,51","1,79",0,0,"1,14","4,48","0,0542","3,3","9,82","0,0622",0,0,0,0,0,0,0,0,"0,0622","0,0879","0,1488","0,1782",0,0,"0,1194","0,461","0,0048","0,3269","0,0832","0,1494","0,1789",0,0,"0,1201","0,4635","0,0048","0,3283",1,0,0,0,0,0,0,0,0,"0,4764","0,4734","131,94","132,47",,
tienda_mes,4140,1/6/2026,PENDIENTES,Veterana,14,19,78,"3,82","0,6845","0,2023","0,2812",0,0,"0,7847","0,7977","4,63","0,4836","7,38","0,6845","0,2023","0,2812",0,0,"0,7847","0,7977","2,46","0,4836","5,21",0,0,0,0,0,0,0,"2,17",0,"2,17","0,1273","0,0295","0,0328",0,0,"0,1191","0,1172","0,574","0,0623","0,1747","0,0516","0,0349",0,0,"0,1443","0,1695","0,4249","0,0865",0,0,0,0,0,0,0,1,0,"3,17","1,85","34,23","49,72",,
tienda_mes,4184,1/6/2026,GLOBAL,Liebre,25,,54.414,,,,,,,,,,,,,,,,,,,,,,,,,,,,,,,,,,,,,,,,,,,,,,,,,,,,,,,,,,,,,,,"0,3138","0,3019"
tienda_mes,4184,1/6/2026,SECOS,Veterana,25,233,29.258,"123,9","0,7116","8,66","23,2",0,0,"0,7758","0,732","3,91","31,86","37,99","0,6408","8,64","23,2",0,0,"0,7486","0,7104","2,89","31,84","36,83","0,0708","0,0221",0,0,0,"0,0271","0,0216","1,02","0,0221","1,16","0,0188","0,2264","0,6119",0,0,"0,0204","0,0191","0,1035","0,8383","0,0174","0,2328","0,6314",0,0,"0,0203","0,0191","0,0789","0,8642","0,0691","0,0085",0,0,0,"0,0155","0,0083","0,8986","0,0085","0,3084","0,2989","195,6","201,73",,
tienda_mes,4184,1/6/2026,REFRIGERADO,Veterana,25,104,9.469,"91,39","0,5993","5,95","12,86",0,0,"0,7639","1,52","2,87","18,81","24,57","0,5993","5,95","12,86",0,0,"0,7639","1,52","2,58","18,81","24,28",0,0,0,0,0,0,0,"0,2824",0,"0,2824","0,0241","0,24","0,5281",0,0,"0,0311","0,0608","0,1159","0,7681","0,0245","0,2427","0,5339",0,0,"0,0314","0,0616","0,1059","0,7767",0,0,0,0,0,0,0,1,0,"0,2696","0,2666","224,35","226,92",,
tienda_mes,4184,1/6/2026,CONGELADO,Veterana,25,82,2.924,"35,59","0,7981","2,56","5,65",0,0,"0,598","1,5","2,84","8,22","13,96","0,7981","2,56","5,65",0,0,"0,598","1,5","2,09","8,22","13,21",0,0,0,0,0,0,0,"0,7515",0,"0,7515","0,0595","0,1825","0,4039",0,0,"0,0437","0,109","0,2013","0,5864","0,0632","0,1926","0,4255",0,0,"0,0453","0,1147","0,1587","0,6181",0,0,0,0,0,0,0,1,0,"0,4011","0,3801","152,85","161,26",,
tienda_mes,4184,1/6/2026,FRESCOS,Veterana,25,97,6.369,"64,73","0,7078",0,0,"15,05","0,848","0,8147","3,07","2,96","15,05","23,45","0,7078",0,0,"15,05","0,848","0,8147","3,07","1,17","15,05","21,67",0,0,0,0,0,0,0,"1,79",0,"1,79","0,0304",0,0,"0,6407","0,0366","0,0358","0,1333","0,1233","0,6407","0,0327",0,0,"0,6914","0,0388","0,0385","0,1433","0,0553","0,6914",0,0,0,0,0,0,0,1,0,"0,3673","0,34","165,81","178,76",,
tienda_mes,4184,1/6/2026,FYV,Veterana,25,84,5.312,"62,06","1,07",0,0,"8,33","3,62","1,3","2,58","2,16","8,33","19,05","1,01",0,0,"8,33","3,55","1,3","2,58","2,06","8,33","18,83","0,0613",0,0,0,"0,064",0,0,"0,0943",0,"0,2196","0,0574",0,0,"0,4347","0,1878","0,0707","0,1338","0,1157","0,4347","0,0548",0,0,"0,4391","0,1862","0,0715","0,1354","0,1131","0,4391","0,3333",0,0,0,"0,3333",0,0,"0,3333",0,"0,3197","0,3166","194,12","196,61",,
tienda_mes,4184,1/6/2026,HORNO,Veterana,25,58,810,"13,63","0,168","0,6215","0,7134",0,0,"0,1965","1,74","0,3251","1,33","3,77","0,168","0,6215","0,7134",0,0,"0,1965","1,74","0,2157","1,33","3,66",0,0,0,0,0,0,0,"0,1094",0,"0,1094","0,0467","0,1604","0,1838",0,0,"0,0592","0,4819","0,068","0,3442","0,0471","0,1654","0,1871",0,0,"0,06","0,4875","0,053","0,3525",0,0,0,0,0,0,0,1,0,"0,3018","0,2955","238,72","242,16",,
tienda_mes,4184,1/6/2026,PENDIENTES,Veterana,23,34,272,"7,88","0,2748","0,4648","0,4715",0,0,"0,3875",2,"4,68","0,9363","8,27","0,2748","0,4648","0,4715",0,0,"0,3875",2,"1,14","0,9363","4,74",0,0,0,0,0,0,0,"3,54",0,"3,54","0,0439","0,0769","0,0707",0,0,"0,0592","0,2798","0,4696","0,1476","0,0747","0,1082","0,1048",0,0,"0,1025","0,4295","0,1803","0,213",0,0,0,0,0,0,0,1,0,"1,34","0,8099","73,12","110,66",,
tienda_mes,4281,1/6/2026,GLOBAL,Liebre,26,,126.363,,,,,,,,,,,,,,,,,,,,,,,,,,,,,,,,,,,,,,,,,,,,,,,,,,,,,,,,,,,,,,,"0,2938","0,2839"
tienda_mes,4281,1/6/2026,SECOS,Veterana,26,484,70.359,"143,87","1,02","12,15","20,48",0,0,"1,03","1,15","3,44","32,63","39,26",1,"12,09","20,32",0,0,"1,01","1,15","2,25","32,41","37,83","0,0118","0,067","0,1517",0,0,"0,0146",0,"1,19","0,2187","1,43","0,0262","0,3085","0,5217",0,0,"0,0263","0,0293","0,088","0,8302","0,0269","0,3185","0,5376",0,0,"0,0268","0,0304","0,0598","0,8561","0,0066","0,0632","0,1181",0,0,"0,0072",0,"0,8049","0,1813","0,2739","0,2639","220,25","228,56",,
tienda_mes,4281,1/6/2026,REFRIGERADO,Veterana,26,214,23.216,"107,84","0,9862","7,4","10,43",0,0,"1,48","2,74","2,92","17,83","25,95","0,9862","7,4","10,43",0,0,"1,42","2,74","2,49","17,83","25,47",0,0,0,0,0,"0,0584",0,"0,4282",0,"0,4866","0,038","0,2858","0,4014",0,0,"0,057","0,106","0,1118","0,6872","0,0388","0,2908","0,4085",0,0,"0,0559","0,1078","0,0982","0,6993",0,0,0,0,0,"0,161",0,"0,839",0,"0,2418","0,2372","249,75","254,02",,
tienda_mes,4281,1/6/2026,CONGELADO,Veterana,26,166,7.385,"44,26","1,23","2,72","5,94",0,0,"0,9955","2,02","1,91","8,66","14,81","1,23","2,67","5,94",0,0,"0,9955","2,02","1,55","8,61","14,4",0,"0,0504",0,0,0,0,0,"0,356","0,0504","0,4065","0,085","0,1827","0,4014",0,0,"0,0674","0,1374","0,126","0,5842","0,0871","0,1844","0,4116",0,0,"0,069","0,1413","0,1066","0,596",0,"0,1429",0,0,0,0,0,"0,8571","0,1429","0,3379","0,3291","179,41","184,09",,
tienda_mes,4281,1/6/2026,FRESCOS,Veterana,26,202,14.132,"69,42","0,8322",0,0,"16,23","0,8963","1,18","4,52","3,29","16,23","26,96","0,8322",0,0,"16,17","0,8963","1,15","4,52","2,29","16,17","25,86",0,0,0,"0,0586",0,"0,0317",0,"1,01","0,0586","1,1","0,0309",0,0,"0,6032","0,0329","0,0445","0,1678","0,1208","0,6032","0,0322",0,0,"0,6254","0,0344","0,045","0,1749","0,088","0,6254",0,0,0,"0,03",0,"0,019",0,"0,951","0,03","0,3902","0,3744","155,01","161,14",,
tienda_mes,4281,1/6/2026,FYV,Veterana,26,144,9.473,"66,12","1,33",0,0,"8,42","3,96","1,02","2,76","2,67","8,42","20,16","1,28",0,0,"8,42","3,87","1,02","2,76","2,24","8,42","19,6","0,0475",0,0,0,"0,0825",0,0,"0,426",0,"0,556","0,0671",0,0,"0,4179","0,1951","0,0511","0,1366","0,1323","0,4179","0,0665",0,0,"0,429","0,196","0,0526","0,1406","0,1153","0,429","0,059",0,0,0,"0,1619",0,0,"0,7791",0,"0,3092","0,3003","197,28","202,3",,
tienda_mes,4281,1/6/2026,HORNO,Veterana,26,85,1.402,"16,53","0,2598","0,8043","1,46",0,0,"0,6862","3,42","0,3909","2,27","7,03","0,2598","0,8043","1,46",0,0,"0,6862","3,36","0,3909","2,27","6,96",0,0,0,0,0,0,"0,0646",0,0,"0,0646","0,038","0,1141","0,2063",0,0,"0,102","0,4833","0,0563","0,3204","0,0385","0,1149","0,2085",0,0,"0,1034","0,4781","0,0567","0,3234",0,0,0,0,0,0,1,0,0,"0,4312","0,4275","143,81","145,33",,
tienda_mes,4281,1/6/2026,PENDIENTES,Veterana,26,75,396,"4,74","1,15","4,02","2,29",0,0,"0,7949","1,98","1,79","6,31","12,02","1,02","3,49","1,8",0,0,"0,7949","1,74","1,15","5,29","9,99","0,127","0,5308","0,4924",0,0,0,"0,2433","0,6416","1,02","2,04","0,1182","0,304","0,1565",0,0,"0,0827","0,1521","0,1865","0,4605","0,1225","0,3187","0,1533",0,0,"0,091","0,1644","0,15","0,472","0,037","0,2346","0,2499",0,0,0,"0,1","0,3785","0,4845","3,27","2,62","24,66","27,99",,
tienda_mes,4296,1/6/2026,GLOBAL,Liebre,25,,96.246,,,,,,,,,,,,,,,,,,,,,,,,,,,,,,,,,,,,,,,,,,,,,,,,,,,,,,,,,,,,,,,"0,3094","0,2899"
tienda_mes,4296,1/6/2026,SECOS,Veterana,25,360,53.049,"145,27","0,7536","10,5","24,2",0,0,"0,8599","0,8847","4,5","34,7","41,7","0,7536","10,47","23,98",0,0,"0,8599","0,8608","2,28","34,45","39,2",0,"0,0338","0,2181",0,0,0,"0,0239","2,23","0,2519","2,51","0,0181","0,2511","0,5799",0,0,"0,0206","0,0213","0,1089","0,831","0,0192","0,2662","0,6124",0,0,"0,0219","0,0221","0,0583","0,8786",0,"0,0171","0,0738",0,0,0,"0,0063","0,9028","0,0909","0,2887","0,2714","209,63","223,17",,
tienda_mes,4296,1/6/2026,REFRIGERADO,Veterana,25,167,17.392,"103,39","0,5431","5,78","11,28",0,0,"1,01","2,27","3,82","17,05","24,69","0,5065","5,78","11,28",0,0,"1,01","2,27","2,15","17,05","22,98","0,0366",0,0,0,0,0,0,"1,67",0,"1,71","0,0217","0,2322","0,4585",0,0,"0,0406","0,0908","0,1563","0,6906","0,0219","0,2483","0,4963",0,0,"0,0435","0,0976","0,0925","0,7446","0,0195",0,0,0,0,0,0,"0,9805",0,"0,2402","0,223","251,8","271,69",,
tienda_mes,4296,1/6/2026,CONGELADO,Veterana,25,133,5.565,"41,5","1,09","2,99","7,4",0,0,"0,8556","2,41","3,79","10,39","18,53","1,04","2,99","7,29",0,0,"0,8556","2,41","2,29","10,28","16,88","0,0515",0,"0,1045",0,0,0,0,"1,5","0,1045","1,65","0,059","0,1589","0,3998",0,0,"0,0455","0,1293","0,2076","0,5587","0,061","0,1728","0,4356",0,0,"0,0494","0,1404","0,1408","0,6083","0,0166",0,"0,0888",0,0,0,0,"0,8947","0,0888","0,4475","0,4072","137,33","150,6",,
tienda_mes,4296,1/6/2026,FRESCOS,Veterana,25,163,11.227,"68,38","0,8162",0,0,"15,9","0,9123","0,933","3,27","4,37","15,9","26,2","0,8162",0,0,"15,85","0,9123","0,89","3,23","2,63","15,85","24,33",0,0,0,"0,0484",0,"0,043","0,048","1,73","0,0484","1,87","0,0315",0,0,"0,6058","0,0341","0,0359","0,1254","0,1673","0,6058","0,0337",0,0,"0,6497","0,0368","0,0368","0,133","0,1101","0,6497",0,0,0,"0,0268",0,"0,0283","0,0206","0,9243","0,0268","0,3861","0,3586","157,14","168,93",,
tienda_mes,4296,1/6/2026,FYV,Veterana,25,121,7.561,"62,6","1,19",0,0,"7,72","4,36","1,61","3,63","3,18","7,72","21,69","1,19",0,0,"7,68","4,16","1,61","3,63","2,13","7,68","20,41",0,0,0,"0,0401","0,1932",0,0,"1,05","0,0401","1,28","0,0548",0,0,"0,3563","0,197","0,0747","0,1691","0,1482","0,3563","0,0584",0,0,"0,3759","0,2008","0,0798","0,1792","0,1059","0,3759",0,0,0,"0,0833","0,0803",0,0,"0,8363","0,0833","0,3554","0,3322","175,62","185,65",,
tienda_mes,4296,1/6/2026,HORNO,Veterana,25,75,1.221,"16,49","0,6059","1,04","1,53",0,0,"0,9627","3,48","0,3743","2,57","7,99","0,6059","1,04","1,53",0,0,"0,9627","3,33","0,217","2,57","7,69",0,0,0,0,0,0,"0,1459","0,1574",0,"0,3033","0,0783","0,1286","0,1927",0,0,"0,1241","0,4324","0,0438","0,3213","0,0795","0,1323","0,2003",0,0,"0,1271","0,4292","0,0316","0,3326",0,0,0,0,0,0,"0,5","0,5",0,"0,5072","0,4872","124,45","127,94",,
tienda_mes,4296,1/6/2026,PENDIENTES,Veterana,25,55,230,"4,46","0,2043","0,6353","0,5198",0,"0,0393","0,6543","1,42","2,79","1,16","6,26","0,2043","0,6353","0,5198",0,"0,0393","0,6543","1,42","1,83","1,16","5,3",0,0,0,0,0,0,0,"0,9596",0,"0,9596","0,0335","0,0895","0,0698",0,"0,0064","0,1063","0,2136","0,481","0,1593","0,04","0,0985","0,0795",0,"0,0064","0,1267","0,2635","0,3855","0,178",0,0,0,0,0,0,0,1,0,"1,8","1,5","40,66","53,52",,
tienda_mes,4308,1/6/2026,GLOBAL,Liebre,26,,144.259,,,,,,,,,,,,,,,,,,,,,,,,,,,,,,,,,,,,,,,,,,,,,,,,,,,,,,,,,,,,,,,"0,2972","0,2927"
tienda_mes,4308,1/6/2026,SECOS,Veterana,26,524,67.685,"128,61","1,69","9,14",20,0,0,"1,67","0,9856","2,62","29,14","36,1","1,63","9,14","19,83",0,0,"1,67","0,9531","2,27","28,97","35,48","0,0605",0,"0,1747",0,0,0,"0,0325","0,3529","0,1747","0,6206","0,0469","0,2522","0,5546",0,0,"0,0461","0,0273","0,0728","0,8069","0,046","0,2567","0,5595",0,0,"0,0469","0,0269","0,064","0,8162","0,1225",0,"0,2618",0,0,0,"0,021","0,5946","0,2618","0,2822","0,2772","213,92","217,65",,
tienda_mes,4308,1/6/2026,REFRIGERADO,Veterana,26,242,27.914,"115,11","1,32","6,62","9,71",0,0,"1,22","1,78","3,41","16,33","24,06","1,32","6,62","9,65",0,0,"1,22","1,78","3,13","16,27","23,72",0,0,"0,0597",0,0,0,0,"0,2793","0,0597","0,3389","0,0544","0,2737","0,4046",0,0,"0,0509","0,0739","0,1426","0,6783","0,0553","0,2776","0,4075",0,0,"0,0516","0,0749","0,1332","0,6851",0,0,"0,1593",0,0,0,0,"0,8407","0,1593","0,2102","0,2072","288,09","291,99",,
tienda_mes,4308,1/6/2026,CONGELADO,Veterana,26,174,6.467,"37,32","1,01","2,84","4,86",0,0,"1,23","1,97","2,53","7,71","14,45","1,01","2,84","4,86",0,0,"1,23","1,97","2,46","7,71","14,37",0,0,0,0,0,0,0,"0,0753",0,"0,0753","0,0696","0,1964","0,3372",0,0,"0,085","0,1362","0,1757","0,5335","0,07","0,1975","0,339",0,0,"0,0855","0,137","0,171","0,5366",0,0,0,0,0,0,0,1,0,"0,3904","0,3885","156,54","157,52",,
tienda_mes,4308,1/6/2026,FRESCOS,Veterana,26,247,20.616,"83,18","1,27",0,0,"20,02","1,91","0,9566","5,11","2,44","20,02","31,71","1,22",0,0,"19,85","1,89","0,922","5,07","2,25","19,85","31,21","0,05",0,0,"0,1655","0,0207","0,0346","0,0345","0,1935","0,1655","0,4988","0,0402",0,0,"0,631","0,0599","0,0299","0,1618","0,0772","0,631","0,0392",0,0,"0,6358","0,0603","0,0293","0,1632","0,0723","0,6358","0,0594",0,0,"0,3636","0,0909","0,0455","0,0454","0,3952","0,3636","0,3824","0,3765","158,07","160,47",,
tienda_mes,4308,1/6/2026,FYV,Veterana,26,206,18.468,"89,38","1,4",0,0,"11,41","5,8","1,23","3,72","1,81","11,41","25,37","1,36",0,0,"11,41","5,71","1,23","3,72","1,65","11,41","25,09","0,0363",0,0,0,"0,0879",0,0,"0,1592",0,"0,2834","0,0554",0,0,"0,4489","0,2282","0,0488","0,1473","0,0713","0,4489","0,0546",0,0,"0,4538","0,2276","0,0494","0,1492","0,0655","0,4538","0,0696",0,0,0,"0,3615",0,0,"0,5689",0,"0,2865","0,283","211,46","213,71",,
tienda_mes,4308,1/6/2026,HORNO,Veterana,26,100,1.875,"19,18","0,4154","1,7","1,81",0,0,"0,4212","4,62","0,4119","3,51","9,38","0,4154","1,7","1,81",0,0,"0,4212","4,62","0,4119","3,51","9,38",0,0,0,0,0,0,0,0,0,0,"0,0443","0,1741","0,1907",0,0,"0,0464","0,4991","0,0454","0,3647","0,0443","0,1741","0,1907",0,0,"0,0464","0,4991","0,0454","0,3647",,,,,,,,,,"0,4894","0,4894","125,72","125,72",,
tienda_mes,4308,1/6/2026,PENDIENTES,Veterana,26,108,1.214,"11,31","1,32","2,29","2,59",0,"0,0124","1,14","3,47","2,62","4,89","13,44","1,32","2,29","2,59",0,"0,0124","1,14","3,47","1,94","4,89","12,76",0,0,0,0,0,0,0,"0,6816",0,"0,6816","0,0985","0,1672","0,1886",0,"0,0008","0,0876","0,2621","0,1951","0,3559","0,1038","0,1778","0,1975",0,"0,001","0,0925","0,2749","0,1525","0,3753",0,0,0,0,0,0,0,1,0,"1,3","1,22","49,99","52,2",,
tienda_mes,4315,1/6/2026,GLOBAL,Liebre,26,,66.357,,,,,,,,,,,,,,,,,,,,,,,,,,,,,,,,,,,,,,,,,,,,,,,,,,,,,,,,,,,,,,,"0,314","0,2966"
tienda_mes,4315,1/6/2026,SECOS,Veterana,26,269,34.328,"127,08","0,291","8,68","24,46",0,0,"0,9578","0,7002","4,22","33,14","39,31","0,291","8,68","23,85",0,0,"0,8966","0,7002","2,82","32,53","37,24",0,0,"0,6057",0,0,"0,0612",0,"1,4","0,6057","2,07","0,0074","0,2202","0,6222",0,0,"0,0241","0,0176","0,1085","0,8424","0,0079","0,2325","0,6416",0,0,"0,0239","0,0186","0,0756","0,8741",0,0,"0,3756",0,0,"0,0241",0,"0,6003","0,3756","0,312","0,2951","193,77","204,52",,
tienda_mes,4315,1/6/2026,REFRIGERADO,Veterana,26,127,12.288,"96,46","0,3168","5,38","11,29",0,0,"0,9285","3,03","3,16","16,67","24,1","0,3168","5,38","11,02",0,0,"0,9285","3,03","2,56","16,4","23,22",0,0,"0,2724",0,0,0,0,"0,603","0,2724","0,8754","0,0129","0,2249","0,4693",0,0,"0,0382","0,1246","0,1301","0,6942","0,0137","0,2338","0,4746",0,0,"0,0398","0,1287","0,1095","0,7084",0,0,"0,4042",0,0,0,0,"0,5958","0,4042","0,2516","0,2421","241,8","250,77",,
tienda_mes,4315,1/6/2026,CONGELADO,Veterana,26,99,3.812,"38,56","0,4428","2,37","5,2",0,0,"0,9659","2,41","2,68","7,58","14,08","0,384","2,37","5,03",0,0,"0,9659","2,41","2,47","7,41","13,63","0,0588",0,"0,168",0,0,0,0,"0,2155","0,168","0,4423","0,0319","0,1698","0,3653",0,0,"0,0705","0,1759","0,1865","0,5351","0,0288","0,1732","0,3659",0,0,"0,0717","0,179","0,1813","0,5392","0,5",0,"0,2191",0,0,0,0,"0,2809","0,2191","0,3737","0,3607","169,21","171,94",,
tienda_mes,4315,1/6/2026,FRESCOS,Veterana,26,122,7.325,"59,93","0,3436",0,0,"16,45","1,03","1,41","4,17","3,32","16,45","26,73","0,3436",0,0,"16,04","1,03","1,22","4,11","2,12","16,04","24,87",0,0,0,"0,4165",0,"0,1925","0,0584","1,19","0,4165","1,86","0,0132",0,0,"0,6129","0,0387","0,0521","0,1568","0,1261","0,6129","0,0144",0,0,"0,6426","0,042","0,0486","0,1668","0,0857","0,6426",0,0,0,"0,1841",0,"0,0817","0,0625","0,6716","0,1841","0,4495","0,418","135,59","146,34",,
tienda_mes,4315,1/6/2026,FYV,Veterana,26,103,7.314,"71,44","0,6008",0,0,"8,88","3,42","0,8551","2,65","2,4","8,88","18,79","0,6008",0,0,"8,88","3,42","0,8551","2,65","1,2","8,88","17,59",0,0,0,0,0,0,0,"1,2",0,"1,2","0,0326",0,0,"0,4709","0,1848","0,0473","0,1476","0,1168","0,4709","0,0345",0,0,"0,4974","0,1948","0,0499","0,1561","0,0673","0,4974",0,0,0,0,0,0,0,1,0,"0,266","0,2507","231,92","245,41",,
tienda_mes,4315,1/6/2026,HORNO,Veterana,26,67,1.254,"18,71","0,4549","0,7164","1,2",0,0,"0,3943","1,69","0,5293","1,92","4,98","0,3332","0,7164","1,06",0,0,"0,2753","1,69","0,2401","1,78","4,32","0,1217",0,"0,1356",0,0,"0,1189",0,"0,2893","0,1356","0,6655","0,0906","0,1577","0,2311",0,0,"0,0781","0,3712","0,0712","0,3888","0,072","0,1696","0,2381",0,0,"0,0646","0,4026","0,053","0,4077","0,25",0,"0,25",0,0,"0,25",0,"0,25","0,25","0,2818","0,2411","253,94","270,69",,
tienda_mes,4315,1/6/2026,PENDIENTES,Veterana,15,19,36,"1,87","0,224","0,2635","0,2199",0,"0,0109","0,2533","0,4565","5,07","0,4834","6,5","0,224","0,2635","0,2199",0,"0,0109","0,2533","0,4565","1,38","0,4834","2,8",0,0,0,0,0,0,0,"3,7",0,"3,7","0,1033","0,0725","0,0399",0,"0,0072","0,0906","0,1371","0,5494","0,1124","0,1414","0,1052","0,0763",0,"0,0072","0,163","0,2755","0,2313","0,1815",0,0,0,0,0,0,0,1,0,"3,95","1,74","63,62","109,86",,
tienda_mes,4346,1/6/2026,GLOBAL,Liebre,24,,89.053,,,,,,,,,,,,,,,,,,,,,,,,,,,,,,,,,,,,,,,,,,,,,,,,,,,,,,,,,,,,,,,"0,293","0,2798"
tienda_mes,4346,1/6/2026,SECOS,Veterana,24,319,48.898,"152,29","1,35","10,4","22,37",0,0,"1,45","1,51","3,66","32,77","40,73","1,23","10,32","21,98",0,0,"1,34","1,51","2,53","32,3","38,92","0,111","0,082","0,3855",0,0,"0,101",0,"1,13","0,4675","1,81","0,0329","0,2552","0,5485",0,0,"0,0357","0,0373","0,0904","0,8037","0,0318","0,2649","0,5644",0,0,"0,0348","0,039","0,0652","0,8292","0,0488","0,0815","0,1246",0,0,"0,0394",0,"0,7056","0,2061","0,2685","0,2568","224,31","234,79",,
tienda_mes,4346,1/6/2026,REFRIGERADO,Veterana,24,161,16.647,"102,45","1,5","6,33","12,88",0,0,"1,04","2,38","3,2","19,21","27,33","1,37","6,19","12,17",0,0,"0,9523","2,38","2,55","18,37","25,62","0,1284","0,1401","0,7021",0,0,"0,0927",0,"0,6517","0,8421","1,71","0,0544","0,2307","0,4721",0,0,"0,0381","0,0875","0,1173","0,7028","0,0534","0,2404","0,4758",0,0,"0,0373","0,0933","0,0998","0,7162","0,0562","0,0814","0,4092",0,0,"0,0477",0,"0,4056","0,4906","0,2693","0,2521","225,88","241,08",,
tienda_mes,4346,1/6/2026,CONGELADO,Veterana,24,114,4.930,"44,01","1,48","3,09","8,1",0,0,"0,9957","2,06","2,88","11,2","18,61","1,41","3,09","7,25",0,0,"0,8013","1,97","2,43","10,34","16,95","0,0713",0,"0,8548",0,0,"0,1945","0,092","0,4454","0,8548","1,66","0,0812","0,1601","0,4346",0,0,"0,0546","0,1126","0,1569","0,5947","0,0844","0,1755","0,4283",0,0,"0,048","0,1179","0,1459","0,6038","0,0167",0,"0,5713",0,0,"0,124","0,0216","0,2664","0,5713","0,427","0,3894","145,05","157,16",,
tienda_mes,4346,1/6/2026,FRESCOS,Veterana,24,126,9.369,"74,21","1,76",0,0,"17,93","1,05","1,02",4,"2,3","17,93","28,07","1,64",0,0,"17,58","1,05","1,02",4,"2,07","17,58","27,37","0,1171",0,0,"0,3504",0,0,0,"0,2281","0,3504","0,6955","0,0629",0,0,"0,6372","0,0375","0,0363","0,1441","0,0821","0,6372","0,06",0,0,"0,6412","0,0383","0,0372","0,147","0,0764","0,6412","0,2222",0,0,"0,4185",0,0,0,"0,3593","0,4185","0,3815","0,3724","159,66","163,34",,
tienda_mes,4346,1/6/2026,FYV,Veterana,24,107,7.367,"68,87","1,61",0,0,"8,78","3,71","1,43","2,97","1,82","8,78","20,31","1,61",0,0,"8,65","3,6","1,43","2,97","1,16","8,65","19,42",0,0,0,"0,1228","0,1043",0,0,"0,6617","0,1228","0,8888","0,0809",0,0,"0,4322","0,1818","0,0718","0,1483","0,0851","0,4322","0,0842",0,0,"0,4426","0,1839","0,0745","0,1538","0,0609","0,4426",0,0,0,"0,2","0,0716",0,0,"0,7284","0,2","0,3049","0,2916","204,63","211,77",,
tienda_mes,4346,1/6/2026,HORNO,Veterana,24,69,1.433,"20,43","0,411","1,23","1,45",0,0,"0,9084","2,82","0,3536","2,67","7,17","0,411","1,23","1,45",0,0,"0,9084","2,82","0,3536","2,67","7,17",0,0,0,0,0,0,0,0,0,0,"0,063","0,1706","0,1969",0,0,"0,1266","0,3956","0,0473","0,3675","0,063","0,1706","0,1969",0,0,"0,1266","0,3956","0,0473","0,3675",,,,,,,,,,"0,3889","0,3889","175,74","175,74",,
tienda_mes,4346,1/6/2026,PENDIENTES,Veterana,24,58,407,"6,93","0,7163","0,5715","0,7826",0,0,"0,5001","1,59","0,4841","1,35","4,64","0,631","0,5715","0,7826",0,0,"0,5001","1,59","0,229","1,35","4,3","0,0853",0,0,0,0,0,0,"0,2551",0,"0,3404","0,1585","0,1278","0,1344",0,0,"0,1413","0,3655","0,0725","0,2622","0,1394","0,1407","0,1418",0,0,"0,1494","0,3858","0,0429","0,2825","0,3333",0,0,0,0,0,0,"0,6667",0,"0,912","0,7893","111,59","115,88",,
tienda_mes,4353,1/6/2026,GLOBAL,Liebre,26,,13.654,,,,,,,,,,,,,,,,,,,,,,,,,,,,,,,,,,,,,,,,,,,,,,,,,,,,,,,,,,,,,,,"0,2814","0,2332"
tienda_mes,4353,1/6/2026,SECOS,No veterana,26,64,8.004,"123,48","0,5393","9,63","16,69",0,0,"0,1214","0,3087","5,59","26,32","32,88","0,5393","9,63","16,69",0,0,"0,1214","0,3087","1,27","26,32","28,56",0,0,0,0,0,0,0,"4,32",0,"4,32","0,0185","0,294","0,5069",0,0,"0,0038","0,0097","0,167","0,8009","0,0208","0,3336","0,5822",0,0,"0,0043","0,0113","0,0477","0,9158",0,0,0,0,0,0,0,1,0,"0,2745","0,2384","224,98","257,17",,
tienda_mes,4353,1/6/2026,REFRIGERADO,No veterana,26,29,2.147,"72,69","0,1679","4,46","6,84",0,0,"0,0997","0,4329","2,88","11,3","14,88","0,1679","4,46","6,84",0,0,"0,0997","0,4329","0,3195","11,3","12,32",0,0,0,0,0,0,0,"2,56",0,"2,56","0,0155","0,3176","0,4804",0,0,"0,0088","0,0323","0,1454","0,798","0,0172","0,3551","0,5445",0,0,"0,0099","0,0371","0,0362","0,8997",0,0,0,0,0,0,0,1,0,"0,2053","0,1734","313,71","357,09",,
tienda_mes,4353,1/6/2026,CONGELADO,No veterana,26,26,852,"32,77","0,2417","2,36","4,47",0,0,"0,1354","0,7709","3,79","6,82","11,76","0,2417","2,36","4,47",0,0,"0,1354","0,7709","0,7743","6,82","8,75",0,0,0,0,0,0,0,"3,01",0,"3,01","0,0298","0,2204","0,4168",0,0,"0,0151","0,0791","0,2388","0,6372","0,0333","0,2646","0,5026",0,0,"0,0169","0,0931","0,0894","0,7673",0,0,0,0,0,0,0,1,0,"0,3502","0,2712","210,2","247,74",,
tienda_mes,4353,1/6/2026,FRESCOS,No veterana,26,28,1.271,44,"0,2955",0,0,"8,01","0,5071","0,9249","1,36",7,"8,01","18,1","0,2955",0,0,"8,01","0,5071","0,9249","1,1","1,95","8,01","12,78",0,0,0,0,0,0,"0,2549","5,06",0,"5,31","0,0182",0,0,"0,4868","0,0258","0,0574","0,0756","0,3361","0,4868","0,0253",0,0,"0,6282","0,0361","0,072","0,0885","0,15","0,6282",0,0,0,0,0,0,"0,0714","0,9286",0,"0,4497","0,3169","159,31","211,48",,
tienda_mes,4353,1/6/2026,FYV,No veterana,26,26,976,"37,54","0,3492",0,0,"3,63","1,48","0,3398","0,6342","5,09","3,63","11,52","0,3492",0,0,"3,63","1,48","0,3398","0,6342","1,23","3,63","7,66",0,0,0,0,0,0,0,"3,86",0,"3,86","0,0498",0,0,"0,348","0,1591","0,0577","0,1039","0,2814","0,348","0,0585",0,0,"0,4356","0,1946","0,0654","0,1201","0,1259","0,4356",0,0,0,0,0,0,0,1,0,"0,3328","0,2475","271,17","324,93",,
tienda_mes,4353,1/6/2026,HORNO,No veterana,25,25,230,"9,2","0,1811","0,3099","0,2878",0,0,"0,1412","0,8027","0,1939","0,5976","1,92","0,1811","0,3099","0,2878",0,0,"0,1412","0,8027","0,1939","0,5976","1,92",0,0,0,0,0,0,0,0,0,0,"0,1072","0,1918","0,1539",0,0,"0,1142","0,4103","0,0226","0,3457","0,1072","0,1918","0,1539",0,0,"0,1142","0,4103","0,0226","0,3457",,,,,,,,,,"0,2163","0,2163","401,82","401,82",,
tienda_mes,4353,1/6/2026,PENDIENTES,No veterana,26,26,174,"6,69","0,2798","0,2858","0,2119",0,0,"0,1462","0,5978","1,05","0,4977","2,57","0,2798","0,2858","0,2119",0,0,"0,1462","0,5978","0,1674","0,4977","1,69",0,0,0,0,0,0,0,"0,8805",0,"0,8805","0,1196","0,1735","0,1001",0,0,"0,1268","0,3718","0,1083","0,2735","0,1286","0,1794","0,1064",0,0,"0,147","0,4012","0,0375","0,2858",0,0,0,0,0,0,0,1,0,"0,6582","0,3574",328,"342,54",,
tienda_mes,4389,1/6/2026,GLOBAL,Liebre,26,,54.839,,,,,,,,,,,,,,,,,,,,,,,,,,,,,,,,,,,,,,,,,,,,,,,,,,,,,,,,,,,,,,,"0,299","0,2893"
tienda_mes,4389,1/6/2026,SECOS,Veterana,26,234,28.677,"121,77","0,794","4,59","24,39",0,0,"0,657","0,5778","4,54","28,98","35,55","0,794","4,59","24,17",0,0,"0,657","0,5778","2,92","28,76","33,71",0,0,"0,217",0,0,0,0,"1,63","0,217","1,84","0,0224","0,1291","0,6845",0,0,"0,0185","0,0164","0,1291","0,8136","0,0237","0,1362","0,7159",0,0,"0,0196","0,0172","0,0874","0,8522",0,0,"0,1321",0,0,0,0,"0,8679","0,1321","0,2942","0,2788","205,14","216,4",,
tienda_mes,4389,1/6/2026,REFRIGERADO,Veterana,26,103,8.636,"84,64","0,8846","3,25","11,22",0,0,"0,8951","1,9","2,76","14,47","20,9","0,8846","3,25","11,22",0,0,"0,8951","1,9","2,48","14,47","20,62",0,0,0,0,0,0,0,"0,2768",0,"0,2768","0,0425","0,154","0,5364",0,0,"0,0431","0,0894","0,1345","0,6904","0,043","0,1564","0,5431",0,0,"0,0436","0,0907","0,1231","0,6995",0,0,0,0,0,0,0,1,0,"0,2488","0,2457","243,5","247,02",,
tienda_mes,4389,1/6/2026,CONGELADO,Veterana,26,86,3.816,"44,07","0,8311","1,55","6,84",0,0,"0,5077","1,53","2,84","8,4","14,11","0,8311","1,55","6,84",0,0,"0,5077","1,53","1,96","8,4","13,22",0,0,0,0,0,0,0,"0,8831",0,"0,8831","0,0589","0,1072","0,4885",0,0,"0,0358","0,1097","0,1999","0,5957","0,0629","0,1148","0,5188",0,0,"0,0378","0,1165","0,1493","0,6336",0,0,0,0,0,0,0,1,0,"0,3241","0,3043","188,96","200,68",,
tienda_mes,4389,1/6/2026,FRESCOS,Veterana,26,101,6.505,"63,52","1,2",0,0,"16,55","1,08","0,8889","2,92","3,02","16,55","25,66","1,2",0,0,"16,55","1,08","0,8889","2,92","2,85","16,55","25,48",0,0,0,0,0,0,0,"0,1796",0,"0,1796","0,0477",0,0,"0,6441","0,041","0,035","0,1147","0,1176","0,6441","0,0479",0,0,"0,6482","0,0412","0,0351","0,1153","0,1122","0,6482",0,0,0,0,0,0,0,1,0,"0,4104","0,4078","149,33","150,23",,
tienda_mes,4389,1/6/2026,FYV,Veterana,26,88,6.351,"72,68","0,9266",0,0,"9,56","3,74","1,19","2,95","2,25","9,56","20,62","0,9266",0,0,"9,48","3,74","1,19","2,95","2,25","9,48","20,53",0,0,0,"0,0835",0,0,0,0,"0,0835","0,0835","0,0463",0,0,"0,4613","0,1816","0,0581","0,1428","0,11","0,4613","0,0464",0,0,"0,4591","0,1821","0,0583","0,1438","0,1104","0,4591",0,0,0,1,0,0,0,0,1,"0,2937","0,292","212,19","212,69",,
tienda_mes,4389,1/6/2026,HORNO,Veterana,26,58,850,"14,79","0,2524","0,6662","0,9756",0,0,"0,3039","1,82","0,1745","1,64","4,19","0,2524","0,6662","0,9756",0,0,"0,3039","1,82","0,1745","1,64","4,19",0,0,0,0,0,0,0,0,0,0,"0,0616","0,154","0,2055",0,0,"0,089","0,4489","0,041","0,3595","0,0616","0,154","0,2055",0,0,"0,089","0,4489","0,041","0,3595",,,,,,,,,,"0,2945","0,2945","230,95","230,95",,
tienda_mes,4389,1/6/2026,PENDIENTES,Veterana,2,2,2,1,"0,1577","0,0642","0,077",0,0,"0,0389","0,3371","4,15","0,1412","4,83","0,1577","0,0642","0,077",0,0,"0,0389","0,3371","4,15","0,1412","4,83",0,0,0,0,0,0,0,0,0,0,"0,0387","0,0148","0,0201",0,0,"0,0067","0,0844","0,8354","0,0349","0,0387","0,0148","0,0201",0,0,"0,0067","0,0844","0,8354","0,0349",,,,,,,,,,"4,83","4,83","12,98","12,98",,
tienda_mes,4413,1/6/2026,GLOBAL,Liebre,26,,111.552,,,,,,,,,,,,,,,,,,,,,,,,,,,,,,,,,,,,,,,,,,,,,,,,,,,,,,,,,,,,,,,"0,2953","0,2698"
tienda_mes,4413,1/6/2026,SECOS,Veterana,26,436,66.459,"151,21","1,1","7,72","25,2",0,0,"1,13","0,7986","5,81","32,91","41,75","1,05","7,69","24,62",0,0,"1,06","0,7845","2,06","32,31","37,26","0,0577","0,0231","0,5757",0,0,"0,0712","0,0141","3,75","0,5988","4,49","0,0264","0,1845","0,6018",0,0,"0,0271","0,0192","0,1408","0,7864","0,0282","0,2061","0,6607",0,0,"0,0284","0,0213","0,0552","0,8668","0,0134","0,006","0,1174",0,0,"0,014","0,0029","0,8464","0,1233","0,2766","0,2466","217,76","244,87",,
tienda_mes,4413,1/6/2026,REFRIGERADO,Veterana,26,181,18.025,"99,59","0,4457","4,34","11,35",0,0,"0,9738","3,46","4,05","15,69","24,62","0,4457","4,34","11,35",0,0,"0,9233","3,46","2,84","15,69","23,36",0,0,0,0,0,"0,0505",0,"1,21",0,"1,26","0,0181","0,1767","0,461",0,0,"0,04","0,1412","0,163","0,6377","0,0191","0,1861","0,4843",0,0,"0,0394","0,1484","0,1226","0,6704",0,0,0,0,0,"0,0625",0,"0,9375",0,"0,2477","0,235","244,79","257,09",,
tienda_mes,4413,1/6/2026,CONGELADO,Veterana,26,143,6.425,"44,38","0,7165","2,43","6,86",0,0,"0,7762","1,98","3,76","9,29","16,52","0,7165","2,43","6,86",0,0,"0,7762","1,98","2,52","9,29","15,27",0,0,0,0,0,0,0,"1,24",0,"1,24","0,0434","0,1474","0,4183",0,0,"0,0486","0,1213","0,2211","0,5657","0,0469","0,1578","0,4501",0,0,"0,0521","0,1304","0,1628","0,6078",0,0,0,0,0,0,0,1,0,"0,3744","0,3468","162,51","174,5",,
tienda_mes,4413,1/6/2026,FRESCOS,Veterana,26,166,9.243,"55,75","0,7673",0,0,"12,44","0,7547","1,24","2,35","3,94","12,44","21,48","0,7673",0,0,"12,44","0,7547","1,2","2,27","3,31","12,44","20,74",0,0,0,0,0,"0,0374","0,0769","0,632",0,"0,7462","0,036",0,0,"0,5788","0,0344","0,0579","0,1089","0,184","0,5788","0,0371",0,0,"0,5999","0,0356","0,0579","0,1093","0,1601","0,5999",0,0,0,0,0,"0,0833","0,0833","0,8333",0,"0,3867","0,3735","156,12","161,7",,
tienda_mes,4413,1/6/2026,FYV,Veterana,26,130,9.598,"74,2","1,22",0,0,"8,37","3,53","1,25","3,51","3,27","8,37","21,14","1,22",0,0,"8,37","3,53","1,19","3,29","2,4","8,37","19,99",0,0,0,0,0,"0,0585","0,2238","0,8687",0,"1,15","0,0575",0,0,"0,3966","0,167","0,0601","0,1638","0,1549","0,3966","0,0609",0,0,"0,4191","0,1758","0,0598","0,1636","0,1207","0,4191",0,0,0,0,0,"0,0769","0,0769","0,8462",0,"0,2881","0,2726","212,8","224,66",,
tienda_mes,4413,1/6/2026,HORNO,Veterana,26,79,1.281,"16,5","0,4011","0,8279","1,46",0,0,"2,43","2,03","0,3008","2,28","7,45","0,4011","0,8279","1,36",0,0,"2,09","2,03","0,0509","2,19","6,76",0,0,"0,0934",0,0,"0,3468",0,"0,2499","0,0934","0,6901","0,0512","0,1114","0,1998",0,0,"0,3391","0,2723","0,0261","0,3112","0,0532","0,121","0,2018",0,0,"0,317","0,298","0,009","0,3228",0,0,"0,2",0,0,"0,6",0,"0,2","0,2","0,4729","0,4284","137,31","149,74",,
tienda_mes,4413,1/6/2026,PENDIENTES,Veterana,26,79,513,"6,05","0,722","1,97","1,18",0,0,"0,3867","1,7","4,23","3,15","10,19","0,6116","1,75","1,14",0,0,"0,3867","1,7","1,62","2,89","7,21","0,1104","0,2219","0,04",0,0,0,0,"2,6","0,2619","2,98","0,0741","0,1901","0,1146",0,0,"0,0413","0,1769","0,4031","0,3046","0,0806","0,2394","0,1472",0,0,"0,0598","0,2404","0,2327","0,3865","0,0526","0,0598","0,0107",0,0,0,0,"0,8769","0,0705","1,94","1,34","38,79","51,53",,
tienda_mes,4443,1/6/2026,GLOBAL,Liebre,26,,128.289,,,,,,,,,,,,,,,,,,,,,,,,,,,,,,,,,,,,,,,,,,,,,,,,,,,,,,,,,,,,,,,"0,3089","0,2701"
tienda_mes,4443,1/6/2026,SECOS,Veterana,26,441,73.734,"166,21","0,5068","9,67","27,57",0,0,"0,506","1,1","7,01","37,24","46,35","0,4899","9,67","26,89",0,0,"0,4772","1,03","1,17","36,56","39,73","0,0169",0,"0,6758",0,0,"0,0288","0,0687","5,84","0,6758","6,63","0,0108","0,2087","0,5943",0,0,"0,0109","0,0235","0,1518","0,803","0,0122","0,2429","0,6776",0,0,"0,012","0,0257","0,0296","0,9205","0,0016",0,"0,0712",0,0,"0,0046","0,0068","0,9157","0,0712","0,283","0,243","214,72","250,96",,
tienda_mes,4443,1/6/2026,REFRIGERADO,Veterana,26,186,21.362,"113,95","0,2438","6,32","13,44",0,0,"0,7541","2,05","4,75","19,76","27,55","0,2438","6,32","13,19",0,0,"0,7541","2,05","2,1","19,51","24,66",0,0,"0,2485",0,0,0,0,"2,65","0,2485","2,89","0,009","0,2264","0,4899",0,0,"0,0274","0,074","0,1734","0,7163","0,0102","0,2518","0,5403",0,0,"0,0305","0,0822","0,0851","0,7921",0,0,"0,0908",0,0,0,0,"0,9092","0,0908","0,2423","0,2167","249,97","280,12",,
tienda_mes,4443,1/6/2026,CONGELADO,Veterana,26,159,8.276,"51,38","0,2571","2,6","8,4",0,0,"0,8044","2,01","5,43","11,01","19,51","0,2571","2,6","8,27",0,0,"0,7655","2,01","1,8","10,87","15,71",0,0,"0,1385",0,0,"0,0389",0,"3,63","0,1385","3,8","0,0136","0,1342","0,4293",0,0,"0,0409","0,104","0,2779","0,5636","0,0165","0,1648","0,5282",0,0,"0,0478","0,1284","0,1142","0,693",0,0,"0,027",0,0,"0,0057",0,"0,9673","0,027","0,3855","0,311","158,71","198,53",,
tienda_mes,4443,1/6/2026,FRESCOS,Veterana,26,174,12.592,"72,19","0,4325",0,0,16,"1,26","0,9731","4,55","4,94",16,"28,16","0,4325",0,0,"15,96","1,26","0,9731","4,55","2,41","15,96","25,59",0,0,0,"0,0408",0,0,0,"2,53","0,0408","2,58","0,0156",0,0,"0,5697","0,0443","0,0349","0,1611","0,1745","0,5697","0,0171",0,0,"0,6241","0,0488","0,0383","0,177","0,0948","0,6241",0,0,0,"0,0072",0,0,0,"0,9928","0,0072","0,3951","0,3573","156,16","171,35",,
tienda_mes,4443,1/6/2026,FYV,Veterana,26,133,8.043,"61,49","0,8067",0,0,"8,43","3,77","1,18","3,39","4,39","8,43","21,97","0,8067",0,0,"8,29","3,72","1,18","3,39","2,13","8,29","19,52",0,0,0,"0,1437","0,0516",0,0,"2,26","0,1437","2,45","0,0377",0,0,"0,3813","0,1727","0,055","0,1574","0,1959","0,3813","0,0416",0,0,"0,4224","0,1907","0,0615","0,1743","0,1095","0,4224",0,0,0,"0,0354","0,0273",0,0,"0,9372","0,0354","0,3665","0,3261","169,26",190,,
tienda_mes,4443,1/6/2026,HORNO,Veterana,26,92,2.426,"26,72","0,391","1,43","1,74",0,0,"0,7221","3,88","0,2453","3,17","8,41","0,391","1,43","1,74",0,0,"0,7221","3,88","0,2453","3,17","8,41",0,0,0,0,0,0,0,0,0,0,"0,0471","0,1693","0,2057",0,0,"0,0853","0,4619","0,0307","0,3751","0,0471","0,1693","0,2057",0,0,"0,0853","0,4619","0,0307","0,3751",,,,,,,,,,"0,335","0,335","193,98","193,98",,
tienda_mes,4443,1/6/2026,PENDIENTES,Veterana,26,138,1.855,"12,73","0,7576","1,69","4,42",0,"0,0064","0,6321","4,02","2,91","6,12","14,44","0,7576","1,62","3,83",0,"0,0064","0,6321","3,92","1,21","5,45","11,98",0,"0,0739","0,5926",0,0,0,"0,0986","1,7","0,6665","2,46","0,0576","0,1061","0,2818",0,"0,0003","0,0527","0,2871","0,2144","0,3879","0,0681","0,1226","0,3001",0,"0,0003","0,0619","0,3343","0,1127","0,4227",0,"0,0141","0,1807",0,0,0,"0,0141","0,7911","0,1948","1,22","1,02","54,63","64,87",,
tienda_mes,4458,1/6/2026,GLOBAL,Liebre,25,,90.945,,,,,,,,,,,,,,,,,,,,,,,,,,,,,,,,,,,,,,,,,,,,,,,,,,,,,,,,,,,,,,,"0,2973","0,2939"
tienda_mes,4458,1/6/2026,SECOS,Veterana,25,341,51.243,"150,1","2,43","8,12","29,12",0,0,"1,84","0,7646","2,04","37,24","44,31","2,36","8,12","28,96",0,0,"1,77","0,742","1,92","37,08","43,87","0,0642",0,"0,1551",0,0,"0,0745","0,0226","0,1188","0,1551","0,4352","0,0551","0,1839","0,6558",0,0,"0,0418","0,0174","0,046","0,8398","0,0541","0,1857","0,6588",0,0,"0,0405","0,017","0,0438","0,8445","0,149",0,"0,3556",0,0,"0,1169","0,0303","0,3483","0,3556","0,2958","0,293","203,33","205,39",,
tienda_mes,4458,1/6/2026,REFRIGERADO,Veterana,25,142,16.008,"112,45","1,58","5,71","12,63",0,0,"0,9554","2,3","1,68","18,34","24,86","1,58","5,5","12,63",0,0,"0,8797","2,3","1,68","18,13","24,58",0,"0,2081",0,0,0,"0,0757",0,0,"0,2081","0,2838","0,064","0,2313","0,5064",0,0,"0,038","0,0922","0,068","0,7377","0,0646","0,2257","0,512",0,0,"0,0356","0,0932","0,0689","0,7377",0,"0,6667",0,0,0,"0,3333",0,0,"0,6667","0,2226","0,2201","272,38","275,52",,
tienda_mes,4458,1/6/2026,CONGELADO,Veterana,25,124,6.157,"49,59","1,4","3,07","7,93",0,0,"0,9821","2,18","2,06","10,99","17,62","1,28","3,07","7,93",0,0,"0,9821","2,18","2,06","10,99","17,5","0,1198",0,0,0,0,0,0,0,0,"0,1198","0,0802","0,1747","0,4465",0,0,"0,0566","0,1239","0,1182","0,6212","0,0739","0,1755","0,4498",0,0,"0,057","0,1248","0,119","0,6254",1,0,0,0,0,0,0,0,0,"0,3617","0,3592","169,68","170,88",,
tienda_mes,4458,1/6/2026,FRESCOS,Veterana,25,134,9.430,"70,09","1,42",0,0,"15,44","1,19","1,33","4,41","1,94","15,44","25,71","1,42",0,0,"15,44","1,19","1,23","4,41","1,85","15,44","25,53",0,0,0,0,0,"0,0921",0,"0,092",0,"0,1841","0,0559",0,0,"0,5987","0,0456","0,0518","0,172","0,076","0,5987","0,0563",0,0,"0,6028","0,0459","0,0489","0,1734","0,0728","0,6028",0,0,0,0,0,"0,3333",0,"0,6667",0,"0,3692","0,3662","163,86",165,,
tienda_mes,4458,1/6/2026,FYV,Veterana,25,97,6.274,"65,31","1,84",0,0,"8,03","4,07","1,14","3,25","1,55","8,03","19,88","1,84",0,0,"8,03","3,98","1,14","3,25","1,07","8,03","19,3",0,0,0,0,"0,093",0,0,"0,4789",0,"0,5719","0,0942",0,0,"0,4023","0,2018","0,0584","0,164","0,0793","0,4023","0,0969",0,0,"0,4134","0,204","0,0599","0,1687","0,057","0,4134",0,0,0,0,"0,1429",0,0,"0,8571",0,"0,3114","0,302","197,62","202,87",,
tienda_mes,4458,1/6/2026,HORNO,Veterana,25,72,1.552,"21,66","1,3","1,04","1,53",0,0,"0,8383","2,46","0,3009","2,57","7,47","1,17","1,04","1,53",0,0,"0,8383","2,46","0,3009","2,57","7,35","0,1248",0,0,0,0,0,0,0,0,"0,1248","0,1729","0,1425","0,1984",0,0,"0,1117","0,3326","0,042","0,3409","0,1618","0,145","0,2012",0,0,"0,1144","0,3352","0,0424","0,3462",1,0,0,0,0,0,0,0,0,"0,3632","0,3574","180,76","182,8",,
tienda_mes,4458,1/6/2026,PENDIENTES,Veterana,25,33,280,"8,9","1,58","1,01","0,9314",0,0,"0,4565","1,48","3,09","1,94","8,54","1,1","1,01","0,9314",0,0,"0,4565","1,48","2,32","1,94","7,3","0,482",0,0,0,0,0,0,"0,7627",0,"1,24","0,1739","0,1115","0,1039",0,0,"0,0639","0,1642","0,3826","0,2154","0,1646","0,1218","0,1193",0,0,"0,0706","0,1836","0,3402","0,2411","0,25",0,0,0,0,0,0,"0,75",0,"1,61","1,43","62,5","72,85",,
tienda_mes,4472,1/6/2026,GLOBAL,Liebre,25,,151.947,,,,,,,,,,,,,,,,,,,,,,,,,,,,,,,,,,,,,,,,,,,,,,,,,,,,,,,,,,,,,,,"0,2879","0,2768"
tienda_mes,4472,1/6/2026,SECOS,Veterana,25,588,82.269,"139,81","1,39","8,1","20,98",0,0,"0,8804","0,9742","3,96","29,08","36,28","1,37","8,09","20,9",0,0,"0,8649","0,9504","2,64","28,99","34,81","0,0223","0,0117","0,0827",0,0,"0,0155","0,0238","1,32","0,0944","1,47","0,0384","0,2215","0,5798",0,0,"0,0241","0,0269","0,1092","0,8014","0,0393","0,2303","0,6021",0,0,"0,0246","0,0273","0,0764","0,8324","0,0163","0,0036","0,0797",0,0,"0,0057","0,0143","0,8803","0,0834","0,2598","0,2495","232,07","242,02",,
tienda_mes,4472,1/6/2026,REFRIGERADO,Veterana,25,227,23.537,"104,05","1,04","6,04","10,67",0,0,"0,8659","2,22","3,59","16,7","24,43","1,04","5,95","10,63",0,0,"0,7751","2,22","2,21","16,58","22,83",0,"0,0871","0,0365",0,0,"0,0907",0,"1,38","0,1236","1,6","0,0431","0,2443","0,4414",0,0,"0,0343","0,0903","0,1466","0,6857","0,0459","0,2583","0,4686",0,0,"0,0337","0,0962","0,0973","0,7269",0,"0,0526","0,0086",0,0,"0,0213",0,"0,9174","0,0612","0,2358","0,2202","259,19","276,04",,
tienda_mes,4472,1/6/2026,CONGELADO,Veterana,25,193,9.028,"46,56","1,06","3,38","7,15",0,0,"1,09","2,22","3,55","10,53","18,45","1,06","3,38","7,15",0,0,"1,05","2,22","2,87","10,53","17,74",0,0,0,0,0,"0,0338",0,"0,6785",0,"0,7123","0,0581","0,1809","0,3883",0,0,"0,0584","0,1206","0,1937","0,5692","0,0604","0,1885","0,4029",0,0,"0,0587","0,1251","0,1645","0,5914",0,0,0,0,0,"0,0833",0,"0,9167",0,"0,3996","0,3839","152,67","158,41",,
tienda_mes,4472,1/6/2026,FRESCOS,Veterana,25,224,17.159,"76,32","1,31",0,0,"19,08","1,28","0,9238","4,37","3,13","19,08","30,1","1,25",0,0,"19,08","1,28","0,9238","4,25","2,37","19,08","29,17","0,0595",0,0,0,0,0,"0,1129","0,7621",0,"0,9344","0,044",0,0,"0,6335","0,0426","0,0305","0,1446","0,1049","0,6335","0,0436",0,0,"0,6534","0,044","0,0316","0,1456","0,0818","0,6534","0,0479",0,0,0,0,0,"0,0775","0,8746",0,"0,3962","0,3837","153,82","158,74",,
tienda_mes,4472,1/6/2026,FYV,Veterana,25,177,15.946,"89,1","1,59",0,0,"10,91","4,63","1,23","3,86","2,61","10,91","24,84","1,55",0,0,"10,81","4,58","1,23","3,86","1,92","10,81","23,95","0,0422",0,0,"0,103","0,0456",0,0,"0,6946","0,103","0,8854","0,0638",0,0,"0,4373","0,1861","0,0498","0,1562","0,1068","0,4373","0,0648",0,0,"0,4494","0,1905","0,0517","0,1619","0,0818","0,4494","0,0242",0,0,"0,0591","0,0833",0,0,"0,8333","0,0591","0,2997","0,2885","216,3","223,57",,
tienda_mes,4472,1/6/2026,HORNO,Veterana,25,117,3.237,"27,93","0,5938","1,66","2,13",0,0,"0,8661","4,21","0,649","3,78","10,11","0,5938","1,66","2,13",0,0,"0,8661","4,21","0,5214","3,78","9,98",0,0,0,0,0,0,0,"0,1275",0,"0,1275","0,0585","0,1633","0,2098",0,0,"0,0861","0,4195","0,0628","0,3731","0,0588","0,1652","0,2128",0,0,"0,0867","0,4233","0,0531","0,3781",0,0,0,0,0,0,0,1,0,"0,3689","0,3659","172,75","175,46",,
tienda_mes,4472,1/6/2026,PENDIENTES,Veterana,25,93,767,"8,22","1,21","1,34","1,84",0,0,"0,5038","2,69","2,31","3,18","9,89","1,21","1,34","1,84",0,0,"0,5038","2,69","1,59","3,18","9,17",0,0,0,0,0,0,0,"0,723",0,"0,723","0,1256","0,135","0,1784",0,0,"0,0559","0,267","0,2381","0,3134","0,1347","0,143","0,192",0,0,"0,0586","0,2868","0,1849","0,335",0,0,0,0,0,0,0,1,0,"1,31","1,23","50,49","55,17",,
tienda_mes,4480,1/6/2026,GLOBAL,Liebre,26,,182.527,,,,,,,,,,,,,,,,,,,,,,,,,,,,,,,,,,,,,,,,,,,,,,,,,,,,,,,,,,,,,,,"0,2959","0,2803"
tienda_mes,4480,1/6/2026,SECOS,Veterana,26,700,99.296,"141,6","1,3","9,89","20,77",0,0,"0,6338","0,7009","4,15","30,66","37,44","1,29","9,82","20,69",0,0,"0,6136","0,7009","2,16","30,51","35,27","0,0121","0,0756","0,0728",0,0,"0,0202",0,"1,99","0,1484","2,17","0,0347","0,2641","0,5542",0,0,"0,017","0,0188","0,1112","0,8183","0,0365","0,2782","0,5865",0,0,"0,0174","0,0199","0,0615","0,8646","0,0047","0,0316","0,0284",0,0,"0,0079",0,"0,9274","0,0601","0,2654","0,25","226,89","240,95",,
tienda_mes,4480,1/6/2026,REFRIGERADO,Veterana,26,300,32.806,"109,05","0,9762","5,61","12,95",0,0,"0,9212","2,53","3,18","18,56","26,17","0,8913","5,51","12,69",0,0,"0,9212","2,53","2,45","18,2","24,98","0,0849","0,1057","0,2571",0,0,0,0,"0,7362","0,3628","1,18","0,0373","0,2139","0,4951",0,0,"0,0352","0,0965","0,122","0,709","0,0358","0,2199","0,5088",0,0,"0,0368","0,1009","0,0978","0,7287","0,056","0,1173","0,1723",0,0,0,0,"0,6544","0,2896","0,2406","0,2296","250,57","262,39",,
tienda_mes,4480,1/6/2026,CONGELADO,Veterana,26,231,10.020,"42,94","1,28","2,18","7,3",0,0,"0,8352","2,1","3,53","9,49","17,23","1,28","2,18","7,22",0,0,"0,8352","2,04","2,08","9,4","15,64",0,0,"0,0854",0,0,0,"0,0595","1,45","0,0854","1,6","0,0756","0,1271","0,4242",0,0,"0,0494","0,1217","0,2019","0,5514","0,082","0,14","0,4649",0,0,"0,0534","0,13","0,1296","0,6049",0,0,"0,0727",0,0,0,"0,037","0,8904","0,0727","0,404","0,3683","150,53","166,44",,
tienda_mes,4480,1/6/2026,FRESCOS,Veterana,26,279,19.569,"70,08","1,44",0,0,"18,1","1,27","1,12","3,63","3,24","18,1","28,79","1,41",0,0,"17,91","1,24","1,12","3,57","2,15","17,91","27,39","0,0289",0,0,"0,1911","0,0333",0,"0,0576","1,09","0,1911","1,4","0,0504",0,0,"0,6292","0,0439","0,0388","0,1264","0,1114","0,6292","0,0517",0,0,"0,6531","0,045","0,0408","0,1302","0,0792","0,6531","0,0095",0,0,"0,2037","0,0123",0,"0,0323","0,7422","0,2037","0,4116","0,3917","147,09","154,04",,
tienda_mes,4480,1/6/2026,FYV,Veterana,26,229,18.223,"79,63","1,34",0,0,"12,67","5,04","1,38","3,04","3,16","12,67","26,63","1,34",0,0,"12,6",5,"1,38","3,04","2,37","12,6","25,74",0,0,0,"0,0693","0,0377",0,0,"0,7892","0,0693","0,8962","0,0506",0,0,"0,4748","0,1896","0,0518","0,1144","0,1189","0,4748","0,0522",0,0,"0,4889","0,1946","0,0536","0,1185","0,0922","0,4889",0,0,0,"0,0533","0,0526",0,0,"0,8941","0,0533","0,3363","0,3248","179,43","185,62",,
tienda_mes,4480,1/6/2026,HORNO,Veterana,26,120,2.357,"19,47","0,6283","1,32","2,37",0,0,"0,505","3,54","2,14","3,7","10,51","0,6283","1,32","2,31",0,0,"0,505","3,54","1,35","3,64","9,66",0,0,"0,0606",0,0,0,0,"0,792","0,0606","0,8526","0,0613","0,1239","0,2218",0,0,"0,0507","0,3461","0,1961","0,3458","0,0647","0,1334","0,2392",0,0,"0,0537","0,3715","0,1374","0,3727",0,0,"0,1",0,0,0,0,"0,9","0,1","0,5561","0,514","115,5","125,02",,
tienda_mes,4480,1/6/2026,PENDIENTES,Veterana,22,50,256,"4,49","0,8001","0,7481","0,4835",0,0,"0,7631","1,27","3,48","1,23","7,55","0,8001","0,7481","0,4835",0,0,"0,7631","1,27","2,13","1,23","6,2",0,0,0,0,0,0,0,"1,36",0,"1,36","0,1195","0,0825","0,054",0,0,"0,1146","0,1498","0,4797","0,1364","0,1434","0,0976","0,0675",0,0,"0,1374","0,1965","0,3575","0,1652",0,0,0,0,0,0,0,1,0,"2,36","1,98","35,85","45,07",,
tienda_mes,4491,1/6/2026,GLOBAL,Liebre,26,,137.133,,,,,,,,,,,,,,,,,,,,,,,,,,,,,,,,,,,,,,,,,,,,,,,,,,,,,,,,,,,,,,,"0,3092","0,2912"
tienda_mes,4491,1/6/2026,SECOS,Veterana,26,548,75.227,"136,33","1,84","10,12","22,59",0,0,"0,8393","1,11","3,78","32,71","40,28","1,77","10,04","22,34",0,0,"0,8393","1,06","2,69","32,38","38,74","0,0769","0,0734","0,257",0,0,0,"0,0449","1,09","0,3303","1,54","0,0459","0,2513","0,5609",0,0,"0,0209","0,0272","0,0938","0,8122","0,0458","0,2594","0,5764",0,0,"0,0217","0,0272","0,0696","0,8358","0,0388","0,0385","0,1968",0,0,0,"0,023","0,7029","0,2353","0,2966","0,2853","203,13","211,22",,
tienda_mes,4491,1/6/2026,REFRIGERADO,Veterana,26,217,21.968,"100,86","1,09","5,53","10,11",0,0,"1,02","2,23","3,36","15,63","23,33","1,05","5,53","9,76",0,0,"0,906","2,23","2,2","15,28","21,67","0,0426",0,"0,3493",0,0,"0,1122",0,"1,16","0,3493","1,66","0,047","0,2362","0,4334",0,0,"0,0433","0,0955","0,1446","0,6696","0,0481","0,2544","0,4511",0,0,"0,0418","0,1025","0,1021","0,7055","0,0258",0,"0,2089",0,0,"0,0662",0,"0,6991","0,2089","0,2324","0,2155","260,32","280,58",,
tienda_mes,4491,1/6/2026,CONGELADO,Veterana,26,171,7.088,"41,35","1,1","2,7","5,64",0,0,"0,5341","2,28","4,14","8,34","16,4","1,03","2,7","5,64",0,0,"0,5341","2,17","2,22","8,34","14,3","0,0706",0,0,0,0,0,"0,1109","1,92",0,"2,1","0,0675","0,1653","0,344",0,0,"0,0327","0,1395","0,2509","0,5093","0,0725","0,1887","0,3953",0,0,"0,0369","0,1524","0,1541","0,584","0,0252",0,0,0,0,0,"0,0345","0,9404",0,"0,3999","0,3497","152,09","175,13",,
tienda_mes,4491,1/6/2026,FRESCOS,Veterana,26,218,15.770,"72,05","1,42",0,0,"17,4","1,19","0,9536","3,68","4,76","17,4","29,41","1,28",0,0,"17,13","1,19","0,9536","3,68","2,36","17,13","26,59","0,1465",0,0,"0,2707",0,0,0,"2,4","0,2707","2,82","0,0482",0,0,"0,592","0,0403","0,0323","0,1249","0,1623","0,592","0,0479",0,0,"0,6442","0,0442","0,0358","0,138","0,09","0,6442","0,0326",0,0,"0,0757",0,0,0,"0,8917","0,0757","0,4117","0,3714","148,54","163,75",,
tienda_mes,4491,1/6/2026,FYV,Veterana,26,174,14.960,"84,75","1,58",0,0,"10,36","4,87","1,84","3,75","2,92","10,36","25,31","1,5",0,0,"10,18","4,81","1,64","3,75","2,06","10,18","23,93","0,079",0,0,"0,1816","0,064","0,196",0,"0,8617","0,1816","1,38","0,0624",0,0,"0,4101","0,1923","0,0727","0,1467","0,1158","0,4101","0,0626",0,0,"0,4253","0,2009","0,0689","0,1551","0,0871","0,4253","0,0611",0,0,"0,1435","0,033","0,0881",0,"0,6743","0,1435","0,3065","0,2895","202,09","213,76",,
tienda_mes,4491,1/6/2026,HORNO,Veterana,26,97,1.889,"19,62","0,4018","1,24","1,81",0,0,"0,7349","4,35","0,3791","3,05","8,91","0,3092","1,24","1,81",0,0,"0,7349","4,28","0,3791","3,05","8,74","0,0926",0,0,0,0,0,"0,076",0,0,"0,1686","0,037","0,1321","0,2096",0,0,"0,0834","0,4925","0,0454","0,3417","0,0328","0,1335","0,2106",0,0,"0,0844","0,4932","0,0455","0,3441","0,5493",0,0,0,0,0,"0,4507",0,0,"0,4657","0,4548","138,09","138,67",,
tienda_mes,4491,1/6/2026,PENDIENTES,Veterana,26,63,231,"3,55","0,4155","0,3837","0,2901",0,0,"0,6456","1,38","3,84","0,6738","6,95","0,4155","0,3837","0,2901",0,0,"0,6456","1,25","1,94","0,6738","4,92",0,0,0,0,0,0,"0,1318","1,9",0,"2,04","0,069","0,058","0,0439",0,0,"0,1194","0,2094","0,5002","0,1019","0,0944","0,0749","0,0492",0,0,"0,1684","0,2509","0,3623","0,124",0,0,0,0,0,0,"0,0492","0,9508",0,"2,76","1,82","51,21","60,44",,
tienda_mes,4534,1/6/2026,GLOBAL,Liebre,26,,67.544,,,,,,,,,,,,,,,,,,,,,,,,,,,,,,,,,,,,,,,,,,,,,,,,,,,,,,,,,,,,,,,"0,3078","0,2909"
tienda_mes,4534,1/6/2026,SECOS,Veterana,26,301,39.281,"129,09","1,18","9,84","18,75",0,0,"1,16","1,17","4,24","28,58","36,32","1,16","9,84","18,55",0,0,"1,12","1,14","2,6","28,39","34,41","0,0206",0,"0,1927",0,0,"0,0341","0,0292","1,64","0,1927","1,91","0,0321","0,2707","0,5156",0,0,"0,0325","0,0322","0,1169","0,7863","0,0333","0,2856","0,539",0,0,"0,0329","0,0331","0,0761","0,8246","0,0435",0,"0,0779",0,0,"0,0435","0,0118","0,8234","0,0779","0,282","0,2671","213,78","225,58",,
tienda_mes,4534,1/6/2026,REFRIGERADO,Veterana,26,124,11.200,"90,43","0,5961","4,81","9,36",0,0,"0,5592","2,58","3,29","14,17","21,2","0,5961","4,77","9,27",0,0,"0,5592","2,58","2,55","14,04","20,33",0,"0,0483","0,082",0,0,0,0,"0,741","0,1303","0,8713","0,0288","0,2285","0,4431",0,0,"0,0271","0,1202","0,1524","0,6716","0,0298","0,2357","0,4567",0,0,"0,028","0,125","0,1248","0,6923",0,"0,0522","0,1111",0,0,0,0,"0,8367","0,1633","0,2352","0,2255","257,22","268,22",,
tienda_mes,4534,1/6/2026,CONGELADO,Veterana,26,107,4.210,"39,65","0,5414","2,17","5,29",0,0,"0,5659","2,13","3,02","7,46","13,72","0,5414","2,17","5,29",0,0,"0,5659","2,04","2,35","7,46","12,96",0,0,0,0,0,0,"0,0951","0,6642",0,"0,7593","0,0402","0,158","0,388",0,0,"0,0403","0,1535","0,2201","0,5459","0,043","0,1665","0,4103",0,0,"0,0423","0,1569","0,1809","0,5769",0,0,0,0,0,0,"0,1111","0,8889",0,"0,3546","0,3332","173,59","183,52",,
tienda_mes,4534,1/6/2026,FRESCOS,Veterana,26,116,6.475,"56,05","0,8345",0,0,"13,61","0,9318","0,5765","3,16","4,19","13,61","23,31","0,8345",0,0,"13,55","0,9318","0,5765","3,16","2,45","13,55","21,51",0,0,0,"0,0635",0,0,0,"1,74","0,0635","1,8","0,0362",0,0,"0,5841","0,041","0,0253","0,1356","0,1778","0,5841","0,0392",0,0,"0,6294","0,0439","0,0271","0,1473","0,113","0,6294",0,0,0,"0,0216",0,0,0,"0,9784","0,0216","0,4229","0,3884","145,68","157,62",,
tienda_mes,4534,1/6/2026,FYV,Veterana,26,92,4.825,"52,62","0,9599",0,0,"6,5","2,95","1,1","2,73","3,11","6,5","17,36","0,9599",0,0,"6,44","2,95","1,1","2,58","2,33","6,44","16,36",0,0,0,"0,0619",0,0,"0,1526","0,7795","0,0619","0,994","0,0559",0,0,"0,375","0,1677","0,0641","0,158","0,1794","0,375","0,0594",0,0,"0,3936","0,1781","0,0677","0,1569","0,1443","0,3936",0,0,0,"0,1",0,0,"0,0935","0,8065","0,1","0,3368","0,3161","183,76","195,2",,
tienda_mes,4534,1/6/2026,HORNO,Veterana,26,59,729,"12,52","0,5217","1,42","1,88",0,0,"1,47","3,84","0,3085","3,3","9,45","0,5217","1,42","1,88",0,0,"1,47","3,67","0,1831","3,3","9,15",0,0,0,0,0,0,"0,1766","0,1254",0,"0,302","0,0602","0,1467","0,1962",0,0,"0,1634","0,4023","0,0311","0,3429","0,0616","0,1492","0,2013",0,0,"0,1688","0,3974","0,0217","0,3505",0,0,0,0,0,0,"0,5","0,5",0,"0,7791","0,7534","82,38","84,19",,
tienda_mes,4534,1/6/2026,PENDIENTES,Veterana,26,93,822,"7,9","0,4545","0,8506","2,34",0,0,"0,3876","2,13","1,55","3,19","7,71","0,3738","0,8506","2,34",0,0,"0,3876","2,13","0,9183","3,19",7,"0,0807",0,0,0,0,0,0,"0,6276",0,"0,7083","0,0674","0,108","0,3029",0,0,"0,0608","0,2761","0,1847","0,4109","0,0602","0,1164","0,3193",0,0,"0,0673","0,2986","0,1382","0,4358","0,1429",0,0,0,0,0,0,"0,8571",0,"1,11","1,01","67,89","75,84",,
tienda_mes,4544,1/6/2026,GLOBAL,Liebre,25,,194.736,,,,,,,,,,,,,,,,,,,,,,,,,,,,,,,,,,,,,,,,,,,,,,,,,,,,,,,,,,,,,,,"0,3141","0,304"
tienda_mes,4544,1/6/2026,SECOS,Veterana,25,723,110.182,"151,88","0,9605","13,44","24,21",0,0,"0,7814","1,01","4,53","37,65","44,94","0,9605","13,41","24,2",0,0,"0,7814","0,9855","2,79","37,61","43,13",0,"0,0296","0,0171",0,0,0,"0,0241","1,74","0,0466","1,81","0,0214","0,2988","0,539",0,0,"0,0174","0,0224","0,101","0,8378","0,0223","0,3106","0,5614",0,0,"0,0181","0,0228","0,0648","0,872",0,"0,0166","0,0164",0,0,0,"0,0122","0,9549","0,0329","0,2965","0,2845","202,92","211,49",,
tienda_mes,4544,1/6/2026,REFRIGERADO,Veterana,25,290,32.585,"112,04","0,8491","8,02","13,19",0,0,"1,21","2,73","3,62","21,21","29,62","0,8491","8,02","13,17",0,0,"1,21","2,71","2,89","21,19","28,85",0,0,"0,0188",0,0,0,"0,0188","0,7266","0,0188","0,7642","0,0287","0,2702","0,4455",0,0,"0,0409","0,0921","0,1225","0,7158","0,0294","0,2775","0,4564",0,0,"0,042","0,094","0,1008","0,7339",0,0,"0,0176",0,0,0,"0,0103","0,9721","0,0176","0,2652","0,2585","227,11","233,18",,
tienda_mes,4544,1/6/2026,CONGELADO,Veterana,25,244,13.233,"54,19","0,8412","4,06","8,03",0,0,"0,9498","2,21","3,13","12,09","19,22","0,8412","4,06","8,03",0,0,"0,9498","2,21","2,69","12,09","18,78",0,0,0,0,0,0,0,"0,4393",0,"0,4393","0,0441","0,211","0,418",0,0,"0,0493","0,1152","0,1624","0,629","0,0449","0,2159","0,4276",0,0,"0,0504","0,1179","0,1433","0,6435",0,0,0,0,0,0,0,1,0,"0,3584","0,3505","169,5","173,39",,
tienda_mes,4544,1/6/2026,FRESCOS,Veterana,25,272,19.878,"72,89","0,8821",0,0,"17,09","1,28","1,26","4,09","3,14","17,09","27,74","0,8821",0,0,"17,09","1,28","1,23","4,09","2,49","17,09","27,06",0,0,0,0,0,"0,0281",0,"0,6546",0,"0,6826","0,0317",0,0,"0,6165","0,0458","0,0455","0,1471","0,1134","0,6165","0,0325",0,0,"0,6319","0,047","0,0458","0,1508","0,092","0,6319",0,0,0,0,0,"0,0588",0,"0,9412",0,"0,3814","0,3721","158,27","162,27",,
tienda_mes,4544,1/6/2026,FYV,Veterana,25,192,14.510,"75,99","1,38",0,0,"11,13","5,02","0,8988","3,9","2,73","11,13","25,04","1,38",0,0,"11,13","4,99","0,8988","3,9","2,35","11,13","24,63",0,0,0,0,"0,0305",0,0,"0,3739",0,"0,4044","0,0553",0,0,"0,443","0,2003","0,036","0,156","0,1094","0,443","0,0562",0,0,"0,4504","0,2024","0,0366","0,1585","0,0959","0,4504",0,0,0,0,"0,1111",0,0,"0,8889",0,"0,3331","0,3276","181,7","184,69",,
tienda_mes,4544,1/6/2026,HORNO,Veterana,25,137,3.241,"23,61","0,2768","1,06","1,88",0,0,"0,7049","4,3","0,3285","2,94","8,54","0,2768","1,06","1,88",0,0,"0,7049","4,3","0,3285","2,94","8,54",0,0,0,0,0,0,0,0,0,0,"0,033","0,1223","0,2202",0,0,"0,0819","0,5043","0,0382","0,3425","0,033","0,1223","0,2202",0,0,"0,0819","0,5043","0,0382","0,3425",,,,,,,,,,"0,3677","0,3677","166,81","166,81",,
tienda_mes,4544,1/6/2026,PENDIENTES,Veterana,25,159,1.105,"6,91","1,09","1,65","1,82",0,"0,0025","0,6746","2,56","2,82","3,47","10,62","0,9617","1,61","1,72",0,"0,0025","0,6746","2,56","1,84","3,33","9,38","0,1311","0,0395","0,0938",0,0,0,0,"0,9747","0,1333","1,24","0,1078","0,1519","0,1648",0,"0,0002","0,0651","0,2407","0,2695","0,3167","0,1054","0,1679","0,1772",0,"0,0002","0,073","0,2732","0,203","0,3451","0,1176","0,0272","0,0588",0,0,0,0,"0,7964","0,086","1,65","1,46","39,62","44,93",,
tienda_mes,4556,1/6/2026,GLOBAL,Liebre,25,,62.021,,,,,,,,,,,,,,,,,,,,,,,,,,,,,,,,,,,,,,,,,,,,,,,,,,,,,,,,,,,,,,,"0,3017","0,2844"
tienda_mes,4556,1/6/2026,SECOS,Veterana,25,255,33.819,"130,86","1,26","11,34","19,07",0,0,"0,9791","0,8927","4,1","30,4","37,63","1,15","11,34","18,76",0,0,"0,9791","0,8675","2,77","30,1","35,87","0,1056",0,"0,3038",0,0,0,"0,0252","1,33","0,3038","1,77","0,0339","0,3012","0,5056",0,0,"0,0261","0,0237","0,1095","0,8068","0,0325","0,315","0,5226",0,0,"0,0273","0,0243","0,0782","0,8377","0,043",0,"0,1126",0,0,0,"0,0147","0,8297","0,1126","0,2891","0,2764","208,66","218,86",,
tienda_mes,4556,1/6/2026,REFRIGERADO,Veterana,25,110,12.021,"105,31","1,01","5,88","9,26",0,0,"1,06","2,1","3,61","15,14","22,92","1,01","5,88","8,88",0,0,"1,06","2,1","1,88","14,77","20,82",0,0,"0,3716",0,0,0,0,"1,73","0,3716","2,1","0,0432","0,2593","0,4044",0,0,"0,0471","0,091","0,1549","0,6637","0,0478","0,2819","0,4256",0,0,"0,0515","0,0995","0,0936","0,7075",0,0,"0,149",0,0,0,0,"0,851","0,149","0,2397","0,2199","274,09","301,14",,
tienda_mes,4556,1/6/2026,CONGELADO,Veterana,25,99,4.509,"44,62",1,"3,06","6,19",0,0,"0,7891","1,75","3,54","9,25","16,34","0,8481","3,06","6,15",0,0,"0,7891","1,75","3,01","9,21","15,61","0,1566",0,"0,0411",0,0,0,0,"0,5297","0,0411","0,7274","0,0653","0,1829","0,3729",0,0,"0,0482","0,1073","0,2235","0,5558","0,057","0,1922","0,388",0,0,"0,0514","0,1133","0,1981","0,5801","0,1795",0,"0,0482",0,0,0,0,"0,7723","0,0482","0,3793","0,3638","166,69","180,9",,
tienda_mes,4556,1/6/2026,FRESCOS,Veterana,25,97,5.732,"58,68","1,03",0,0,"13,63","1,12","1,08","3,65","4,1","13,63","24,62","1,03",0,0,"13,58","1,12","1,08","3,59","2,17","13,58","22,56",0,0,0,"0,0562",0,0,"0,0587","1,94","0,0562","2,05","0,0422",0,0,"0,5563","0,0461","0,0441","0,1487","0,1625","0,5563","0,0456",0,0,"0,6","0,0503","0,0476","0,1594","0,0971","0,6",0,0,0,"0,0342",0,0,"0,0667","0,8991","0,0342","0,4262","0,3911","144,01","156,26",,
tienda_mes,4556,1/6/2026,FYV,Veterana,25,80,4.760,"59,23","1,44",0,0,"7,58","3,79","1,04","3,16","2,93","7,58","19,95","1,44",0,0,"7,49","3,73","1,04","3,16","2,05","7,49","18,9",0,0,0,"0,0941","0,0664",0,0,"0,8857","0,0941","1,05","0,0739",0,0,"0,3789","0,1887","0,0519","0,1597","0,1469","0,3789","0,0791",0,0,"0,3932","0,1949","0,0547","0,1688","0,1092","0,3932",0,0,0,"0,125","0,125",0,0,"0,75","0,125","0,3512","0,3306","177,14","186,3",,
tienda_mes,4556,1/6/2026,HORNO,Veterana,25,58,855,"15,04","0,7226","1,11","2,02",0,0,"0,2184","1,3","0,0788","3,13","5,46","0,5668","1,11","2,02",0,0,"0,2184","1,3","0,0788","3,13","5,3","0,1558",0,0,0,0,0,0,0,0,"0,1558","0,124","0,1996","0,371",0,0,"0,0437","0,2469","0,0149","0,5705","0,1097","0,2018","0,3791",0,0,"0,0442","0,2504","0,0149","0,5809",1,0,0,0,0,0,0,0,0,"0,3791","0,3735","169,45","173,12",,
tienda_mes,4556,1/6/2026,PENDIENTES,Veterana,25,41,325,"9,05","0,5997","0,7855","1,8",0,0,"0,8382",3,"2,44","2,58","9,46","0,5997","0,7855","1,41",0,0,"0,8382",3,"1,45","2,2","8,08",0,0,"0,3836",0,0,0,0,"0,9962","0,3836","1,38","0,0721","0,0681","0,1468",0,0,"0,1078","0,3183","0,2869","0,2149","0,0831","0,0813","0,1464",0,0,"0,1239","0,354","0,2113","0,2278",0,0,"0,25",0,0,0,0,"0,75","0,25","1,44","1,26","52,06","61,63",,
tienda_mes,4558,1/6/2026,GLOBAL,Liebre,25,,95.809,,,,,,,,,,,,,,,,,,,,,,,,,,,,,,,,,,,,,,,,,,,,,,,,,,,,,,,,,,,,,,,"0,303","0,2911"
tienda_mes,4558,1/6/2026,SECOS,Veterana,25,384,57.272,"150,04","1,06","12,39","23,36",0,0,"1,38","1,46","2,66","35,75","42,31","0,9686","11,74","22,25",0,0,"1,26","1,46","2,05","33,98","39,72","0,0934","0,6579","1,11",0,0,"0,1191",0,"0,6043","1,77","2,59","0,0252","0,2909","0,5534",0,0,"0,0328","0,0344","0,0633","0,8443","0,0244","0,2948","0,5601",0,0,"0,0317","0,0365","0,0523","0,855","0,046","0,1196","0,4264",0,0,"0,0553",0,"0,3528","0,546","0,2858","0,2697","213,36","227,28",,
tienda_mes,4558,1/6/2026,REFRIGERADO,Veterana,25,147,13.489,"88,62","0,9618","5,63","8,57",0,0,"1,16","1,99","2,31","14,2","20,63","0,9618","5,63","8,57",0,0,"1,16","1,99","1,94","14,2","20,26",0,0,0,0,0,0,0,"0,3727",0,"0,3727","0,0474","0,2737","0,4152",0,0,"0,057","0,0965","0,1103","0,6889","0,0481","0,2777","0,4222",0,0,"0,0578","0,0977","0,0966","0,6998",0,0,0,0,0,0,0,1,0,"0,2336","0,2299","258,96","262,72",,
tienda_mes,4558,1/6/2026,CONGELADO,Veterana,25,125,5.020,"39,34","0,7693","2,68","5,69",0,0,"0,5778","1,92","1,73","8,36","13,37","0,7693","2,68","5,69",0,0,"0,5778","1,92","1,73","8,36","13,37",0,0,0,0,0,0,0,0,0,0,"0,0568","0,2006","0,423",0,0,"0,0442","0,1446","0,1309","0,6236","0,0568","0,2006","0,423",0,0,"0,0442","0,1446","0,1309","0,6236",,,,,,,,,,"0,3432","0,3432","176,41","176,41",,
tienda_mes,4558,1/6/2026,FRESCOS,Veterana,25,138,9.557,"67,66","1,7",0,0,"17,01","0,9159","0,5422","3,1","1,89","17,01","25,16","1,34",0,0,"17,01","0,9159","0,5422","3,1","1,79","17,01","24,7","0,3601",0,0,0,0,0,0,"0,096",0,"0,4561","0,0672",0,0,"0,6741","0,036","0,0219","0,1263","0,0745","0,6741","0,0558",0,0,"0,6849","0,0366","0,0222","0,1283","0,0722","0,6849","0,6",0,0,0,0,0,0,"0,4",0,"0,3758","0,3695","161,67","164,25",,
tienda_mes,4558,1/6/2026,FYV,Veterana,25,113,8.182,"68,82","1,47",0,0,"10,56","3,84","1,06","2,79","2,72","10,56","22,44","1,36",0,0,"10,56","3,84","1,06","2,79","2,17","10,56","21,78","0,1117",0,0,0,0,0,0,"0,5528",0,"0,6645","0,0679",0,0,"0,4706","0,1688","0,0462","0,1242","0,1223","0,4706","0,065",0,0,"0,4843","0,1736","0,0474","0,1279","0,1018","0,4843","0,158",0,0,0,0,0,0,"0,842",0,"0,3432","0,3325","183,57","188,88",,
tienda_mes,4558,1/6/2026,HORNO,Veterana,25,82,1.744,"20,48","1,73","1,75","1,64",0,0,"1,43","4,64","0,3148","3,39","11,5","1,73","1,75","1,64",0,0,"1,43","4,48","0,3148","3,39","11,34",0,0,0,0,0,0,"0,1607",0,0,"0,1607","0,1564","0,1511","0,1402",0,0,"0,1284","0,397","0,027","0,2913","0,1575","0,1523","0,1411",0,0,"0,1294","0,3927","0,027","0,2934",0,0,0,0,0,0,1,0,0,"0,5881","0,5794","108,21","108,86",,
tienda_mes,4558,1/6/2026,PENDIENTES,Veterana,25,69,545,"7,45","1,22","1,62","1,49",0,0,"0,4875","2,43","1,97","3,11","9,21","1,22","1,62","1,49",0,0,"0,4875","2,43","1,51","3,11","8,75",0,0,0,0,0,0,0,"0,4608",0,"0,4608","0,1634","0,1377","0,1422",0,0,"0,079","0,2412","0,2365","0,2799","0,1699","0,1494","0,1467",0,0,"0,0838","0,2558","0,1944","0,2961",0,0,0,0,0,0,0,1,0,"1,73","1,61","46,99","49,82",,
tienda_mes,4631,1/6/2026,GLOBAL,Liebre,26,,38.017,,,,,,,,,,,,,,,,,,,,,,,,,,,,,,,,,,,,,,,,,,,,,,,,,,,,,,,,,,,,,,,"0,3168","0,3079"
tienda_mes,4631,1/6/2026,SECOS,No veterana,26,153,22.514,"144,88","0,7018","12,39","20,96",0,0,"1,42","1,15","3,87","33,35","40,48","0,7018","12,39","20,85",0,0,"1,42","1,15","3,3","33,23","39,8",0,0,"0,1138",0,0,0,0,"0,5658","0,1138","0,6796","0,0172","0,305","0,5163",0,0,"0,0347","0,0282","0,0985","0,8213","0,0175","0,3099","0,5224",0,0,"0,0353","0,0287","0,0862","0,8323",0,0,"0,1342",0,0,0,0,"0,8658","0,1342","0,2811","0,2766","217,6",221,,
tienda_mes,4631,1/6/2026,REFRIGERADO,No veterana,26,79,6.554,"85,19","0,445","7,47","9,01",0,0,"0,8334","2,64","3,36","16,47","23,75","0,445","7,47","9,01",0,0,"0,8334","2,64","2,66","16,47","23,05",0,0,0,0,0,0,0,"0,703",0,"0,703","0,0196","0,308","0,38",0,0,"0,0356","0,1133","0,1435","0,688","0,0202","0,3167","0,3909",0,0,"0,0367","0,116","0,1196","0,7076",0,0,0,0,0,0,0,1,0,"0,2801","0,2715","221,34","226,74",,
tienda_mes,4631,1/6/2026,CONGELADO,No veterana,26,56,1.996,"35,78","0,4212","3,14","4,96",0,0,"1,02","2,19","3,86","8,1","15,6","0,4212","3,14","4,96",0,0,"1,02","2,19","2,95","8,1","14,68",0,0,0,0,0,0,0,"0,9173",0,"0,9173","0,0304","0,1981","0,3175",0,0,"0,0659","0,1395","0,2487","0,5155","0,0317","0,2087","0,3343",0,0,"0,0702","0,1465","0,2086","0,543",0,0,0,0,0,0,0,1,0,"0,4611","0,4331","140,71","147,01",,
tienda_mes,4631,1/6/2026,FRESCOS,No veterana,26,68,3.077,"45,7","0,6573",0,0,"12,04","0,6267","1,12","3,8","2,74","12,04","20,98","0,6573",0,0,"11,83","0,6267","1,03","3,8","2,4","11,83","20,33",0,0,0,"0,2115",0,"0,0944",0,"0,3449","0,2115","0,6509","0,0309",0,0,"0,5747","0,0296","0,0529","0,1779","0,1341","0,5747","0,0318",0,0,"0,582","0,0301","0,0508","0,1828","0,1225","0,582",0,0,0,"0,4",0,"0,2",0,"0,4","0,4","0,4672","0,4535","135,58","139,09",,
tienda_mes,4631,1/6/2026,FYV,No veterana,26,55,3.188,"59,49","1,02",0,0,"6,9","3,38","1,63","3,31","2,63","6,9","18,87","1,02",0,0,"6,9","3,38","1,63","3,31","1,94","6,9","18,18",0,0,0,0,0,0,0,"0,6872",0,"0,6872","0,0561",0,0,"0,361","0,1781","0,0878","0,1742","0,1428","0,361","0,0587",0,0,"0,3747","0,1843","0,0911","0,1817","0,1095","0,3747",0,0,0,0,0,0,0,1,0,"0,3425","0,3281","190,39","197,24",,
tienda_mes,4631,1/6/2026,HORNO,No veterana,26,49,513,"10,42","0,4869","0,8813","1,31",0,0,"1,25","2,44","1,84","2,19","8,2","0,4869","0,8813","1,31",0,0,"1,25","2,44","0,6966","2,19","7,06",0,0,0,0,0,0,0,"1,14",0,"1,14","0,0699","0,1147","0,14",0,0,"0,1891","0,3207","0,1656","0,2547","0,0722","0,1233","0,1585",0,0,"0,1999","0,3489","0,0972","0,2818",0,0,0,0,0,0,0,1,0,"0,8689","0,7619","84,78","92,08",,
tienda_mes,4631,1/6/2026,PENDIENTES,No veterana,23,39,174,"4,17","0,21","0,2267","0,2281",0,"0,024","0,4316","0,8094","1,33","0,4548","3,26","0,21","0,2267","0,2281",0,"0,024","0,4316","0,8094","1,33","0,4548","3,26",0,0,0,0,0,0,0,0,0,0,"0,072","0,0709","0,0538",0,"0,0072","0,1959","0,2421","0,3581","0,1247","0,072","0,0709","0,0538",0,"0,0072","0,1959","0,2421","0,3581","0,1247",,,,,,,,,,"1,29","1,29","86,38","86,38",,
tienda_mes,4641,1/6/2026,GLOBAL,Liebre,25,,23.912,,,,,,,,,,,,,,,,,,,,,,,,,,,,,,,,,,,,,,,,,,,,,,,,,,,,,,,,,,,,,,,"0,2623","0,2516"
tienda_mes,4641,1/6/2026,SECOS,Veterana,25,94,13.454,"143,52","0,5183","10,33","18,55",0,0,"0,4091","0,454","4,04","28,88","34,3","0,3243","10,33","18,55",0,0,"0,4091","0,454","2,92","28,88","32,98","0,194",0,0,0,0,0,0,"1,12",0,"1,31","0,0172","0,3026","0,5365",0,0,"0,0122","0,0134","0,118","0,8391","0,0099","0,3134","0,5594",0,0,"0,0128","0,0139","0,0906","0,8728","0,1",0,0,0,0,0,0,"0,9",0,"0,2412","0,2316","251,6","262,24",,
tienda_mes,4641,1/6/2026,REFRIGERADO,Veterana,25,45,4.041,"91,16","0,3285","5,93","9,84",0,0,"0,5651","1,01","3,21","15,77","20,88","0,3285","5,93","9,84",0,0,"0,5651","1,01","2,73","15,77","20,4",0,0,0,0,0,0,0,"0,478",0,"0,478","0,0165","0,2833","0,4704",0,0,"0,0277","0,0486","0,1536","0,7537","0,0173","0,2873","0,4838",0,0,"0,0279","0,0493","0,1345","0,7711",0,0,0,0,0,0,0,1,0,"0,2316","0,2264","264,57","271,06",,
tienda_mes,4641,1/6/2026,CONGELADO,Veterana,25,34,1.411,"44,26","0,3486","3,43","5,72",0,0,"0,622","1,58","4,64","9,15","16,35","0,3486","3,43","5,72",0,0,"0,622","1,58","2,95","9,15","14,65",0,0,0,0,0,0,0,"1,69",0,"1,69","0,0223","0,2055","0,3503",0,0,"0,0385","0,0943","0,2892","0,5558","0,028","0,2241","0,3951",0,0,"0,0413","0,1045","0,207","0,6192",0,0,0,0,0,0,0,1,0,"0,3772","0,3401","164,17","185,37",,
tienda_mes,4641,1/6/2026,FRESCOS,Veterana,25,43,2.362,"57,12","0,4859",0,0,"11,64","0,7865","0,6458","2,86","1,34","11,64","17,76","0,4859",0,0,"11,64","0,7865","0,6458","2,86","1,34","11,64","17,76",0,0,0,0,0,0,0,0,0,0,"0,0284",0,0,"0,6545","0,0422","0,0368","0,1627","0,0755","0,6545","0,0284",0,0,"0,6545","0,0422","0,0368","0,1627","0,0755","0,6545",,,,,,,,,,"0,3244","0,3244","191,63","191,63",,
tienda_mes,4641,1/6/2026,FYV,Veterana,25,31,1.939,"65,42","0,6931",0,0,"7,38","4,17","0,8198","2,24","3,29","7,38","18,6","0,6931",0,0,"7,38","4,17","0,8198","2,24","2,16","7,38","17,46",0,0,0,0,0,0,0,"1,14",0,"1,14","0,0439",0,0,"0,3812","0,2187","0,0445","0,1184","0,1932","0,3812","0,0471",0,0,"0,4126","0,2335","0,0473","0,1276","0,1319","0,4126",0,0,0,0,0,0,0,1,0,"0,3087","0,2886","208,06","226,56",,
tienda_mes,4641,1/6/2026,HORNO,Veterana,25,26,504,"19,64","0,3072","1,34","1,8",0,0,"0,3072","2,45","1,76","3,14","7,97","0,3072","1,34","1,8",0,0,"0,3072","2,45","0,4711","3,14","6,68",0,0,0,0,0,0,0,"1,29",0,"1,29","0,0633","0,181","0,2296",0,0,"0,0633","0,3384","0,1244","0,4106","0,0652","0,1892","0,2441",0,0,"0,0657","0,3615","0,0743","0,4333",0,0,0,0,0,0,0,1,0,"0,4384","0,3581","172,9","184,97",,
tienda_mes,4641,1/6/2026,PENDIENTES,Veterana,23,23,201,"8,74","0,3129","1,06","0,9764",0,0,"0,2319","1,4","0,2192","2,03","4,19","0,3129","1,06","0,9764",0,0,"0,2319","1,4","0,2192","2,03","4,19",0,0,0,0,0,0,0,0,0,0,"0,1062","0,2196","0,1769",0,0,"0,0816","0,3722","0,0434","0,3965","0,1062","0,2196","0,1769",0,0,"0,0816","0,3722","0,0434","0,3965",,,,,,,,,,"0,7279","0,7279","218,94","218,94",,
tienda_mes,4661,1/6/2026,GLOBAL,Liebre,26,,139.207,,,,,,,,,,,,,,,,,,,,,,,,,,,,,,,,,,,,,,,,,,,,,,,,,,,,,,,,,,,,,,,"0,3171","0,292"
tienda_mes,4661,1/6/2026,SECOS,Veterana,26,503,75.400,"148,97","0,8452","12,89","24,92",0,0,"0,6813","1,01","5,11","37,81","45,46","0,8239","12,89","24,71",0,0,"0,6715","0,9691","2,44","37,59","42,5","0,0212",0,"0,2186",0,0,"0,0097","0,0411","2,67","0,2186","2,96","0,0186","0,2827","0,5487",0,0,"0,0148","0,022","0,1131","0,8314","0,0194","0,3026","0,5819",0,0,"0,0156","0,0225","0,058","0,8845","0,0062",0,"0,0501",0,0,"0,0029","0,0091","0,9317","0,0501","0,3057","0,2857","196,62","210,42",,
tienda_mes,4661,1/6/2026,REFRIGERADO,Veterana,26,212,22.463,"105,66","0,65","7,18","13,18",0,0,"0,7963","2,22","4,89","20,36","28,91","0,65","7,18","13,02",0,0,"0,7963","2,22","2,51","20,19","26,36",0,0,"0,1624",0,0,0,0,"2,39","0,1624","2,55","0,0224","0,248","0,4572",0,0,"0,0276","0,0772","0,1675","0,7053","0,0248","0,272","0,4945",0,0,"0,0301","0,0845","0,0941","0,7665",0,0,"0,0678",0,0,0,0,"0,9322","0,0678","0,2744","0,2502","220,16","241,11",,
tienda_mes,4661,1/6/2026,CONGELADO,Veterana,26,177,9.221,"51,8","0,4224","3,92","8,55",0,0,"0,5122","1,88","4,53","12,46","19,82","0,4224","3,92","8,38",0,0,"0,4596","1,84","1,69","12,3","16,71",0,0,"0,1648",0,0,"0,0526","0,0481","2,84","0,1648","3,1","0,0212","0,1976","0,4322",0,0,"0,0256","0,0952","0,2283","0,6298","0,0256","0,233","0,5043",0,0,"0,027","0,1094","0,1008","0,7372",0,0,"0,0342",0,0,"0,0137","0,0125","0,9396","0,0342","0,3881","0,3259","157,36","186,48",,
tienda_mes,4661,1/6/2026,FRESCOS,Veterana,26,202,15.778,"77,8","0,526",0,0,"19,56","1,3","0,9052","3,18","5,6","19,56","31,08","0,526",0,0,"19,5","1,24","0,9052","3,18","2,15","19,5","27,5",0,0,0,"0,0673","0,0551",0,0,"3,45","0,0673","3,58","0,017",0,0,"0,6297","0,0417","0,0293","0,1023","0,1799","0,6297","0,0192",0,0,"0,7094","0,045","0,0331","0,1151","0,0783","0,7094",0,0,0,"0,0227","0,0385",0,0,"0,9389","0,0227","0,4007","0,3551","150,88","170,53",,
tienda_mes,4661,1/6/2026,FYV,Veterana,26,165,13.455,"81,23","0,7921",0,0,"11,18","5,09","0,8176","2,48","3,73","11,18","24,09","0,7921",0,0,"11,03","5,06","0,8176","2,48","2,39","11,03","22,58",0,0,0,"0,1505","0,0291",0,0,"1,34","0,1505","1,51","0,0331",0,0,"0,4624","0,2121","0,0344","0,1036","0,1543","0,4624","0,0353",0,0,"0,4877","0,2244","0,0366","0,1108","0,1053","0,4877",0,0,0,"0,0394","0,0556",0,0,"0,905","0,0394","0,2992","0,2809","203,75","217,33",,
tienda_mes,4661,1/6/2026,HORNO,Veterana,26,109,2.650,"24,68","0,1918","1,15","1,91",0,0,"0,4175","3,13","0,737","3,06","7,54","0,1918","1,15","1,91",0,0,"0,4175","3,13","0,737","3,06","7,54",0,0,0,0,0,0,0,0,0,0,"0,0241","0,1509","0,2489",0,0,"0,0577","0,4204","0,0981","0,3997","0,0241","0,1509","0,2489",0,0,"0,0577","0,4204","0,0981","0,3997",,,,,,,,,,"0,3093","0,3093","200,07","200,07",,
tienda_mes,4661,1/6/2026,PENDIENTES,Veterana,26,56,233,"4,12","0,4198","0,3503","0,427",0,0,"0,3361","0,8165","4,34","0,7773","6,69","0,4198","0,3503","0,427",0,0,"0,3361","0,8165","2,08","0,7773","4,43",0,0,0,0,0,0,0,"2,26",0,"2,26","0,0764","0,0538","0,0544",0,0,"0,0605","0,1245","0,6303","0,1083","0,1147","0,0893","0,0836",0,0,"0,093","0,1914","0,428","0,1729",0,0,0,0,0,0,0,1,0,"2,72","1,73","40,94",60,,
tienda_mes,4678,1/6/2026,GLOBAL,Liebre,26,,76.567,,,,,,,,,,,,,,,,,,,,,,,,,,,,,,,,,,,,,,,,,,,,,,,,,,,,,,,,,,,,,,,"0,2944","0,2861"
tienda_mes,4678,1/6/2026,SECOS,No veterana,26,270,42.531,"158,04","1,7","12,54","22,65",0,0,"1,03","1,12","3,81","35,18","42,84","1,65","12,48","22,29",0,0,"1,03","1,12","2,59","34,77","41,16","0,0503","0,0556","0,3517",0,0,0,0,"1,21","0,4073","1,67","0,0398","0,2934","0,5272",0,0,"0,0242","0,0263","0,0891","0,8206","0,0403","0,3036","0,5401",0,0,"0,0253","0,0273","0,0634","0,8437","0,0236","0,0176","0,0996",0,0,0,0,"0,8592","0,1172","0,272","0,2616","221,18","230,19",,
tienda_mes,4678,1/6/2026,REFRIGERADO,No veterana,26,128,13.232,"103,81","0,5967","7,98","9,74",0,0,1,"1,92","2,86","17,71","24,1","0,5967","7,98","9,74",0,0,1,"1,92","2,86","17,71","24,1",0,0,0,0,0,0,0,0,0,0,"0,0249","0,3297","0,405",0,0,"0,0418","0,0796","0,1189","0,7347","0,0249","0,3297","0,405",0,0,"0,0418","0,0796","0,1189","0,7347",,,,,,,,,,"0,2327","0,2327","258,56","258,56",,
tienda_mes,4678,1/6/2026,CONGELADO,No veterana,26,116,6.517,"56,37","0,7697","4,55","6,96",0,0,"1,17","2,33","3,34","11,51","19,12","0,7697","4,49","6,96",0,0,"1,17","2,23","2,87","11,45","18,48",0,"0,058",0,0,0,0,"0,1001","0,4753","0,058","0,6334","0,0411","0,2374","0,3627",0,0,"0,0622","0,1208","0,1758","0,6001","0,0426","0,2429","0,3752",0,0,"0,0646","0,1199","0,1548","0,6181",0,"0,0678",0,0,0,0,"0,0895","0,8426","0,0678","0,3429","0,3323","176,78","183,06",,
tienda_mes,4678,1/6/2026,FRESCOS,No veterana,26,112,7.534,"67,92","1,24",0,0,"16,95","1,14","1,09","4,88","2,55","16,95","27,84","1,24",0,0,"16,79","1,09","1,09","4,72","2,24","16,79","27,17",0,0,0,"0,1573","0,0469",0,"0,1587","0,3047","0,1573","0,6676","0,0455",0,0,"0,6074","0,0406","0,0395","0,175","0,0919","0,6074","0,0465",0,0,"0,6169","0,0395","0,0403","0,1737","0,0831","0,6169",0,0,0,"0,2222","0,1111",0,"0,2222","0,4444","0,2222","0,4133","0,4035","146,55","149,89",,
tienda_mes,4678,1/6/2026,FYV,No veterana,26,83,5.132,"62,14","1,55",0,0,"8,25","4,68","1,42","3,81","1,93","8,25","21,63","1,55",0,0,"8,01","4,45","1,42","3,75","1,84","8,01","21,01",0,0,0,"0,2415","0,2348",0,"0,0581","0,0923","0,2415","0,6266","0,0731",0,0,"0,3812","0,2138","0,0668","0,1754","0,0897","0,3812","0,0747",0,0,"0,3806","0,2102","0,0684","0,1778","0,0882","0,3806",0,0,0,"0,4243","0,2471",0,"0,0786","0,25","0,4243","0,3626","0,3554","171,66","177,16",,
tienda_mes,4678,1/6/2026,HORNO,No veterana,26,64,1.358,"21,54","0,5319",2,"1,47",0,0,"1,11","3,12","0,1846","3,47","8,42","0,5319",2,"1,47",0,0,"1,11","3,12","0,1846","3,47","8,42",0,0,0,0,0,0,0,0,0,0,"0,06","0,2309","0,1748",0,0,"0,1354","0,3758","0,0231","0,4057","0,06","0,2309","0,1748",0,0,"0,1354","0,3758","0,0231","0,4057",,,,,,,,,,"0,4093","0,4093","154,53","154,53",,
tienda_mes,4678,1/6/2026,PENDIENTES,No veterana,26,36,263,"7,72","0,9491","1,15","1,23",0,0,"0,8559","3,08","2,2","2,39","9,47","0,9491","0,8856","1,23",0,0,"0,8559","3,08","1,91","2,12","8,91",0,"0,2667",0,0,0,0,0,"0,2911","0,2667","0,5579","0,1238","0,1142","0,1026",0,0,"0,1049","0,2953","0,2593","0,2168","0,133","0,0934","0,1026",0,0,"0,132","0,3042","0,2349","0,196",0,"0,5",0,0,0,0,0,"0,5","0,5","2,38","1,95","48,33","49,19",,
tienda_mes,4694,1/6/2026,GLOBAL,Liebre,26,,85.083,,,,,,,,,,,,,,,,,,,,,,,,,,,,,,,,,,,,,,,,,,,,,,,,,,,,,,,,,,,,,,,"0,3001","0,2495"
tienda_mes,4694,1/6/2026,SECOS,Veterana,26,302,46.166,"150,27","0,4691","8,45","27,1",0,0,"0,2469","0,4879","7,98","35,55","44,74","0,4278","8,43","26,48",0,0,"0,2469","0,4879","0,8026","34,92","36,88","0,0413","0,016","0,6163",0,0,0,0,"7,18","0,6323","7,86","0,0104","0,188","0,6053",0,0,"0,0057","0,0108","0,1798","0,7933","0,0117","0,228","0,7183",0,0,"0,0069","0,0131","0,022","0,9463","0,0048","0,0016","0,0768",0,0,0,0,"0,9168","0,0784","0,2986","0,246","202,32","245,57",,
tienda_mes,4694,1/6/2026,REFRIGERADO,Veterana,26,143,14.852,"103,04","0,1749","6,98","11,35",0,0,"0,269","1,06","6,43","18,33","26,27","0,1749","6,98","11,35",0,0,"0,269","0,9226","1,27","18,33","20,96",0,0,0,0,0,0,"0,1389","5,17",0,"5,31","0,0069","0,264","0,4348",0,0,"0,0105","0,0405","0,2432","0,6988","0,0086","0,3339","0,5413",0,0,"0,0129","0,0431","0,0602","0,8752",0,0,0,0,0,0,"0,0439","0,9561",0,"0,2554","0,2037","236,77","296,24",,
tienda_mes,4694,1/6/2026,CONGELADO,Veterana,26,121,6.006,"48,41","0,452","3,07","7,47",0,0,"0,4182","1,37","5,09","10,54","17,87","0,452","3,07","7,4",0,0,"0,4182","1,37","1,28","10,46","13,98",0,0,"0,0758",0,0,0,0,"3,81","0,0758","3,89","0,026","0,1738","0,4181",0,0,"0,0242","0,0779","0,28","0,5919","0,0331","0,2175","0,5313",0,0,"0,0294","0,0992","0,0894","0,7488",0,0,"0,0097",0,0,0,0,"0,9903","0,0097","0,3739","0,2932","164,59","210,2",,
tienda_mes,4694,1/6/2026,FRESCOS,Veterana,26,133,8.991,"66,46","0,6245",0,0,"13,82","1,21","1,1","2,84","4,86","13,82","24,46","0,6245",0,0,"13,7","1,16","1,05","2,84","1,86","13,7","21,24",0,0,0,"0,1123","0,0484","0,0527",0,3,"0,1123","3,22","0,0264",0,0,"0,567","0,0494","0,0447","0,1178","0,1947","0,567","0,03",0,0,"0,6467","0,0544","0,0495","0,1338","0,0856","0,6467",0,0,0,"0,0274","0,0079","0,0086",0,"0,9561","0,0274","0,3704","0,3226","163,44","187,84",,
tienda_mes,4694,1/6/2026,FYV,Veterana,26,103,7.419,"70,35","0,7108",0,0,"6,87","4,19","1,21","2,36","4,51","6,87","19,84","0,7108",0,0,"6,8","4,19","1,21","2,36","1,26","6,8","16,52",0,0,0,"0,0712",0,0,0,"3,25","0,0712","3,32","0,0375",0,0,"0,3482","0,2137","0,0636","0,1227","0,2143","0,3482","0,0438",0,0,"0,4087","0,2533","0,0742","0,1438","0,0762","0,4087",0,0,0,"0,0078",0,0,0,"0,9922","0,0078","0,288","0,2407","216,76","254,95",,
tienda_mes,4694,1/6/2026,HORNO,Veterana,26,73,1.580,"21,41","0,1294","0,8393","1,29",0,0,"0,1803","1,79","0,1832","2,13","4,41","0,1294","0,8393","1,29",0,0,"0,1803","1,79","0,1832","2,13","4,41",0,0,0,0,0,0,0,0,0,0,"0,0305","0,1896","0,289",0,0,"0,0413","0,4086","0,041","0,4786","0,0305","0,1896","0,289",0,0,"0,0413","0,4086","0,041","0,4786",,,,,,,,,,"0,2105","0,2105","295,02","295,02",,
tienda_mes,4694,1/6/2026,PENDIENTES,Veterana,14,16,69,"4,54","0,1337","0,2147","0,0944",0,0,"0,2114","0,3578","6,83","0,3091","7,84","0,1337","0,2147","0,0944",0,0,"0,2114","0,3578","0,5275","0,3091","1,54",0,0,0,0,0,0,0,"6,3",0,"6,3","0,0969","0,0735","0,0071",0,0,"0,0523","0,0625","0,7077","0,0806","0,1783","0,1377","0,0402",0,0,"0,2294","0,2821","0,1324","0,1779",0,0,0,0,0,0,0,1,0,"4,64","0,8924","82,18","194,49",,
tienda_mes,4769,1/6/2026,GLOBAL,Liebre,25,,81.236,,,,,,,,,,,,,,,,,,,,,,,,,,,,,,,,,,,,,,,,,,,,,,,,,,,,,,,,,,,,,,,"0,309","0,2982"
tienda_mes,4769,1/6/2026,SECOS,Veterana,25,321,46.891,"145,55","1,38",11,"22,75",0,0,"1,24","1,11","3,02","33,75","40,49","1,35","10,93","22,33",0,0,"1,22","1,09","2,38","33,26","39,3","0,0271","0,0659","0,4175",0,0,"0,0179","0,0154","0,6479","0,4833","1,19","0,0344","0,271","0,5617",0,0,"0,0307","0,0275","0,0748","0,8326","0,0347","0,2774","0,5681",0,0,"0,0311","0,0279","0,0607","0,8456","0,0278","0,0295","0,2576",0,0,"0,0123","0,0127","0,66","0,2871","0,2801","0,272","215,69","222,21",,
tienda_mes,4769,1/6/2026,REFRIGERADO,Veterana,25,132,13.078,"98,61","0,7795","5,83","13,26",0,0,"1,1","1,67","3,43","19,09","26,07","0,7795","5,83","13,09",0,0,"1,1","1,67","2,79","18,92","25,25",0,0,"0,1735",0,0,0,0,"0,6422","0,1735","0,8156","0,0306","0,2227","0,5087",0,0,"0,0434","0,0649","0,1298","0,7314","0,0316","0,2294","0,5172",0,0,"0,0447","0,067","0,1101","0,7466",0,0,"0,245",0,0,0,0,"0,755","0,245","0,2657","0,2577","228,04","235,11",,
tienda_mes,4769,1/6/2026,CONGELADO,Veterana,25,113,4.922,"43,08","1,25","3,26","7,21",0,0,"1,11","1,33","3,55","10,47","17,71","1,25","3,26","7,11",0,0,"1,11","1,33","2,75","10,38","16,82",0,0,"0,0921",0,0,0,0,"0,8001","0,0921","0,8922","0,0718","0,1829","0,4054",0,0,"0,0629","0,0759","0,201","0,5883","0,0763","0,1925","0,4223",0,0,"0,0665","0,0797","0,1627","0,6148",0,0,"0,1111",0,0,0,0,"0,8889","0,1111","0,417","0,3946","146,3","153,93",,
tienda_mes,4769,1/6/2026,FRESCOS,Veterana,25,127,9.011,"71,05","1,75",0,0,"17,68","0,8864","0,9826","2,98","3,9","17,68","28,18","1,75",0,0,"17,5","0,8864","0,9826","2,98","2,51","17,5","26,61",0,0,0,"0,1855",0,0,0,"1,39","0,1855","1,58","0,0628",0,0,"0,6271","0,031","0,0352","0,1061","0,1377","0,6271","0,0665",0,0,"0,6572","0,0327","0,0374","0,112","0,0942","0,6572",0,0,0,"0,1433",0,0,0,"0,8567","0,1433","0,4037","0,3809","151,44","160,26",,
tienda_mes,4769,1/6/2026,FYV,Veterana,25,100,5.723,"57,47","1,61",0,0,"8,93","3,65","1,48","2,54","2,68","8,93","20,88","1,54",0,0,"8,93","3,65","1,41","2,54","2,07","8,93","20,13","0,0701",0,0,0,0,"0,0699",0,"0,6169",0,"0,757","0,0782",0,0,"0,4263","0,1745","0,072","0,1238","0,1252","0,4263","0,0773",0,0,"0,4408","0,1801","0,0709","0,128","0,1029","0,4408","0,0867",0,0,0,0,"0,1667",0,"0,7466",0,"0,3676","0,3554","165,9","171,55",,
tienda_mes,4769,1/6/2026,HORNO,Veterana,25,65,1.433,"22,01","1,29","1,83","1,76",0,0,"1,02","2,87","0,0715","3,58","8,84","1,29","1,83","1,76",0,0,"1,02","2,87","0,0715","3,58","8,84",0,0,0,0,0,0,0,0,0,0,"0,142","0,2011","0,1977",0,0,"0,1201","0,3302","0,0088","0,3988","0,142","0,2011","0,1977",0,0,"0,1201","0,3302","0,0088","0,3988",,,,,,,,,,"0,4291","0,4291","153,08","153,08",,
tienda_mes,4769,1/6/2026,PENDIENTES,Veterana,23,42,178,"4,27","0,7811","0,8701","1,13",0,0,"0,7074","1,26","2,41",2,"7,17","0,7811","0,6964","0,9699",0,0,"0,7074","1,26","1,54","1,67","5,96",0,"0,1737","0,165",0,0,0,0,"0,8709","0,3387","1,21","0,1121","0,0977","0,111",0,0,"0,1213","0,179","0,3788","0,2087","0,1276","0,0896","0,1269",0,0,"0,145","0,208","0,3029","0,2165",0,"0,1667","0,1667",0,0,0,0,"0,6667","0,3333","2,64","2,34","46,28","56,81",,
tienda_mes,4770,1/6/2026,GLOBAL,Liebre,25,,75.484,,,,,,,,,,,,,,,,,,,,,,,,,,,,,,,,,,,,,,,,,,,,,,,,,,,,,,,,,,,,,,,"0,3117","0,303"
tienda_mes,4770,1/6/2026,SECOS,Veterana,25,272,40.897,"148,85","0,7391","16,51","20,67",0,0,"1,59","1,17","3,28","37,18","43,96","0,7391","16,51","20,54",0,0,"1,59","1,17","2,81","37,05","43,36",0,0,"0,1318",0,0,0,0,"0,4692","0,1318","0,6011","0,0169","0,375","0,4698",0,0,"0,0367","0,0268","0,0749","0,8448","0,0171","0,3802","0,4735",0,0,"0,0372","0,0271","0,0648","0,8536",0,0,"0,1372",0,0,0,0,"0,8628","0,1372","0,2969","0,2927","202,8","205,71",,
tienda_mes,4770,1/6/2026,REFRIGERADO,Veterana,25,129,13.348,"102,93","0,3125","8,03","10,62",0,0,"1,51","1,98","2,89","18,65","25,34","0,3125","7,99","10,62",0,0,"1,51","1,98","2,39","18,61","24,81",0,"0,0368",0,0,0,0,0,"0,4987","0,0368","0,5355","0,0124","0,3154","0,4207",0,0,"0,0599","0,0777","0,114","0,7361","0,0126","0,3207","0,4296",0,0,"0,0611","0,0793","0,0967","0,7503",0,"0,0628",0,0,0,0,0,"0,9372","0,0628","0,2476","0,2425","243,65","249,14",,
tienda_mes,4770,1/6/2026,CONGELADO,Veterana,25,108,5.109,"46,8","0,5041","3,87","6,32",0,0,"1,1","1,94","3,06","10,19","16,81","0,5041","3,87","6,32",0,0,"1,1","1,94","2,34","10,19","16,08",0,0,0,0,0,0,0,"0,7258",0,"0,7258","0,0302","0,2298","0,3776",0,0,"0,0653","0,116","0,1812","0,6073","0,0316","0,2403","0,3934",0,0,"0,0687","0,1217","0,1444","0,6336",0,0,0,0,0,0,0,1,0,"0,3652","0,3499","168,59","174,74",,
tienda_mes,4770,1/6/2026,FRESCOS,Veterana,25,122,8.143,"66,45","0,5306",0,0,"15,76","1,31","1,65","4,6","3,77","15,76","27,62","0,5306",0,0,"15,76","1,31","1,37","4,6","2,57","15,76","26,16",0,0,0,0,0,"0,2724",0,"1,19",0,"1,47","0,0194",0,0,"0,5713","0,047","0,0587","0,1672","0,1363","0,5713","0,0205",0,0,"0,6022","0,0497","0,0526","0,176","0,099","0,6022",0,0,0,0,0,"0,2008",0,"0,7992",0,"0,4196","0,3969","144,78","152,32",,
tienda_mes,4770,1/6/2026,FYV,Veterana,25,95,6.003,"63,49","0,9469",0,0,"7,82","4,03","1,41","2,73","3,38","7,82","20,31","0,9469",0,0,"7,82","3,9","1,34","2,73","1,93","7,82","18,66",0,0,0,0,"0,1253","0,0701",0,"1,46",0,"1,65","0,0474",0,0,"0,387","0,1969","0,0703","0,1359","0,1624","0,387","0,0508",0,0,"0,419","0,2087","0,0717","0,1463","0,1036","0,419",0,0,0,0,"0,0344","0,0288",0,"0,9368",0,"0,3249","0,2995","189,94","205,37",,
tienda_mes,4770,1/6/2026,HORNO,Veterana,25,67,1.294,"20,07","0,2153","1,06","1,58",0,0,"0,8317","3,07","0,2631","2,64","7,02","0,2153","1,06","1,58",0,0,"0,8317","3,07","0,2631","2,64","7,02",0,0,0,0,0,0,0,0,0,0,"0,0298","0,1463","0,2153",0,0,"0,1264","0,4435","0,0387","0,3615","0,0298","0,1463","0,2153",0,0,"0,1264","0,4435","0,0387","0,3615",,,,,,,,,,"0,368","0,368","171,64","171,64",,
tienda_mes,4770,1/6/2026,PENDIENTES,Veterana,25,68,690,"9,86","0,3623","0,8481","0,7904",0,0,"0,6805","2,87","1,41","1,64","6,97","0,3623","0,8481","0,7904",0,0,"0,6805","2,87","0,6546","1,64","6,21",0,0,0,0,0,0,0,"0,7593",0,"0,7593","0,0563","0,1284","0,1213",0,0,"0,1204","0,4242","0,1495","0,2496","0,0597","0,1387","0,1256",0,0,"0,1258","0,4565","0,0937","0,2643",0,0,0,0,0,0,0,1,0,"0,8284","0,7077","98,64","106,57",,
tienda_mes,2183,1/7/2026,GLOBAL,Liebre,27,,87.561,,,,,,,,,,,,,,,,,,,,,,,,,,,,,,,,,,,,,,,,,,,,,,,,,,,,,,,,,,,,,,,"0,3142","0,2877"
tienda_mes,2183,1/7/2026,SECOS,Veterana,27,355,47.717,"133,69","1,46","10,29","19,8",0,0,"0,3861","0,5197","5,88","30,09","38,34","1,44","10,26","19,73",0,0,"0,3664","0,5058","2,31","29,99","34,62","0,0145","0,0254","0,071",0,0,"0,0197","0,014","3,57","0,0963","3,71","0,0381","0,2676","0,5168",0,0,"0,0099","0,0135","0,1543","0,7843","0,0417","0,2957","0,5704",0,0,"0,0104","0,0146","0,0672","0,8661","0,0064","0,0054","0,0133",0,0,"0,0046","0,0038","0,9665","0,0187","0,2879","0,2601","209,32","231,97",,
tienda_mes,2183,1/7/2026,REFRIGERADO,Veterana,27,153,14.873,"96,36","0,8331","7,33","11,56",0,0,"0,8122","2,12","3,79","18,9","26,46","0,7984","7,28","11,53",0,0,"0,8122","2,07","2,47","18,81","24,96","0,0347","0,0504","0,0373",0,0,0,"0,058","1,32","0,0877","1,5","0,032","0,2747","0,4394",0,0,"0,0311","0,0803","0,1426","0,714","0,0322","0,2895","0,4631",0,0,"0,0329","0,0833","0,099","0,7526","0,025","0,0137","0,0213",0,0,0,"0,0417","0,8983","0,035","0,2751","0,2601","219,91","233,04",,
tienda_mes,2183,1/7/2026,CONGELADO,Veterana,27,119,5.251,"43,9","0,8399","3,96","6,79",0,0,"0,7953","1,82","3,68","10,75","17,89","0,8399","3,96","6,79",0,0,"0,7953","1,82","1,51","10,75","15,72",0,0,0,0,0,0,0,"2,17",0,"2,17","0,0469","0,2215","0,386",0,0,"0,0436","0,1039","0,1981","0,6075","0,053","0,249","0,4378",0,0,"0,0498","0,1179","0,0925","0,6868",0,0,0,0,0,0,0,1,0,"0,4105","0,3594","149,81","169,27",,
tienda_mes,2183,1/7/2026,FRESCOS,Veterana,27,146,9.601,"65,98","1,15",0,0,"15,72","1,16","0,8474","3,59","4,94","15,72","27,4","1,15",0,0,"15,67","1,16","0,8474","3,55","2,06","15,67","24,43",0,0,0,"0,0443",0,0,"0,0439","2,88","0,0443","2,96","0,0419",0,0,"0,576","0,0421","0,0308","0,1315","0,1776","0,576","0,0468",0,0,"0,6422","0,0473","0,0346","0,1454","0,0838","0,6422",0,0,0,"0,0164",0,0,"0,014","0,9696","0,0164","0,4166","0,3719","145,18","162,51",,
tienda_mes,2183,1/7/2026,FYV,Veterana,27,126,8.481,"67,65","1,62",0,0,"9,63","4,51","1,35","3,51","2,63","9,63","23,25","1,57",0,0,"9,63","4,51","1,35","3,51","1,97","9,63","22,54","0,0511",0,0,0,0,0,0,"0,6626",0,"0,7137","0,0699",0,0,"0,4148","0,1933","0,0583","0,1512","0,1125","0,4148","0,0696",0,0,"0,4274","0,1995","0,0601","0,1561","0,0873","0,4274","0,1111",0,0,0,0,0,0,"0,8889",0,"0,3489","0,3383","174,38","179,89",,
tienda_mes,2183,1/7/2026,HORNO,Veterana,27,76,1.526,"20,13","0,64","1,38","1,49",0,0,"0,3175","3,8","0,5043","2,86","8,13","0,64","1,38","1,49",0,0,"0,3175","3,8","0,2966","2,86","7,92",0,0,0,0,0,0,0,"0,2077",0,"0,2077","0,0827","0,1682","0,1829",0,0,"0,0388","0,4773","0,0501","0,3511","0,0833","0,1706","0,1851",0,0,"0,0389","0,4861","0,0359","0,3558",0,0,0,0,0,0,0,1,0,"0,4144","0,4078","151,15","154,62",,
tienda_mes,2183,1/7/2026,PENDIENTES,Veterana,17,23,90,"3,78","0,2093","0,2215","0,2433",0,0,"0,5564","0,6609","5,04","0,4648","6,93","0,2093","0,2215","0,2433",0,0,"0,5564","0,6609","0,9016","0,4648","2,79",0,0,0,0,0,0,0,"4,13",0,"4,13","0,0663","0,0574","0,0423",0,0,"0,103","0,1177","0,6133","0,0997","0,0942","0,1243","0,073",0,0,"0,2081","0,2222","0,2782","0,1973",0,0,0,0,0,0,0,1,0,"2,5","1,13","61,32","98,78",,
tienda_mes,2749,1/7/2026,GLOBAL,Liebre,27,,96.626,,,,,,,,,,,,,,,,,,,,,,,,,,,,,,,,,,,,,,,,,,,,,,,,,,,,,,,,,,,,,,,"0,3217","0,3137"
tienda_mes,2749,1/7/2026,SECOS,Veterana,27,379,53.465,"140,79","2,56","11,42","24,46",0,0,"1,7","1,4","2,43","35,88","43,96","2,4","11,31","24,11",0,0,"1,64","1,4","2,07","35,41","42,93","0,1561","0,1182","0,3524",0,0,"0,0592",0,"0,3519","0,4706","1,04","0,0587","0,2569","0,5584",0,0,"0,0384","0,0318","0,0557","0,8153","0,0566","0,2601","0,5639",0,0,"0,038","0,0325","0,0489","0,824","0,2111","0,0729","0,2512",0,0,"0,1001",0,"0,3646","0,3242","0,3121","0,3051","194,22","198,69",,
tienda_mes,2749,1/7/2026,REFRIGERADO,Veterana,27,151,14.923,"98,32","1,77","4,33","11,92",0,0,"1,14","2,15","1,21","16,26","22,53","1,54","4,33","11,89",0,0,"1,14","2,15","1,17","16,22","22,22","0,2349",0,"0,0395",0,0,0,0,"0,0413","0,0395","0,3157","0,0763","0,1931","0,5284",0,0,"0,0514","0,0957","0,0552","0,7215","0,0683","0,1955","0,5334",0,0,"0,0519","0,0969","0,054","0,7289","0,6211",0,"0,1289",0,0,0,0,"0,25","0,1289","0,2301","0,2273","263,38","266,87",,
tienda_mes,2749,1/7/2026,CONGELADO,Veterana,27,141,7.159,"50,65","2,19",3,"8,94",0,0,"1,29","1,99","1,94","11,94","19,34","2,09",3,"8,9",0,0,"1,29","1,99","1,8","11,9","19,07","0,0916",0,"0,0438",0,0,0,0,"0,1334","0,0438","0,2688","0,1132","0,1523","0,4656",0,0,"0,066","0,1025","0,1003","0,618","0,1101","0,1541","0,4689",0,0,"0,0672","0,1038","0,0959","0,623","0,3819",0,"0,1181",0,0,0,0,"0,5","0,1181","0,3864","0,3812","158,92","160,75",,
tienda_mes,2749,1/7/2026,FRESCOS,Veterana,27,157,11.133,"70,4","2,7",0,0,"15,86","1,38","1,13","4,09","2,68","15,86","27,83","2,3",0,0,"15,7","1,38","1,07","3,99","1,92","15,7","26,36","0,3962",0,0,"0,1609",0,"0,0577","0,0951","0,7573","0,1609","1,47","0,0988",0,0,"0,5686","0,0493","0,0401","0,1495","0,0937","0,5686","0,0883",0,0,"0,5928","0,0518","0,0403","0,154","0,0728","0,5928","0,27",0,0,"0,125",0,"0,0625","0,0625","0,48","0,125","0,3983","0,3773","154,18","161,95",,
tienda_mes,2749,1/7/2026,FYV,Veterana,27,131,7.577,"58,25","2,76",0,0,"8,19","3,61","1,75","2,68","1,3","8,19","20,3","2,55",0,0,"8,11","3,61","1,58","2,68","1,3","8,11","19,83","0,2145",0,0,"0,0834",0,"0,1707",0,0,"0,0834","0,4685","0,1375",0,0,"0,4017","0,1759","0,0858","0,1324","0,0667","0,4017","0,1294",0,0,"0,4068","0,1797","0,0797","0,1356","0,0686","0,4068","0,3842",0,0,"0,2966",0,"0,3192",0,0,"0,2966","0,3548","0,3474","173,22","177,59",,
tienda_mes,2749,1/7/2026,HORNO,Veterana,27,83,1.856,"22,67","0,2853","1,05","1,68",0,0,"1,02","4,01","0,339","2,73","8,39","0,2853","1,05","1,68",0,0,"1,02","4,01","0,1489","2,73","8,2",0,0,0,0,0,0,0,"0,1901",0,"0,1901","0,0349","0,1209","0,188",0,0,"0,1242","0,4953","0,0367","0,3089","0,0359","0,1232","0,1912",0,0,"0,1272","0,5047","0,0178","0,3144",0,0,0,0,0,0,0,1,0,"0,3834","0,3769","164,17","170,85",,
tienda_mes,2749,1/7/2026,PENDIENTES,Veterana,27,74,512,"7,24","1,01","2,19","1,07",0,0,"0,4436","2,39","0,8392","3,26","7,95","0,7986","2,01","1,07",0,0,"0,4436","2,39","0,7019","3,08","7,42","0,2122","0,1795",0,0,0,0,0,"0,1373","0,1795","0,5291","0,1295","0,2712","0,1201",0,0,"0,0639","0,3017","0,1135","0,3913","0,1176","0,2681","0,1273",0,0,"0,0674","0,3144","0,1052","0,3954","0,4","0,4",0,0,0,0,0,"0,2","0,4","1,34","1,24","55,78","58,18",,
tienda_mes,2946,1/7/2026,GLOBAL,Liebre,27,,21.455,,,,,,,,,,,,,,,,,,,,,,,,,,,,,,,,,,,,,,,,,,,,,,,,,,,,,,,,,,,,,,,"0,3008","0,2805"
tienda_mes,2946,1/7/2026,SECOS,No veterana,27,83,10.883,"136,45","0,8173","9,61","19,44",0,0,"1,13","0,83","3,48","29,05","35,31","0,8173","9,61","18,83",0,0,"1,13","0,6434","2,2","28,44","33,23",0,0,"0,6098",0,0,0,"0,1866","1,28","0,6098","2,07","0,0238","0,2702","0,5474",0,0,"0,0339","0,0229","0,1019","0,8176","0,0249","0,286","0,5641",0,0,"0,0355","0,0201","0,0694","0,8501",0,0,"0,161",0,0,0,"0,026","0,813","0,161","0,2666","0,2529","231,36","246,55",,
tienda_mes,2946,1/7/2026,REFRIGERADO,No veterana,27,47,3.982,"85,13","0,5307","4,53","9,46",0,0,"0,7861","1,57","2,9","13,99","19,78","0,5307","4,53","8,7",0,0,"0,7861","1,57","1,49","13,23","17,61",0,0,"0,7547",0,0,0,0,"1,41","0,7547","2,17","0,0293","0,2371","0,4772",0,0,"0,0432","0,0796","0,1337","0,7142","0,0327","0,2609","0,4908",0,0,"0,0487","0,0862","0,0807","0,7517",0,0,"0,2734",0,0,0,0,"0,7266","0,2734","0,2455","0,2213","275,59","316,1",,
tienda_mes,2946,1/7/2026,CONGELADO,No veterana,27,37,1.283,"35,28","0,7158","2,61","5,08",0,0,"0,7219","1,86","4,23","7,69","15,22","0,7158","2,61","5,08",0,0,"0,7219","1,86","2,54","7,69","13,52",0,0,0,0,0,0,0,"1,69",0,"1,69","0,0474","0,17","0,332",0,0,"0,0523","0,1203","0,278","0,502","0,0512","0,1947","0,3727",0,0,"0,0569","0,132","0,1925","0,5674",0,0,0,0,0,0,0,1,0,"0,4687","0,4228","144,15","163,76",,
tienda_mes,2946,1/7/2026,FRESCOS,No veterana,27,44,2.586,"59,7","0,6574",0,0,"14,08","0,6336","0,9123","3,43","2,97","14,08","22,68","0,6574",0,0,"13,84","0,6336","0,9123","3,43","1,82","13,84","21,29",0,0,0,"0,2388",0,0,0,"1,15","0,2388","1,39","0,0307",0,0,"0,6165","0,0264","0,0422","0,1558","0,1284","0,6165","0,0321",0,0,"0,6431","0,0275","0,0436","0,1635","0,0902","0,6431",0,0,0,"0,0896",0,0,0,"0,9104","0,0896","0,4067","0,3861","161,49",170,,
tienda_mes,2946,1/7/2026,FYV,No veterana,27,39,2.048,"51,8","1,15",0,0,"8,42","3,16","1,27","3,02","1,71","8,42","18,72","1,15",0,0,"8,42","3,16","1,27","3,02","1,44","8,42","18,46",0,0,0,0,0,0,0,"0,2614",0,"0,2614","0,0646",0,0,"0,4442","0,1677","0,0685","0,1588","0,0962","0,4442","0,0654",0,0,"0,4504","0,1703","0,0693","0,1624","0,0822","0,4504",0,0,0,0,0,0,0,1,0,"0,4009","0,3912","170,26","172,23",,
tienda_mes,2946,1/7/2026,HORNO,No veterana,27,27,313,"11,59","0,3825","0,7774","1,11",0,0,"0,766","1,59","2,65","1,89","7,28","0,3825","0,7774","1,11",0,0,"0,766","1,59","0,6661","1,89","5,29",0,0,0,0,0,0,0,"1,99",0,"1,99","0,0601","0,135","0,1464",0,0,"0,132","0,2857","0,2408","0,2814","0,0695","0,1503","0,1575",0,0,"0,1562","0,3365","0,13","0,3078",0,0,0,0,0,0,0,1,0,"0,9563","0,5908","127,53","147,09",,
tienda_mes,2946,1/7/2026,PENDIENTES,No veterana,25,25,360,"14,4","0,2313","0,8497","0,6995",0,0,"0,4341","2,09","0,0983","1,55","4,4","0,2313","0,8497","0,6995",0,0,"0,4341","2,09","0,0983","1,55","4,4",0,0,0,0,0,0,0,0,0,0,"0,0807","0,1796","0,1177",0,0,"0,1528","0,4509","0,0183","0,2973","0,0807","0,1796","0,1177",0,0,"0,1528","0,4509","0,0183","0,2973",,,,,,,,,,"0,4382","0,4382","313,76","313,76",,
tienda_mes,3563,1/7/2026,GLOBAL,Liebre,25,,114.421,,,,,,,,,,,,,,,,,,,,,,,,,,,,,,,,,,,,,,,,,,,,,,,,,,,,,,,,,,,,,,,"0,3276","0,32"
tienda_mes,3563,1/7/2026,SECOS,Veterana,25,435,65.968,"150,78","2,25","10,67","28,51",0,0,"2,37","1,28","2,27","39,17","47,34","1,5","10,65","28,42",0,0,"2,23","1,22","1,97","39,07","45,99","0,7457","0,0193","0,088",0,0,"0,1343","0,0545","0,3032","0,1073","1,34","0,0476","0,2223","0,6049",0,0,"0,0504","0,0269","0,0479","0,8272","0,0329","0,2285","0,6205",0,0,"0,0488","0,0265","0,0428","0,8489","0,4982","0,0455","0,1046",0,0,"0,1074","0,024","0,2204","0,15","0,3149","0,306",191,"196,55",,
tienda_mes,3563,1/7/2026,REFRIGERADO,Veterana,25,172,17.837,"103,17","1,06","7,04","12,03",0,0,"0,8377","2,49","2,71","19,07","26,18","1,02","7,04","12,03",0,0,"0,8377","2,42","2,62","19,07","25,97","0,0435",0,0,0,0,0,"0,0738","0,0967",0,"0,2141","0,0399","0,2671","0,4621",0,0,"0,032","0,0947","0,1042","0,7292","0,0391","0,2693","0,4654",0,0,"0,0322","0,0928","0,1013","0,7347","0,25",0,0,0,0,0,"0,25","0,5",0,"0,2545","0,2525","238,45","240,17",,
tienda_mes,3563,1/7/2026,CONGELADO,Veterana,25,151,7.247,"47,58","1,27","4,07","8,46",0,"0,0005","1,15","2,21","2,8","12,52","19,95","1,27","4,07","8,46",0,"0,0005","1,15","2,21","2,5","12,52","19,66",0,0,0,0,0,0,0,"0,296",0,"0,296","0,064","0,1989","0,429",0,0,"0,0573","0,1103","0,1404","0,6279","0,0649","0,2018","0,4352",0,0,"0,058","0,1121","0,1279","0,637",0,0,0,0,0,0,0,1,0,"0,418","0,4119","145,79","147,99",,
tienda_mes,3563,1/7/2026,FRESCOS,Veterana,25,165,12.252,"73,7","1,35",0,0,"18,34","1,13","0,8408","3,8","3,12","18,34","28,57","1,32",0,0,"18,13","1,13","0,7961","3,8","2,49","18,13","27,67","0,0337",0,0,"0,2011",0,"0,0447",0,"0,6262","0,2011","0,9057","0,0468",0,0,"0,6417","0,0393","0,029","0,132","0,1113","0,6417","0,0473",0,0,"0,6555","0,0407","0,0287","0,1362","0,0916","0,6555","0,0257",0,0,"0,1962",0,"0,0714",0,"0,7067","0,1962","0,3916","0,3792","156,07","161,25",,
tienda_mes,3563,1/7/2026,FYV,Veterana,25,136,8.633,"63,31","1,88",0,0,"10,08","4,27","1,39","3,94","1,62","10,08","23,17","1,88",0,0,"10,08","4,26","1,34","3,94","1,37","10,08","22,87",0,0,0,0,"0,0038","0,0503",0,"0,2499",0,"0,304","0,0814",0,0,"0,4339","0,1837","0,0603","0,1714","0,0693","0,4339","0,0824",0,0,"0,4394","0,1857","0,0591","0,1734","0,06","0,4394",0,0,0,0,"0,1667","0,1667",0,"0,6667",0,"0,3689","0,3642","164,65","166,64",,
tienda_mes,3563,1/7/2026,HORNO,Veterana,25,94,2.028,"21,66","0,6007","1,52","1,86",0,0,"0,3968","3,8","0,1207","3,37","8,29","0,6007","1,52","1,86",0,0,"0,3968","3,8","0,1207","3,37","8,29",0,0,0,0,0,0,0,0,0,0,"0,0653","0,1722","0,22",0,0,"0,0482","0,4772","0,0172","0,3922","0,0653","0,1722","0,22",0,0,"0,0482","0,4772","0,0172","0,3922",,,,,,,,,,"0,3847","0,3847","164,69","164,69",,
tienda_mes,3563,1/7/2026,PENDIENTES,Veterana,24,62,441,"6,88","0,8544","1,14","1,11",0,0,"0,9016","2,14","2,25","2,25","8,4","0,8544","1,14","1,11",0,0,"0,9016","2,14","1,8","2,25","7,96",0,0,0,0,0,0,0,"0,4414",0,"0,4414","0,1088","0,1225","0,1129",0,0,"0,1163","0,2429","0,2966","0,2354","0,1157","0,13","0,1213",0,0,"0,1201","0,2581","0,2548","0,2513",0,0,0,0,0,0,0,1,0,"1,46","1,38","46,69","49,24",,
tienda_mes,3718,1/7/2026,GLOBAL,Liebre,27,,47.536,,,,,,,,,,,,,,,,,,,,,,,,,,,,,,,,,,,,,,,,,,,,,,,,,,,,,,,,,,,,,,,"0,315","0,3084"
tienda_mes,3718,1/7/2026,SECOS,Veterana,27,205,26.788,"130,51","1,9","8,96","21,35",0,0,"1,16","0,8271","2,12","30,31","36,32","1,87","8,96","21,22",0,0,"1,16","0,7977","1,82","30,18","35,83","0,028",0,"0,1282",0,0,0,"0,0294","0,2987","0,1282","0,4843","0,0529","0,2461","0,5881",0,0,"0,0325","0,0228","0,0576","0,8342","0,053","0,2493","0,5919",0,0,"0,0328","0,0223","0,0505","0,8413","0,0461",0,"0,4",0,0,0,"0,0473","0,5066","0,4","0,2809","0,277","216,07","218,68",,
tienda_mes,3718,1/7/2026,REFRIGERADO,Veterana,27,92,7.060,"77,46","1,46","4,36","11,58",0,0,"0,6009","1,38","2,27","15,94","21,64","1,16","4,29","11,45",0,0,"0,6009","1,38","2,2","15,74","21,08","0,303","0,0665","0,1315",0,0,0,0,"0,0623","0,1981","0,5633","0,0667","0,2021","0,5357",0,0,"0,028","0,0631","0,1043","0,7377","0,0563","0,2037","0,5428",0,0,"0,0285","0,0646","0,104","0,7465","0,4275","0,1667","0,3333",0,0,0,0,"0,0725","0,5","0,2804","0,2729","215,67","220,87",,
tienda_mes,3718,1/7/2026,CONGELADO,Veterana,27,80,3.211,"40,56","1,3","2,31","7,03",0,0,"0,9498","1,5","2,45","9,34","15,54","1,2","2,31","7,03",0,0,"0,9498","1,5","1,94","9,34","14,93","0,0999",0,0,0,0,0,0,"0,5107",0,"0,6106","0,0855","0,1502","0,4504",0,0,"0,0619","0,0974","0,1546","0,6006","0,0824","0,1557","0,4672",0,0,"0,0644","0,1007","0,1297","0,6229","0,1016",0,0,0,0,0,0,"0,8984",0,"0,387","0,3729",158,"163,59",,
tienda_mes,3718,1/7/2026,FRESCOS,Veterana,27,95,5.424,"57,58","1,45",0,0,"16,54","0,9762","0,8478","2,83","2,39","16,54","25,03","1,45",0,0,"16,39","0,8236","0,8478","2,83","2,05","16,39","24,39",0,0,0,"0,1495","0,1526",0,0,"0,3413","0,1495","0,6434","0,059",0,0,"0,6575","0,0372","0,0343","0,1147","0,0973","0,6575","0,0606",0,0,"0,6688","0,0329","0,0353","0,1174","0,085","0,6688",0,0,0,"0,2486","0,1667",0,0,"0,5847","0,2486","0,4421","0,4303","138,63","142,09",,
tienda_mes,3718,1/7/2026,FYV,Veterana,27,73,4.007,"57,35","1,78",0,0,"8,98","3,18","1,22","2,5","1,04","8,98","18,71","1,69",0,0,"8,98","3,18","1,22","2,5","0,9637","8,98","18,53","0,0972",0,0,0,0,0,0,"0,0794",0,"0,1766","0,0988",0,0,"0,4693","0,1684","0,068","0,137","0,0586","0,4693","0,0944",0,0,"0,4735","0,1703","0,069","0,1389","0,0538","0,4735","0,5",0,0,0,0,0,0,"0,5",0,"0,3472","0,3415","180,34","181,69",,
tienda_mes,3718,1/7/2026,HORNO,Veterana,27,52,943,"17,81","0,6192","1,12","1,26",0,0,"1,13","3,22",0,"2,39","7,36","0,443","1,12","1,26",0,0,"0,8205","3,22",0,"2,39","6,87","0,1762",0,0,0,0,"0,3138",0,0,0,"0,49","0,0829","0,1622","0,1641",0,0,"0,143","0,4478",0,"0,3263","0,067","0,1659","0,1696",0,0,"0,1282","0,4693",0,"0,3355","0,5",0,0,0,0,"0,5",0,0,0,"0,4566","0,4179","157,31","161,46",,
tienda_mes,3718,1/7/2026,PENDIENTES,Veterana,26,34,102,"3,27","0,5251","0,3177","0,7831",0,"0,0393","0,8793","1,5","1,41","1,1","5,46","0,5251","0,3177","0,7831",0,"0,0393","0,7303","1,5","1,09","1,1","4,99",0,0,0,0,0,"0,1491",0,"0,3168",0,"0,4659","0,122","0,0619","0,1162",0,"0,0025","0,1788","0,2859","0,2328","0,1781","0,1385","0,0647","0,1209",0,"0,0025","0,1618","0,3005","0,2111","0,1856",0,0,0,0,0,"0,5",0,"0,5",0,"1,99","1,68","39,93","42,22",,
tienda_mes,3750,1/7/2026,GLOBAL,Liebre,27,,38.255,,,,,,,,,,,,,,,,,,,,,,,,,,,,,,,,,,,,,,,,,,,,,,,,,,,,,,,,,,,,,,,"0,3036","0,293"
tienda_mes,3750,1/7/2026,SECOS,Veterana,27,165,21.490,"129,29","0,7591","6,86","19,32",0,0,"0,6639","0,5625","4,57","26,18","32,74","0,7185","6,86","19,21",0,0,"0,6639","0,5224","3,38","26,07","31,35","0,0406",0,"0,1178",0,0,0,"0,0401","1,19","0,1178","1,39","0,0226","0,2092","0,5888",0,0,"0,0206","0,0175","0,1414","0,798","0,0224","0,2191","0,611",0,0,"0,0216","0,0168","0,1092","0,8301","0,0526",0,"0,1053",0,0,0,"0,0259","0,8162","0,1053","0,2604","0,2497","236,88","247,68",,
tienda_mes,3750,1/7/2026,REFRIGERADO,Veterana,27,80,5.818,"72,7","0,4124","4,51","10,1",0,0,"0,6846","1,23","3,22","14,62","20,17","0,4124","4,44","9,84",0,0,"0,6846","1,23","2,81","14,28","19,42",0,"0,0768","0,2586",0,0,0,0,"0,4112","0,3355","0,7467","0,0205","0,2189","0,5019",0,0,"0,0343","0,0595","0,1648","0,7208","0,0219","0,2225","0,509",0,0,"0,0364","0,0623","0,148","0,7315",0,"0,094","0,2394",0,0,0,0,"0,6667","0,3333","0,2852","0,2753","214,74","223,02",,
tienda_mes,3750,1/7/2026,CONGELADO,Veterana,27,68,2.204,"32,4","0,4081","2,04","5,63",0,0,"0,6695","1,5","3,61","7,68","13,86","0,4081","2,04","5,54",0,0,"0,6695","1,5","3,21","7,59","13,37",0,0,"0,0882",0,0,0,0,"0,402","0,0882","0,4903","0,0308","0,1436","0,4064",0,0,"0,0498","0,1076","0,2619","0,55","0,0316","0,15","0,4146",0,0,"0,0508","0,1107","0,2423","0,5646",0,0,"0,1806",0,0,0,0,"0,8194","0,1806","0,4536","0,436","138,41","144,23",,
tienda_mes,3750,1/7/2026,FRESCOS,Veterana,27,83,4.479,"53,65","0,3951",0,0,"15,73","0,8227","0,7443","3,1","2,8","15,73","23,59","0,3951",0,0,"15,73","0,8227","0,7443","3,1","2,21","15,73","22,99",0,0,0,0,0,0,0,"0,5923",0,"0,5923","0,0176",0,0,"0,6687","0,0335","0,0324","0,1318","0,1161","0,6687","0,0179",0,0,"0,6837","0,0343","0,0329","0,1348","0,0964","0,6837",0,0,0,0,0,0,0,1,0,"0,4559","0,4454","136,34","139,24",,
tienda_mes,3750,1/7/2026,FYV,Veterana,27,62,3.596,"59,86","0,5558",0,0,"8,67","3,33","0,911","1,86","2,21","8,67","17,53","0,5558",0,0,"8,67","3,33","0,911","1,86","1,93","8,67","17,25",0,0,0,0,0,0,0,"0,2784",0,"0,2784","0,0344",0,0,"0,4898","0,1874","0,0544","0,1075","0,1265","0,4898","0,0347",0,0,"0,495","0,1906","0,0555","0,1085","0,1157","0,495",0,0,0,0,0,0,0,1,0,"0,318","0,3098","202,41","203,99",,
tienda_mes,3750,1/7/2026,HORNO,Veterana,26,50,600,"12,13","0,3007",1,"0,9003",0,0,"1,51","1,5","0,0046","1,9","5,22","0,3007",1,"0,9003",0,0,"1,51","1,5","0,0046","1,9","5,22",0,0,0,0,0,0,0,0,0,0,"0,0561","0,1821","0,1588",0,0,"0,3155","0,2869","0,0005","0,341","0,0561","0,1821","0,1588",0,0,"0,3155","0,2869","0,0005","0,341",,,,,,,,,,"0,4577","0,4577","140,8","140,8",,
tienda_mes,3750,1/7/2026,PENDIENTES,Veterana,15,15,68,"4,53","0,3999","0,2939","0,3178",0,"0,0621","0,7331","0,8722","2,68","0,6117","5,36","0,3999","0,2939","0,3178",0,"0,0621","0,7331","0,8722","2,68","0,6117","5,36",0,0,0,0,0,0,0,0,0,0,"0,1194","0,0552","0,0374",0,"0,0168","0,1614","0,1422","0,4676","0,0926","0,1194","0,0552","0,0374",0,"0,0168","0,1614","0,1422","0,4676","0,0926",,,,,,,,,,"2,11","2,11","71,24","71,24",,
tienda_mes,3769,1/7/2026,GLOBAL,Liebre,27,,64.296,,,,,,,,,,,,,,,,,,,,,,,,,,,,,,,,,,,,,,,,,,,,,,,,,,,,,,,,,,,,,,,"0,3096","0,2773"
tienda_mes,3769,1/7/2026,SECOS,No veterana,27,269,36.922,"136,37","0,2022","10,98","22,18",0,0,"0,2329","0,4626",6,"33,15","40,05","0,2022","10,98","21,68",0,0,"0,2329","0,4626","1,76","32,65","35,31",0,0,"0,4987",0,0,0,0,"4,24","0,4987","4,74","0,005","0,2755","0,5518",0,0,"0,0059","0,0115","0,1503","0,8273","0,0057","0,3114","0,6125",0,0,"0,0067","0,0131","0,0507","0,9238",0,0,"0,0812",0,0,0,0,"0,9188","0,0812","0,2996","0,2644","204,83","232,58",,
tienda_mes,3769,1/7/2026,REFRIGERADO,No veterana,27,117,10.342,"87,92","0,2484","5,33","9,77",0,0,"0,475","1,31","4,08","15,09","21,21","0,2484","5,33","9,65",0,0,"0,475","1,31","3,14","14,98","20,16",0,0,"0,1169",0,0,0,0,"0,9359","0,1169","1,05","0,0119","0,2521","0,4595",0,0,"0,0223","0,0623","0,1921","0,7115","0,0124","0,2644","0,4771",0,0,"0,0234","0,0653","0,1574","0,7415",0,0,"0,0714",0,0,0,0,"0,9286","0,0714","0,2429","0,2312","250,91","263,01",,
tienda_mes,3769,1/7/2026,CONGELADO,No veterana,27,94,3.776,"40,75","0,2222","2,86","6,81",0,0,"0,4898","1,67","5,25","9,67","17,3","0,2222","2,86","6,81",0,0,"0,4898","1,67","3,02","9,67","15,07",0,0,0,0,0,0,0,"2,23",0,"2,23","0,0131","0,1644","0,3917",0,0,"0,0285","0,0963","0,306","0,5561","0,0149","0,1896","0,4539",0,0,"0,033","0,1122","0,1964","0,6435",0,0,0,0,0,0,0,1,0,"0,4338","0,3771","141,22","163,51",,
tienda_mes,3769,1/7/2026,FRESCOS,No veterana,27,105,6.253,"59,76","0,7435",0,0,"13,74","0,7524","1,09","3,25","3,94","13,74","23,51","0,6574",0,0,"13,61","0,7524","1,09","3,25","2,38","13,61","21,73","0,0861",0,0,"0,1354",0,0,0,"1,56","0,1354","1,78","0,0309",0,0,"0,586","0,032","0,0466","0,1398","0,1647","0,586","0,0303",0,0,"0,625","0,0342","0,0502","0,1496","0,1107","0,625","0,0214",0,0,"0,0582",0,0,0,"0,9205","0,0582","0,397","0,3672","154,84","165,82",,
tienda_mes,3769,1/7/2026,FYV,No veterana,27,87,5.618,"65,35","0,7985",0,0,"7,61","4,02","1,04","2,33","4,59","7,61","20,39","0,7985",0,0,"7,61","4,02","1,04","2,33","1,57","7,61","17,37",0,0,0,0,0,0,0,"3,03",0,"3,03","0,0419",0,0,"0,3759","0,1972","0,0528","0,1163","0,2159","0,3759","0,0513",0,0,"0,4351","0,2272","0,0624","0,1381","0,0858","0,4351",0,0,0,0,0,0,0,1,0,"0,3304","0,2727","197,92","227,87",,
tienda_mes,3769,1/7/2026,HORNO,No veterana,27,64,1.122,"18,66","0,2377","1,03","1,07",0,0,"0,9791","2,89","0,1929","2,11","6,41","0,2377","1,03","1,07",0,0,"0,9791","2,89","0,1929","2,11","6,41",0,0,0,0,0,0,0,0,0,0,"0,0323","0,1563","0,1698",0,0,"0,1461","0,4593","0,0362","0,3261","0,0323","0,1563","0,1698",0,0,"0,1461","0,4593","0,0362","0,3261",,,,,,,,,,"0,3641","0,3641","183,61","183,61",,
tienda_mes,3769,1/7/2026,PENDIENTES,No veterana,24,33,263,"9,94","0,1273","0,3129","0,2834",0,0,"0,1856","0,6169","5,81","0,5963","7,33","0,1273","0,3129","0,2834",0,0,"0,1856","0,6169","1,81","0,5963","3,34",0,0,0,0,0,0,0,4,0,4,"0,0253","0,0497","0,0679",0,0,"0,044","0,1155","0,6976","0,1177","0,0698","0,1201","0,0924",0,0,"0,1197","0,236","0,362","0,2125",0,0,0,0,0,0,0,1,0,"2,42","1,04","90,04","422,97",,
tienda_mes,3798,1/7/2026,GLOBAL,Liebre,26,,133.020,,,,,,,,,,,,,,,,,,,,,,,,,,,,,,,,,,,,,,,,,,,,,,,,,,,,,,,,,,,,,,,"0,2935","0,2764"
tienda_mes,3798,1/7/2026,SECOS,Veterana,26,513,75.157,"145,48","0,8309","11,68","23,32",0,0,"0,9549","0,7809","4,44",35,"42,01","0,8107","11,64","22,97",0,0,"0,9549","0,7809","2,57","34,62","39,74","0,0202","0,0309","0,348",0,0,0,0,"1,87","0,3788","2,27","0,0198","0,2777","0,5548",0,0,"0,0228","0,0186","0,1063","0,8325","0,0206","0,2926","0,578",0,0,"0,0241","0,0197","0,065","0,8707","0,0048","0,0128","0,133",0,0,0,0,"0,8494","0,1458","0,2902","0,2742","208,28","220,01",,
tienda_mes,3798,1/7/2026,REFRIGERADO,Veterana,26,199,20.971,"104,4","0,7463","6,37","10,38",0,0,"1,11","1,85","1,91","16,76","22,38","0,7463","6,37","10,29",0,0,"1,07","1,85","1,73","16,67","22,07",0,0,"0,0912",0,0,"0,0407",0,"0,1838","0,0912","0,3157","0,0327","0,2849","0,4645",0,0,"0,0488","0,0833","0,0858","0,7494","0,0331","0,288","0,467",0,0,"0,0483","0,0843","0,0793","0,755",0,0,"0,2286",0,0,"0,0481",0,"0,7233","0,2286","0,216","0,2132","282,5","285,8",,
tienda_mes,3798,1/7/2026,CONGELADO,Veterana,26,179,9.008,50,"0,8185","3,52","7,33",0,0,"0,6687","1,61","2,69","10,85","16,64","0,8185","3,52","7,24",0,0,"0,6687","1,61","1,68","10,76","15,54",0,0,"0,0915",0,0,0,0,"1,01","0,0915","1,1","0,0493","0,2117","0,4416",0,0,"0,0403","0,0976","0,1596","0,6533","0,0523","0,2254","0,4662",0,0,"0,043","0,1038","0,1094","0,6916",0,0,"0,1069",0,0,0,0,"0,8931","0,1069","0,3379","0,3153","181,84","194,04",,
tienda_mes,3798,1/7/2026,FRESCOS,Veterana,26,191,14.835,"77,26","0,8092",0,0,"17,61","1,08","0,7286","2,93",4,"17,61","27,16","0,8092",0,0,"17,33","1,08","0,6802","2,93","2,12","17,33","24,95",0,0,0,"0,2812",0,"0,0484",0,"1,88","0,2812","2,21","0,0299",0,0,"0,6486","0,0402","0,0267","0,1082","0,1464","0,6486","0,0324",0,0,"0,6935","0,0436","0,0274","0,1176","0,0855","0,6935",0,0,0,"0,1557",0,"0,0063",0,"0,838","0,1557","0,3534","0,3249","172,02","186,37",,
tienda_mes,3798,1/7/2026,FYV,Veterana,26,162,10.518,"64,9","1,03",0,0,"8,5","3,21","1,21","3,12","3,76","8,5","20,84","1,03",0,0,"8,46","3,21","1,21","3,12","1,79","8,46","18,83",0,0,0,"0,0408",0,0,0,"1,97","0,0408","2,01","0,0494",0,0,"0,4084","0,1541","0,0585","0,151","0,1787","0,4084","0,0546",0,0,"0,4486","0,1704","0,0645","0,1666","0,0954","0,4486",0,0,0,"0,011",0,0,0,"0,989","0,011","0,3261","0,2944","188,02","206,99",,
tienda_mes,3798,1/7/2026,HORNO,Veterana,26,102,2.347,"23,08","0,3869","1,5","2,09",0,0,"0,3939","3,24","0,3611","3,58","7,97","0,3869","1,5","2,09",0,0,"0,3939","3,24","0,3611","3,58","7,97",0,0,0,0,0,0,0,0,0,0,"0,049","0,1837","0,2631",0,0,"0,0491","0,4106","0,0445","0,4468","0,049","0,1837","0,2631",0,0,"0,0491","0,4106","0,0445","0,4468",,,,,,,,,,"0,3615","0,3615","176,79","176,79",,
tienda_mes,3798,1/7/2026,PENDIENTES,Veterana,24,48,184,"3,68","0,4188","0,428","0,1679",0,0,"0,4047","0,5466","4,23","0,596","6,2","0,2828","0,428","0,1679",0,0,"0,4047","0,5466","1,6","0,596","3,43","0,1361",0,0,0,0,0,0,"2,63",0,"2,77","0,0888","0,0796","0,0229",0,0,"0,0862","0,1172","0,6051","0,1026","0,1184","0,1254","0,0419",0,0,"0,1726","0,1996","0,3421","0,1674","0,0833",0,0,0,0,0,0,"0,9167",0,"3,13","1,57","42,13","80,58",,
tienda_mes,3849,1/7/2026,GLOBAL,Liebre,27,,105.710,,,,,,,,,,,,,,,,,,,,,,,,,,,,,,,,,,,,,,,,,,,,,,,,,,,,,,,,,,,,,,,"0,2806","0,2706"
tienda_mes,3849,1/7/2026,SECOS,Veterana,27,460,58.931,"127,2","0,7041","8,1","19,95",0,0,"0,5179","0,5922","4,48","28,05","34,34","0,7041","8,1","19,88",0,0,"0,5179","0,5812","3,07","27,98","32,85",0,0,"0,0654",0,0,0,"0,011","1,42","0,0654","1,49","0,0206","0,2357","0,5806",0,0,"0,0151","0,0172","0,1309","0,8163","0,0215","0,2465","0,6049",0,0,"0,0158","0,0177","0,0936","0,8514",0,0,"0,0565",0,0,0,"0,0061","0,9374","0,0565","0,2709","0,2592","222,18","232,35",,
tienda_mes,3849,1/7/2026,REFRIGERADO,Veterana,27,181,16.986,"92,74","0,4845","4,19","10,94",0,0,"0,7794","2,76","3,06","15,13","22,21","0,4845","4,19","10,94",0,0,"0,7794","2,76","2,39","15,13","21,54",0,0,0,0,0,0,0,"0,6695",0,"0,6695","0,0221","0,1888","0,493",0,0,"0,0351","0,1241","0,1369","0,6818","0,0228","0,1943","0,5079",0,0,"0,0361","0,128","0,1109","0,7022",0,0,0,0,0,0,0,1,0,"0,2426","0,2348","250,76","258,01",,
tienda_mes,3849,1/7/2026,CONGELADO,Veterana,27,148,5.776,"38,69","0,6303","2,01","5,36",0,0,"0,7173","1,64","2,43","7,36","12,78","0,6303","2,01","5,36",0,0,"0,7173","1,6","1,86","7,36","12,18",0,0,0,0,0,0,"0,0325","0,569",0,"0,6014","0,0501","0,1575","0,4212",0,0,"0,0556","0,129","0,1867","0,5786","0,0522","0,165","0,4408",0,0,"0,0588","0,1321","0,1512","0,6057",0,0,0,0,0,0,"0,0572","0,9428",0,"0,337","0,3208","182,85","190,78",,
tienda_mes,3849,1/7/2026,FRESCOS,Veterana,27,182,11.848,"64,22","0,5646",0,0,"13,75","0,8651","1,01","2,11","3,74","13,75","22,03","0,5646",0,0,"13,69","0,8651","1,01","2,06","3,16","13,69","21,36",0,0,0,"0,057",0,0,"0,044","0,5746","0,057","0,6756","0,0259",0,0,"0,6233","0,0387","0,0461","0,0968","0,1692","0,6233","0,0266",0,0,"0,6403","0,0401","0,0475","0,0975","0,148","0,6403",0,0,0,"0,0463",0,0,"0,0769","0,8768","0,0463","0,3451","0,3348","174,93","180,46",,
tienda_mes,3849,1/7/2026,FYV,Veterana,27,143,10.417,"72,49","0,7656",0,0,"8,1","3,94","0,8983","2,59","1,77","8,1","18,06","0,7656",0,0,"8,06","3,94","0,8983","2,59","1,73","8,06","17,98",0,0,0,"0,0385",0,0,0,"0,0429","0,0385","0,0814","0,0437",0,0,"0,4472","0,2165","0,0505","0,1432","0,099","0,4472","0,0438",0,0,"0,4472","0,2176","0,0506","0,1436","0,0971","0,4472",0,0,0,"0,4733",0,0,0,"0,5267","0,4733","0,2521","0,2511","240,54","241,7",,
tienda_mes,3849,1/7/2026,HORNO,Veterana,27,77,1.153,"15,28","0,4655","0,8374","1,42",0,0,"0,7405","3,28","1,2","2,26","7,94","0,4655","0,8374","1,42",0,0,"0,7405","3,19","0,6603","2,26","7,32",0,0,0,0,0,0,"0,0872","0,5416",0,"0,6287","0,0642","0,1098","0,1847",0,0,"0,1002","0,418","0,123","0,2945","0,0665","0,115","0,1954",0,0,"0,1055","0,4346","0,083","0,3104",0,0,0,0,0,0,"0,1173","0,8827",0,"0,5349","0,4964","122,9","129,8",,
tienda_mes,3849,1/7/2026,PENDIENTES,Veterana,27,70,599,"8,38","0,2445","0,8911","0,9414",0,0,"0,4161","1,68","1,4","1,83","5,58","0,2445","0,8911","0,9414",0,0,"0,4161","1,68","0,9625","1,83","5,14",0,0,0,0,0,0,0,"0,4413",0,"0,4413","0,0446","0,1516","0,1705",0,0,"0,0782","0,2914","0,2637","0,3222","0,0488","0,1625","0,1784",0,0,"0,0838","0,3115","0,2151","0,3409",0,0,0,0,0,0,0,1,0,"0,8466","0,7539","96,44","103,38",,
tienda_mes,3855,1/7/2026,GLOBAL,Liebre,27,,86.120,,,,,,,,,,,,,,,,,,,,,,,,,,,,,,,,,,,,,,,,,,,,,,,,,,,,,,,,,,,,,,,"0,3031","0,2872"
tienda_mes,3855,1/7/2026,SECOS,Veterana,27,354,50.537,"141,52","0,7387","10,48","23,58",0,0,"1,42","1,45","3,71","34,05","41,38","0,6831","10,45","23,22",0,0,"1,42","1,43","2,14","33,67","39,34","0,0556","0,0254","0,3577",0,0,0,"0,0287","1,57","0,3831","2,04","0,0178","0,2529","0,5693",0,0,"0,0343","0,0355","0,0901","0,8223","0,0174","0,265","0,5904",0,0,"0,0361","0,0364","0,0547","0,8554","0,0239","0,0133","0,1403",0,0,0,"0,0193","0,8032","0,1536","0,2938","0,2793","205,54","216,22",,
tienda_mes,3855,1/7/2026,REFRIGERADO,Veterana,27,145,14.240,"98,19","0,428","6,34","13,32",0,0,"0,6605","2,64","1,87","19,66","25,26","0,428","6,31","12,98",0,0,"0,6605","2,57","1,43","19,29","24,38",0,"0,0293","0,3447",0,0,0,"0,0698","0,4397","0,374","0,8835","0,0172","0,2492","0,5282",0,0,"0,0261","0,1046","0,0746","0,7774","0,0179","0,2566","0,5328",0,0,"0,027","0,1055","0,0602","0,7894",0,"0,1","0,3597",0,0,0,"0,0477","0,4927","0,4597","0,2585","0,2494","235,47","243,46",,
tienda_mes,3855,1/7/2026,CONGELADO,Veterana,27,114,4.883,"42,54","0,6198","3,26","6,54",0,0,"0,848","2,09","3,82","9,79","17,17","0,5423","3,26","6,49",0,0,"0,792","2,02","1,63","9,75","14,73","0,0775",0,"0,0457",0,0,"0,0561","0,0695","2,19","0,0457","2,44","0,0354","0,1904","0,3849",0,0,"0,0504","0,1237","0,2152","0,5753","0,0372","0,2194","0,4421",0,0,"0,0547","0,1394","0,1073","0,6614","0,05",0,"0,0226",0,0,"0,05","0,012","0,8655","0,0226","0,4113","0,3504","151,32","174,89",,
tienda_mes,3855,1/7/2026,FRESCOS,Veterana,27,138,7.492,"53,78","0,5572",0,0,"13,65","0,6635","0,8656","2,78","2,5","13,65","21,02","0,5572",0,0,"13,55","0,6635","0,8656","2,78","1,75","13,55","20,17",0,0,0,"0,095",0,0,0,"0,7554","0,095","0,8504","0,0266",0,0,"0,6475","0,0315","0,0407","0,134","0,1195","0,6475","0,0276",0,0,"0,6696","0,0329","0,0424","0,1395","0,088","0,6696",0,0,0,"0,1375",0,0,0,"0,8625","0,1375","0,3964","0,3802","154,48","160,92",,
tienda_mes,3855,1/7/2026,FYV,Veterana,27,108,7.661,72,"0,8276",0,0,"9,21","3,75","0,6309","1,9","2,63","9,21","18,95","0,8276",0,0,"9,21","3,57","0,6309","1,9","1,83","9,21","17,97",0,0,0,0,"0,1766",0,0,"0,8019",0,"0,9785","0,0449",0,0,"0,4838","0,1993","0,0336","0,1022","0,1362","0,4838","0,0474",0,0,"0,5104","0,1986","0,0354","0,1073","0,101","0,5104",0,0,0,0,"0,2",0,0,"0,8",0,"0,2689","0,2535","228,5","241,05",,
tienda_mes,3855,1/7/2026,HORNO,Veterana,27,60,1.058,"17,71","0,5176","0,8152","1,31",0,0,"1,19","3,72","0,3072","2,12","7,86","0,5176","0,8152","1,31",0,0,"1,11","3,72","0,193","2,12","7,67",0,0,0,0,0,"0,0763",0,"0,1143",0,"0,1906","0,0585","0,1045","0,1676",0,0,"0,16","0,4728","0,0367","0,2721","0,0596","0,1074","0,1715",0,0,"0,1551","0,4818","0,0245","0,2789",0,0,0,0,0,"0,5",0,"0,5",0,"0,4659","0,4551","138,35","142,05",,
tienda_mes,3855,1/7/2026,PENDIENTES,Veterana,26,50,246,"5,2","0,3531","0,5039","0,4227",0,0,"0,3722","1,41","2,37","0,9266","5,43","0,3531","0,5039","0,4227",0,0,"0,3722","1,22","1,63","0,9266","4,5",0,0,0,0,0,0,"0,1872","0,741",0,"0,9282","0,0754","0,0976","0,0854",0,0,"0,0897","0,2545","0,3974","0,183","0,0867","0,1104","0,0956",0,0,"0,0991","0,275","0,3332","0,206",0,0,0,0,0,0,"0,1205","0,8795",0,"1,19","0,9994","64,48","72,98",,
tienda_mes,3930,1/7/2026,GLOBAL,Liebre,27,,69.835,,,,,,,,,,,,,,,,,,,,,,,,,,,,,,,,,,,,,,,,,,,,,,,,,,,,,,,,,,,,,,,"0,2819","0,2729"
tienda_mes,3930,1/7/2026,SECOS,Veterana,27,274,39.141,"143,15","1,92","10,5","18,51",0,0,"1,71","1,11","1,37","29,01","35,12","1,87","10,14","18,18",0,0,"1,66","1,09","1,32","28,31","34,24","0,0515","0,3677","0,3343",0,0,"0,0492","0,0219","0,053","0,702","0,8776","0,0548","0,2978","0,5277",0,0,"0,0488","0,0315","0,0393","0,8255","0,0547","0,295","0,5311",0,0,"0,0487","0,0317","0,0388","0,8261","0,0282","0,398","0,3788",0,0,"0,0845","0,0119","0,0987","0,7768","0,2461","0,2402","245,15","251,01",,
tienda_mes,3930,1/7/2026,REFRIGERADO,Veterana,27,119,10.710,"90,04","1,85","6,9","9,68",0,0,"0,8533","2,58","2,09","16,57","23,94","1,58","6,23","9,43",0,0,"0,8533","2,38","1,71","15,66","22,17","0,2768","0,6654","0,2489",0,0,0,"0,1958","0,3795","0,9143","1,77","0,0778","0,2877","0,4041",0,0,"0,036","0,1066","0,0878","0,6918","0,0709","0,2809","0,4239",0,0,"0,039","0,1075","0,0779","0,7048","0,1011","0,4096","0,1447",0,0,0,"0,0755","0,2691","0,5543","0,2722","0,2538","225,35","244,48",,
tienda_mes,3930,1/7/2026,CONGELADO,Veterana,27,115,3.808,"33,76","1,88","2,54","5,07",0,0,"0,8074","2,05","1,58","7,61","13,92","1,88","2,48","4,94",0,0,"0,71","1,96","1,49","7,42","13,46",0,"0,0588","0,1309",0,0,"0,0973","0,0843","0,0865","0,1897","0,4579","0,1378","0,1796","0,3631",0,0,"0,0587","0,147","0,1137","0,5427","0,142","0,1812","0,3676",0,0,"0,0534","0,146","0,1098","0,5488",0,"0,2","0,2",0,0,"0,2","0,2","0,2","0,4","0,4236","0,412","145,56","150,85",,
tienda_mes,3930,1/7/2026,FRESCOS,Veterana,27,123,8.502,"68,76","2,16",0,0,"16,32","0,8709","1,11","3,64","1,73","16,32","25,83","2,05",0,0,"15,99","0,8709","1,11","3,64","1,26","15,99","24,93","0,107",0,0,"0,3278",0,0,0,"0,4658","0,3278","0,9007","0,0836",0,0,"0,6329","0,0334","0,0425","0,1418","0,0657","0,6329","0,0825",0,0,"0,6415","0,0348","0,0441","0,1465","0,0505","0,6415","0,2",0,0,"0,4",0,0,0,"0,4","0,4","0,3831","0,3704","159,63","165,34",,
tienda_mes,3930,1/7/2026,FYV,Veterana,27,104,5.867,"56,91","1,76",0,0,"6,9","3,54","1,19","2,3","1,21","6,9","16,9","1,76",0,0,"6,85","3,47","1,19","2,3","0,9209","6,85","16,48",0,0,0,"0,0512","0,0745",0,0,"0,2899","0,0512","0,4156","0,1065",0,0,"0,4076","0,2083","0,0714","0,1355","0,0707","0,4076","0,109",0,0,"0,4131","0,2089","0,0729","0,1387","0,0573","0,4131",0,0,0,"0,1667","0,1667",0,0,"0,6667","0,1667","0,3035","0,2961","202,97","207,31",,
tienda_mes,3930,1/7/2026,HORNO,Veterana,27,69,1.590,"22,46","0,3845","1,31","1,55",0,0,"1,1","3,74","0,2269","2,86","8,31","0,3845","1,31","1,47",0,0,"1,04","3,74","0,1458","2,78","8,09",0,0,"0,0835",0,0,"0,0612",0,"0,0812","0,0835","0,2259","0,0462","0,1614","0,1795",0,0,"0,1315","0,4545","0,0269","0,3409","0,0482","0,165","0,1754",0,0,"0,1303","0,4627","0,0184","0,3403",0,0,"0,3333",0,0,"0,3333",0,"0,3333","0,3333","0,402","0,3932","169,95","173,72",,
tienda_mes,3930,1/7/2026,PENDIENTES,Veterana,23,25,217,"9,29","0,6354","0,5394","0,7679",0,0,"0,6447","1,87","0,4808","1,31","4,94","0,6354","0,5394","0,7679",0,0,"0,6447","1,87","0,4808","1,31","4,94",0,0,0,0,0,0,0,0,0,0,"0,1847","0,0936","0,1216",0,0,"0,1808","0,3015","0,1178","0,2152","0,1847","0,0936","0,1216",0,0,"0,1808","0,3015","0,1178","0,2152",,,,,,,,,,"0,9395","0,9395","129,44","129,44",,
tienda_mes,3968,1/7/2026,GLOBAL,Liebre,27,,214.327,,,,,,,,,,,,,,,,,,,,,,,,,,,,,,,,,,,,,,,,,,,,,,,,,,,,,,,,,,,,,,,"0,3036","0,2879"
tienda_mes,3968,1/7/2026,SECOS,Veterana,27,791,119.200,"150,25","1,21","11,77","23,68",0,0,"1,18","1,04","4,68","35,45","43,56","1,2","11,62","23,27",0,0,"1,15","1,04","2,29","34,9","40,58","0,0165","0,1516","0,4017",0,0,"0,027",0,"2,39","0,5533","2,98","0,0279","0,2699","0,5436",0,0,"0,0271","0,024","0,1076","0,8135","0,0295","0,2861","0,5735",0,0,"0,0284","0,0258","0,0567","0,8596","0,0038","0,0407","0,1456",0,0,"0,0085",0,"0,8014","0,1862","0,2909","0,271","207,01","222,31",,
tienda_mes,3968,1/7/2026,REFRIGERADO,Veterana,27,338,37.691,"110,84","0,7113","7,32","9,72",0,0,"0,8922","2,44","3,3","17,04","24,39","0,7113","7,3","9,65",0,0,"0,8922","2,44","2,94","16,95","23,93",0,"0,0174","0,0731",0,0,0,0,"0,3634","0,0906","0,454","0,0286","0,2983","0,3994",0,0,"0,0368","0,0997","0,1372","0,6977","0,0291","0,303","0,4039",0,0,"0,0375","0,1017","0,1248","0,7069",0,"0,0231","0,0725",0,0,0,0,"0,9044","0,0956","0,2199","0,2158","275,09","280,19",,
tienda_mes,3968,1/7/2026,CONGELADO,Veterana,27,275,13.744,"49,63","0,7162","3,66","6,83",0,0,"0,8934","2,3","2,63","10,49","17,03","0,7162","3,64","6,81",0,0,"0,8934","2,26","2,45","10,45","16,76",0,"0,0201","0,0225",0,0,0,"0,0407","0,1817","0,0426","0,2649","0,0423","0,2131","0,4006",0,0,"0,0526","0,1362","0,1552","0,6136","0,043","0,2152","0,4054",0,0,"0,0535","0,1357","0,1472","0,6206",0,"0,1","0,1",0,0,0,"0,1","0,7","0,2","0,344","0,3386","175,3","178,05",,
tienda_mes,3968,1/7/2026,FRESCOS,Veterana,27,292,21.810,"74,26","0,897",0,0,"17,75","1,48","1,06","4,38","4,61","17,75","30,18","0,897",0,0,"17,75","1,48","1,06","4,38","2,72","17,75","28,29",0,0,0,0,0,0,0,"1,9",0,"1,9","0,0297",0,0,"0,5878","0,0487","0,035","0,1456","0,1532","0,5878","0,0317",0,0,"0,6272","0,052","0,0373","0,1555","0,0962","0,6272",0,0,0,0,0,0,0,1,0,"0,4078","0,382","147,88","157,84",,
tienda_mes,3968,1/7/2026,FYV,Veterana,27,241,17.923,"74,13","1,6",0,0,"12,07","5,7","1,18","4,29","2,87","12,07","27,7","1,6",0,0,"12,03","5,58","1,18","4,25","1,77","12,03","26,42",0,0,0,"0,037","0,1168",0,"0,0349","1,09","0,037","1,28","0,0578",0,0,"0,4363","0,2062","0,0428","0,1548","0,1021","0,4363","0,0605",0,0,"0,4549","0,2117","0,0448","0,1609","0,0671","0,4549",0,0,0,"0,0216","0,0474",0,"0,0106","0,9203","0,0216","0,3782","0,3606","160,95","168,44",,
tienda_mes,3968,1/7/2026,HORNO,Veterana,27,148,3.803,"25,75","1,22","1,55","2,49",0,0,"1,18","4,64","0,2578","4,04","11,34","1,22","1,55","2,49",0,0,"1,18","4,64","0,2578","4,04","11,34",0,0,0,0,0,0,0,0,0,0,"0,1086","0,1352","0,218",0,0,"0,1046","0,4117","0,022","0,3532","0,1086","0,1352","0,218",0,0,"0,1046","0,4117","0,022","0,3532",,,,,,,,,,"0,4439","0,4439","137,18","137,18",,
tienda_mes,3968,1/7/2026,PENDIENTES,Veterana,23,50,136,"2,15","0,626","0,4501","0,1005",0,"0,0028","0,5442","0,5952","2,79","0,5506","5,1","0,626","0,4501","0,1005",0,"0,0028","0,5442","0,5952","1,65","0,5506","3,97",0,0,0,0,0,0,0,"1,14",0,"1,14","0,1491","0,1051","0,0142",0,"0,0003","0,1308","0,1227","0,4778","0,1193","0,1818","0,1244","0,0231",0,"0,0004","0,1565","0,1647","0,3491","0,1474",0,0,0,0,0,0,0,1,0,"2,76","2,14","39,43","48,43",,
tienda_mes,4065,1/7/2026,GLOBAL,Liebre,26,,67.017,,,,,,,,,,,,,,,,,,,,,,,,,,,,,,,,,,,,,,,,,,,,,,,,,,,,,,,,,,,,,,,"0,3077","0,2976"
tienda_mes,4065,1/7/2026,SECOS,Veterana,26,268,33.661,"124,65","1,48","10,97","20,05",0,0,"1,52","1,07","2,72","31,03","37,82","1,25","10,66","20,01",0,0,"1,27","1,07","2,4","30,67","36,65","0,2339","0,3136","0,0447",0,0,"0,2459",0,"0,3268","0,3583","1,16","0,0398","0,2886","0,5307",0,0,"0,0403","0,0284","0,0722","0,8193","0,0343","0,2896","0,546",0,0,"0,035","0,0293","0,0658","0,8356","0,2371","0,2752","0,0485",0,0,"0,2218",0,"0,2174","0,3237","0,3063","0,2968","197,55","203,85",,
tienda_mes,4065,1/7/2026,REFRIGERADO,Veterana,26,132,13.811,"103,68","1,14","7,29","9,48",0,0,"1,23","2,27","1,98","16,78","23,4","1,09","7,25","9,35",0,0,"1,23","2,2","1,92","16,6","23,04","0,0434","0,0403","0,1346",0,0,0,"0,0768","0,0558","0,175","0,351","0,0498","0,3097","0,407",0,0,"0,0532","0,0959","0,0844","0,7167","0,0486","0,3127","0,4064",0,0,"0,0538","0,0947","0,0838","0,719","0,25","0,0583","0,5",0,0,0,"0,1111","0,0806","0,5583","0,23","0,2273","265,25","269,03",,
tienda_mes,4065,1/7/2026,CONGELADO,Veterana,26,94,3.601,"37,82","1,28","3,55","5,5",0,0,"0,701","1,88","2,78","9,05","15,69","1,23","3,48","5,34",0,0,"0,701","1,88","2,39","8,82","15,02","0,0538","0,0714","0,1543",0,0,0,0,"0,3928","0,2257","0,6723","0,0838","0,2246","0,3461",0,0,"0,0462","0,1216","0,1778","0,5707","0,0836","0,2292","0,3525",0,0,"0,0477","0,1262","0,1609","0,5817","0,1667","0,1667","0,2177",0,0,0,0,"0,449","0,3844","0,4271","0,4108","145,58","151,33",,
tienda_mes,4065,1/7/2026,FRESCOS,Veterana,26,127,7.792,"60,94","1,1",0,0,"16,76","0,6282","0,9043","3,6","1,7","16,76","24,69","1,1",0,0,"16,6","0,6282","0,9043","3,6","1,46","16,6","24,29",0,0,0,"0,1568",0,0,0,"0,248","0,1568","0,4048","0,0449",0,0,"0,6748","0,0257","0,0361","0,1476","0,0708","0,6748","0,0457",0,0,"0,6801","0,0263","0,0368","0,15","0,0611","0,6801",0,0,0,"0,3333",0,0,0,"0,6667","0,3333","0,4139","0,4066","150,37","152,9",,
tienda_mes,4065,1/7/2026,FYV,Veterana,26,100,7.025,"69,56","1,7",0,0,"9,83","3,58","0,8431","1,95","2,86","9,83","20,76","1,58",0,0,"9,53","3,48","0,8431","1,95","1,26","9,53","18,64","0,1214",0,0,"0,3036","0,0956",0,0,"1,6","0,3036","2,12","0,0831",0,0,"0,4716","0,1721","0,0418","0,0971","0,1343","0,4716","0,0846",0,0,"0,5088","0,1851","0,0456","0,107","0,0689","0,5088","0,0588",0,0,"0,0891","0,0778",0,0,"0,7743","0,0891","0,3191","0,288","202,37","222,91",,
tienda_mes,4065,1/7/2026,HORNO,Veterana,26,58,919,"15,78","0,4886","1,3","1,48",0,0,"0,5712","1,42","0,1308","2,78","5,39","0,3614","1,3","1,48",0,0,"0,4529","1,42","0,1308","2,78","5,14","0,1272",0,0,0,0,"0,1183",0,0,0,"0,2455","0,0852","0,2556","0,2724",0,0,"0,0982","0,2681","0,0206","0,528","0,0732","0,2633","0,2817",0,0,"0,0806","0,279","0,0222","0,545","0,5",0,0,0,0,"0,5",0,0,0,"0,3456","0,329","191,46","197,26",,
tienda_mes,4065,1/7/2026,PENDIENTES,Veterana,19,28,207,"7,66","0,6007","0,52","0,728",0,0,"0,194","0,6583","3,15","1,25","5,85","0,6007","0,52","0,728",0,0,"0,194","0,6583","2,16","1,25","4,86",0,0,0,0,0,0,0,"0,9879",0,"0,9879","0,0985","0,1289","0,0921",0,0,"0,0458","0,1254","0,5093","0,221","0,1122","0,1396","0,1184",0,0,"0,0523","0,1592","0,4184","0,258",0,0,0,0,0,0,0,1,0,"1,49","1,28","81,65",98,,
tienda_mes,4140,1/7/2026,GLOBAL,Liebre,26,,142.380,,,,,,,,,,,,,,,,,,,,,,,,,,,,,,,,,,,,,,,,,,,,,,,,,,,,,,,,,,,,,,,"0,3021","0,2867"
tienda_mes,4140,1/7/2026,SECOS,Veterana,26,549,78.491,"142,41","1,06","11,9","22,1",0,0,"1,26","1,25","3,6",34,"41,18","1,05","11,7","21,95",0,0,"1,22","1,25","2,62","33,65","39,79","0,0184","0,2027","0,1425",0,0,"0,0472",0,"0,9806","0,3452","1,39","0,0259","0,2875","0,5373",0,0,"0,0305","0,0302","0,0886","0,8247","0,0265","0,2924","0,5527",0,0,"0,0305","0,0313","0,0665","0,8451","0,0088","0,1396","0,1018",0,0,"0,0302",0,"0,7197","0,2413","0,2891","0,2793","208,1","215,6",,
tienda_mes,4140,1/7/2026,REFRIGERADO,Veterana,26,224,24.748,"110,68","0,7895","7,49","10,53",0,0,"1,21","2,1","3,64","18,02","25,77","0,7895","7,44","10,45",0,0,"1,21","2,07","2,83","17,89","24,79",0,"0,0497","0,0825",0,0,0,"0,0392","0,8102","0,1322","0,9815","0,0307","0,2901","0,4089",0,0,"0,0473","0,0819","0,1411","0,699","0,032","0,2998","0,4212",0,0,"0,0491","0,0836","0,1142","0,7211",0,"0,0588","0,1295",0,0,0,"0,0172","0,7945","0,1883","0,2345","0,2258","257,64","268,29",,
tienda_mes,4140,1/7/2026,CONGELADO,Veterana,26,183,8.335,"45,61","0,6895","3,41","6,87",0,0,"0,9679","1,6","3,07","10,28","16,61","0,6895","3,41","6,83",0,0,"0,9679","1,6","2,46","10,25","15,97",0,0,"0,0324",0,0,0,0,"0,6093","0,0324","0,6416","0,0416","0,2035","0,4143",0,0,"0,0582","0,0967","0,1856","0,6179","0,0433","0,2119","0,4288",0,0,"0,0605","0,1008","0,1548","0,6407",0,0,"0,0714",0,0,0,0,"0,9286","0,0714","0,3665","0,3522","165,92","172,38",,
tienda_mes,4140,1/7/2026,FRESCOS,Veterana,26,228,14.859,"65,04","0,8668",0,0,"16,33","0,9229","0,8628","2,51","4,66","16,33","26,15","0,8668",0,0,"16,23","0,9229","0,8628","2,51","2,76","16,23","24,15",0,0,0,"0,1055",0,0,0,"1,9","0,1055",2,"0,0335",0,0,"0,6249","0,035","0,0329","0,0964","0,1773","0,6249","0,0364",0,0,"0,6713","0,0379","0,0356","0,1042","0,1146","0,6713",0,0,0,"0,0375",0,0,0,"0,9625","0,0375","0,4047","0,373","149,85","161,84",,
tienda_mes,4140,1/7/2026,FYV,Veterana,26,172,13.472,"78,5","1,02",0,0,"11,47","5,07","1,15","1,84","5,74","11,47","26,28","1,02",0,0,"11,35","4,97","1,12","1,84","1,89","11,35","22,19",0,0,0,"0,123","0,0961","0,0351",0,"3,84","0,123","4,1","0,0388",0,0,"0,4363","0,1921","0,0441","0,07","0,2187","0,4363","0,0461",0,0,"0,5123","0,2233","0,0505","0,0832","0,0846","0,5123",0,0,0,"0,0273","0,0465","0,0074",0,"0,9189","0,0273","0,3446","0,2896","178,48","211,48",,
tienda_mes,4140,1/7/2026,HORNO,Veterana,26,97,2.300,"23,84","0,8434","1,4","1,7",0,0,"1,1","4,15","0,1498","3,09","9,34","0,8434","1,4","1,7",0,0,"1,1","4,15","0,0619","3,09","9,25",0,0,0,0,0,0,0,"0,0879",0,"0,0879","0,0938","0,1458","0,1785",0,0,"0,1182","0,4483","0,0154","0,3243","0,0943","0,1472","0,1795",0,0,"0,1193","0,4522","0,0075","0,3267",0,0,0,0,0,0,0,1,0,"0,4273","0,4225","152,76","153,83",,
tienda_mes,4140,1/7/2026,PENDIENTES,Veterana,21,33,175,"4,7","0,397","0,5823","0,4922",0,0,"0,3762","0,7598","3,55","1,07","6,15","0,397","0,5823","0,4922",0,0,"0,3762","0,7598","2,56","1,07","5,16",0,0,0,0,0,0,0,"0,989",0,"0,989","0,0729","0,1091","0,0707",0,0,"0,0704","0,1288","0,5481","0,1798","0,0967","0,1244","0,0763",0,0,"0,1036","0,151","0,448","0,2007",0,0,0,0,0,0,0,1,0,"2,59","1,79","51,01","56,41",,
tienda_mes,4184,1/7/2026,GLOBAL,Liebre,27,,49.509,,,,,,,,,,,,,,,,,,,,,,,,,,,,,,,,,,,,,,,,,,,,,,,,,,,,,,,,,,,,,,,"0,3222","0,3128"
tienda_mes,4184,1/7/2026,SECOS,Veterana,27,218,26.591,"121,51","0,6985","9,53","22,42",0,0,"0,8212","0,7073","3,77","31,96","37,96","0,6985","9,53","22,42",0,0,"0,8212","0,7073","2,81","31,96","36,99",0,0,0,0,0,0,0,"0,9665",0,"0,9665","0,0184","0,2524","0,589",0,0,"0,0218","0,0187","0,0996","0,8415","0,0189","0,2588","0,6051",0,0,"0,0224","0,0192","0,0755","0,864",0,0,0,0,0,0,0,1,0,"0,3143","0,306","192,18","197,32",,
tienda_mes,4184,1/7/2026,REFRIGERADO,Veterana,27,102,8.541,"82,32","0,6292","5,55","11,69",0,0,"0,7286","1,64","2,87","17,24","23,11","0,6292","5,55","11,69",0,0,"0,7286","1,64","2,5","17,24","22,74",0,0,0,0,0,0,0,"0,3722",0,"0,3722","0,0269","0,2427","0,5047",0,0,"0,032","0,0696","0,1241","0,7473","0,0273","0,2452","0,513",0,0,"0,0325","0,0705","0,1115","0,7582",0,0,0,0,0,0,0,1,0,"0,2814","0,2772","215,37","218,52",,
tienda_mes,4184,1/7/2026,CONGELADO,Veterana,27,87,2.780,"31,47","0,6857","2,67","5,23",0,0,"0,528","1,53","2,86","7,89","13,5","0,6857","2,67","5,23",0,0,"0,528","1,53","2,51","7,89","13,15",0,0,0,0,0,0,0,"0,3535",0,"0,3535","0,0539","0,1933","0,3848",0,0,"0,0397","0,1117","0,2167","0,578","0,0549","0,1978","0,396",0,0,"0,0404","0,114","0,1969","0,5939",0,0,0,0,0,0,0,1,0,"0,4407","0,4316","142,65","146,68",,
tienda_mes,4184,1/7/2026,FRESCOS,Veterana,27,96,5.791,"60,33","0,7793",0,0,"13,94","0,9016","0,781","2,91","2,38","13,94","21,69","0,7793",0,0,"13,94","0,9016","0,781","2,91","1,35","13,94","20,65",0,0,0,0,0,0,0,"1,04",0,"1,04","0,0375",0,0,"0,6389","0,0424","0,0364","0,1342","0,1106","0,6389","0,0394",0,0,"0,671","0,0441","0,0382","0,14","0,0673","0,671",0,0,0,0,0,0,0,1,0,"0,3682","0,3514","166,65","175,33",,
tienda_mes,4184,1/7/2026,FYV,Veterana,27,82,4.777,"56,95","0,9723",0,0,"7,8","3,5","1,2","2,45","1,89","7,8","17,82","0,9723",0,0,"7,8","3,5","1,2","2,45","1,56","7,8","17,5",0,0,0,0,0,0,0,"0,3223",0,"0,3223","0,0558",0,0,"0,4391","0,1968","0,0686","0,137","0,1026","0,4391","0,0567",0,0,"0,4463","0,2002","0,0699","0,1389","0,0881","0,4463",0,0,0,0,0,0,0,1,0,"0,3242","0,3195","190,85","194,61",,
tienda_mes,4184,1/7/2026,HORNO,Veterana,27,59,872,"14,62","0,1778","0,7835","0,7338",0,0,"0,3171","1,9","0,4499","1,52","4,36","0,1778","0,7835","0,7338",0,0,"0,3171","1,9","0,3248","1,52","4,24",0,0,0,0,0,0,0,"0,125",0,"0,125","0,0459","0,1689","0,1625",0,0,"0,0817","0,4486","0,0925","0,3313","0,0468","0,1708","0,1657",0,0,"0,0833","0,4579","0,0755","0,3365",0,0,0,0,0,0,0,1,0,"0,3389","0,3275","239,29","242,1",,
tienda_mes,4184,1/7/2026,PENDIENTES,Veterana,25,37,157,"4,8","0,3104","0,3256","0,2234",0,0,"0,3306","1,01","3,18","0,549","5,39","0,3104","0,3256","0,2234",0,0,"0,3306","1,01","1,59","0,549","3,79",0,0,0,0,0,0,0,"1,6",0,"1,6","0,0726","0,0679","0,0526",0,0,"0,0938","0,2422","0,471","0,1205","0,1082","0,1029","0,0646",0,0,"0,1187","0,2961","0,3096","0,1675",0,0,0,0,0,0,0,1,0,"1,61","1,3","71,97","91,29",,
tienda_mes,4281,1/7/2026,GLOBAL,Liebre,25,,113.241,,,,,,,,,,,,,,,,,,,,,,,,,,,,,,,,,,,,,,,,,,,,,,,,,,,,,,,,,,,,,,,"0,2989","0,2885"
tienda_mes,4281,1/7/2026,SECOS,Veterana,25,444,64.439,"144,84","1,21","12,95","21,03",0,0,"1,08","1,36","3,47","33,98","41,1","1,18","12,78","20,91",0,0,"1,04","1,36","2,21","33,69","39,47","0,0314","0,1697","0,121",0,0,"0,0449",0,"1,26","0,2908","1,63","0,0298","0,3148","0,5116",0,0,"0,0263","0,0329","0,0846","0,8264","0,0301","0,3236","0,5297",0,0,"0,0262","0,0343","0,0561","0,8533","0,0182","0,0639","0,092",0,0,"0,0142",0,"0,8117","0,1559","0,2855","0,2743","212,13","221,1",,
tienda_mes,4281,1/7/2026,REFRIGERADO,Veterana,25,193,20.515,"106,17","0,9497","7,72","10,16",0,0,"1,43","2,57","2,53","17,88","25,36","0,9117","7,72","9,93",0,0,"1,43","2,57","2,21","17,64","24,76","0,038",0,"0,2348",0,0,0,0,"0,3286","0,2348","0,6014","0,0376","0,3053","0,3994",0,0,"0,0569","0,1017","0,0991","0,7047","0,0371","0,312","0,4",0,0,"0,0581","0,1039","0,0888","0,712","0,0462",0,"0,3063",0,0,0,0,"0,6474","0,3063","0,2393","0,2337","253,32","258,71",,
tienda_mes,4281,1/7/2026,CONGELADO,Veterana,25,152,6.521,"43,37","1,31","2,96","5,73",0,0,"0,9062","2,22","1,89","8,68","15,01","1,26","2,96","5,73",0,0,"0,9062","2,22","1,6","8,68","14,68","0,0426",0,0,0,0,0,0,"0,2843",0,"0,3269","0,0878","0,197","0,3834",0,0,"0,0594","0,1477","0,1248","0,5803","0,0871","0,201","0,3912",0,0,"0,0608","0,1509","0,1089","0,5922","0,1429",0,0,0,0,0,0,"0,8571",0,"0,352","0,3441","174,09","177,46",,
tienda_mes,4281,1/7/2026,FRESCOS,Veterana,25,175,12.080,"69,01","0,6657",0,0,"15,88","0,8187","1,25","4,44","3,32","15,88","26,37","0,6657",0,0,"15,88","0,8187","1,13","4,44","2,67","15,88","25,6",0,0,0,0,0,"0,1219",0,"0,6494",0,"0,7712","0,0252",0,0,"0,6019","0,0309","0,047","0,1689","0,126","0,6019","0,0259",0,0,"0,6198","0,0318","0,0439","0,1742","0,1043","0,6198",0,0,0,0,0,"0,1774",0,"0,8226",0,"0,3837","0,3722","157,78","162,4",,
tienda_mes,4281,1/7/2026,FYV,Veterana,25,134,8.205,"61,49","1,25",0,0,"8,15","3,94","1,06","2,38","3,31","8,15","20,08","1,25",0,0,"8,15","3,94","0,9568","2,38","2,33","8,15",19,0,0,0,0,0,"0,1047",0,"0,9789",0,"1,08","0,0624",0,0,"0,4043","0,1971","0,0535","0,1178","0,1649","0,4043","0,0661",0,0,"0,427","0,209","0,0505","0,124","0,1234","0,427",0,0,0,0,0,"0,0909",0,"0,9091",0,"0,3306","0,3122","184,16","194,73",,
tienda_mes,4281,1/7/2026,HORNO,Veterana,25,72,1.257,"17,44","0,2494","1,03","1,32",0,0,"0,6456","3,51","0,3053","2,36","7,06","0,2494","1,03","1,32",0,0,"0,6456","3,51","0,3053","2,36","7,06",0,0,0,0,0,0,0,0,0,0,"0,0355","0,1423","0,1884",0,0,"0,0912","0,4997","0,0429","0,3307","0,0355","0,1423","0,1884",0,0,"0,0912","0,4997","0,0429","0,3307",,,,,,,,,,"0,4163","0,4163","149,37","149,37",,
tienda_mes,4281,1/7/2026,PENDIENTES,Veterana,25,64,224,"3,24","0,9788","3,28","0,9635",0,0,"0,5532","1,48","1,68","4,24","8,93","0,8858","2,76","0,9635",0,0,"0,5532","1,36","1,3","3,72","7,83","0,093","0,5146",0,0,0,0,"0,1186","0,3735","0,5146","1,1","0,1521","0,3262","0,0982",0,0,"0,0623","0,1713","0,1899","0,4244","0,1574","0,3318","0,1055",0,0,"0,0675","0,176","0,1618","0,4373","0,125","0,375",0,0,0,0,"0,125","0,375","0,375","3,89","3,42","24,96","28,28",,
tienda_mes,4296,1/7/2026,GLOBAL,Liebre,25,,89.170,,,,,,,,,,,,,,,,,,,,,,,,,,,,,,,,,,,,,,,,,,,,,,,,,,,,,,,,,,,,,,,"0,3294","0,3044"
tienda_mes,4296,1/7/2026,SECOS,Veterana,25,343,48.831,"141,02","0,756","11,59","24,34",0,"0,0001","0,7993","0,8116","5,28","35,93","43,58","0,695","11,59","24,19",0,"0,0001","0,7993","0,8116","2,3","35,78","40,38","0,061",0,"0,1488",0,0,0,0,"2,98","0,1488","3,19","0,0173","0,2647","0,5592",0,0,"0,0184","0,0184","0,122","0,824","0,0172","0,2856","0,6006",0,0,"0,0198","0,0197","0,0571","0,8861","0,0261",0,"0,047",0,0,0,0,"0,9269","0,047","0,3112","0,2884","194,72","210,43",,
tienda_mes,4296,1/7/2026,REFRIGERADO,Veterana,25,160,16.298,"100,42","0,5276","5,81","11,3",0,0,"1,11","2,07",4,"17,11","24,82","0,4563","5,81","11,23",0,0,"1,11","2,07","2,36","17,04","23,03","0,0712",0,"0,0735",0,0,0,0,"1,64","0,0735","1,78","0,0216","0,2344","0,4541",0,0,"0,0446","0,0826","0,1628","0,6884","0,0199","0,2505","0,4901",0,0,"0,0481","0,0888","0,1026","0,7406","0,0274",0,"0,0981",0,0,0,0,"0,8745","0,0981","0,2491","0,2299","243,41","262,83",,
tienda_mes,4296,1/7/2026,CONGELADO,Veterana,25,130,5.351,"40,77","0,7451","2,82","7,05",0,0,"0,6933","2,13","4,14","9,87","17,58","0,7451","2,82","7,05",0,0,"0,6933","2,13","2,16","9,87","15,6",0,0,0,0,0,0,0,"1,98",0,"1,98","0,0419","0,1578","0,4046",0,0,"0,0395","0,1203","0,2358","0,5624","0,0465","0,1789","0,4567",0,0,"0,0439","0,1359","0,1381","0,6356",0,0,0,0,0,0,0,1,0,"0,4387","0,3883","140,63","158,98",,
tienda_mes,4296,1/7/2026,FRESCOS,Veterana,25,152,10.546,"68,82","0,6017",0,0,"17,94","1,02","0,837","3,91","5,09","17,94","29,39","0,6017",0,0,"17,77","1,02","0,7979","3,91","2,46","17,77","26,56",0,0,0,"0,1714",0,"0,0391",0,"2,62","0,1714","2,83","0,0205",0,0,"0,6116","0,0343","0,0287","0,1329","0,172","0,6116","0,0224",0,0,"0,67","0,0382","0,0304","0,1462","0,0929","0,67",0,0,0,"0,0419",0,"0,0119",0,"0,9462","0,0419","0,4299","0,3894","142,02","157,26",,
tienda_mes,4296,1/7/2026,FYV,Veterana,25,112,6.711,"59,66","1,24",0,0,"7,86","4,06","1,86","3,72","3,51","7,86","22,24","1,24",0,0,"7,64","3,86","1,86","3,72","2,37","7,64","20,68",0,0,0,"0,2211","0,1999",0,0,"1,14","0,2211","1,56","0,0557",0,0,"0,353","0,179","0,0847","0,1691","0,1586","0,353","0,059",0,0,"0,3679","0,1849","0,0909","0,1808","0,1165","0,3679",0,0,0,"0,0833","0,0624",0,0,"0,8543","0,0833","0,3765","0,3512","162,66","174,31",,
tienda_mes,4296,1/7/2026,HORNO,Veterana,25,72,1.211,"16,48","0,6624","1,2","1,44",0,0,"1,04","3,19","0,2132","2,65","7,76","0,6624","1,2","1,44",0,0,"1,04","3,19","0,2132","2,65","7,76",0,0,0,0,0,0,0,0,0,0,"0,0824","0,1546","0,1889",0,0,"0,1365","0,4094","0,0283","0,3434","0,0824","0,1546","0,1889",0,0,"0,1365","0,4094","0,0283","0,3434",,,,,,,,,,"0,5036","0,5036","129,56","129,56",,
tienda_mes,4296,1/7/2026,PENDIENTES,Veterana,24,49,222,"4,87","0,2562","0,4811","0,5363",0,0,"0,5366","1,5","2,57","1,02","5,88","0,2562","0,4811","0,5363",0,0,"0,5366","1,5","1,45","1,02","4,77",0,0,0,0,0,0,0,"1,11",0,"1,11","0,0518","0,0855","0,0733",0,0,"0,1041","0,2625","0,4228","0,1588","0,0661","0,0962","0,0859",0,0,"0,136","0,3117","0,3041","0,1821",0,0,0,0,0,0,0,1,0,"1,74","1,42","52,94","65,9",,
tienda_mes,4308,1/7/2026,GLOBAL,Liebre,25,,136.282,,,,,,,,,,,,,,,,,,,,,,,,,,,,,,,,,,,,,,,,,,,,,,,,,,,,,,,,,,,,,,,"0,3037","0,2968"
tienda_mes,4308,1/7/2026,SECOS,Veterana,25,506,66.997,"131,56","1,56","9,06","21,02",0,0,"1,61","1,08","2,72","30,08","37,05","1,56","9,05","20,74",0,0,"1,6","1,05","2,29","29,79","36,29",0,"0,0106","0,2777",0,0,"0,0122","0,0319","0,43","0,2883","0,7623","0,0426","0,2446","0,5664",0,0,"0,0438","0,0293","0,0733","0,811","0,0435","0,2491","0,5707",0,0,"0,0443","0,0291","0,0633","0,8198",0,"0,0282","0,3141",0,0,"0,0556","0,0284","0,5737","0,3424","0,282","0,2763","213,94","218,21",,
tienda_mes,4308,1/7/2026,REFRIGERADO,Veterana,25,224,25.594,"113,96","1,67","6,86","10,11",0,0,"1,33","2,13","3,54","16,97","25,63","1,55","6,86","10,11",0,0,"1,3","2,06","3,02","16,97","24,89","0,1173",0,0,0,0,"0,0262","0,0765","0,5202",0,"0,7402","0,0643","0,2667","0,3966",0,0,"0,052","0,0824","0,1381","0,6633","0,062","0,274","0,407",0,0,"0,0524","0,0816","0,123","0,6811","0,2116",0,0,0,0,"0,0909","0,0909","0,6066",0,"0,2257","0,2193","270,31","277,2",,
tienda_mes,4308,1/7/2026,CONGELADO,Veterana,25,169,6.395,"37,55","1,26","2,9","4,92",0,0,"1,46","2,08","2,53","7,82","15,16","1,26","2,9","4,92",0,0,"1,41","2,08","2,25","7,82","14,82",0,0,0,0,0,"0,0518",0,"0,286",0,"0,3378","0,0829","0,1909","0,3272",0,0,"0,0955","0,1356","0,1679","0,5181","0,0847","0,1947","0,3342",0,0,"0,095","0,1386","0,1529","0,5289",0,0,0,0,0,"0,125",0,"0,875",0,"0,4079","0,3983","151,75","154,62",,
tienda_mes,4308,1/7/2026,FRESCOS,Veterana,25,230,18.267,"79,13","1,41",0,0,20,"1,53","0,8827","5,02","2,39",20,"31,23","1,33",0,0,"19,87","1,53","0,8827","4,95",2,"19,87","30,57","0,0777",0,0,"0,13",0,0,"0,0638","0,3901","0,13","0,6615","0,0449",0,0,"0,6398","0,0486","0,0281","0,1616","0,077","0,6398","0,0436",0,0,"0,649","0,0497","0,0287","0,1629","0,066","0,649","0,1076",0,0,"0,0985",0,0,"0,0769","0,717","0,0985","0,3952","0,3868","153,2","156,47",,
tienda_mes,4308,1/7/2026,FYV,Veterana,25,188,16.276,"86,81","1,24",0,0,"11,58","5,73","1,42","4,22","1,99","11,58","26,19","1,24",0,0,"11,38","5,61","1,42","4,13","1,76","11,38","25,54",0,0,0,"0,2024","0,122",0,"0,085","0,2367","0,2024","0,6461","0,0473",0,0,"0,4418","0,2193","0,0544","0,1612","0,076","0,4418","0,0484",0,0,"0,4457","0,2193","0,0558","0,1617","0,069","0,4457",0,0,0,"0,2691","0,3",0,"0,0754","0,3555","0,2691","0,3033","0,2957","200,28","205,18",,
tienda_mes,4308,1/7/2026,HORNO,Veterana,25,98,1.731,"18,09","0,2472","1,36","1,45",0,0,"0,2449","3,8","0,4082","2,82","7,52","0,2472","1,36","1,45",0,0,"0,2449","3,61","0,3593","2,82","7,28",0,0,0,0,0,0,"0,1913","0,0489",0,"0,2402","0,0329","0,1834","0,196",0,0,"0,0326","0,5015","0,0535","0,3794","0,0339","0,1873","0,2005",0,0,"0,0334","0,4961","0,0489","0,3878",0,0,0,0,0,0,"0,5","0,5",0,"0,4357","0,4214","152,14","154,51",,
tienda_mes,4308,1/7/2026,PENDIENTES,Veterana,24,93,1.010,"10,83","1,25","2,93","3,16",0,0,"1,29","3,84","2,46","6,09","14,93","1,25","2,83","3,02",0,0,"1,18","3,84","1,81","5,86","13,94",0,"0,0911","0,1399",0,0,"0,1118",0,"0,6426","0,231","0,9854","0,0882","0,1934","0,2041",0,0,"0,0909","0,2559","0,1674","0,3975","0,0952","0,2006","0,2092",0,0,"0,0879","0,271","0,1363","0,4097",0,"0,0691","0,1809",0,0,"0,125",0,"0,625","0,25","1,69","1,59","45,05","47,49",,
tienda_mes,4315,1/7/2026,GLOBAL,Liebre,27,,79.591,,,,,,,,,,,,,,,,,,,,,,,,,,,,,,,,,,,,,,,,,,,,,,,,,,,,,,,,,,,,,,,"0,3001","0,2823"
tienda_mes,4315,1/7/2026,SECOS,Veterana,27,307,41.302,"134,41","0,2535","8,71","24,24",0,0,"0,7781","0,5737","4,61","32,95","39,17","0,2535","8,71","23,95",0,0,"0,7781","0,5737","2,95","32,67","37,23",0,0,"0,2815",0,0,0,0,"1,66","0,2815","1,94","0,0065","0,2225","0,6182",0,0,"0,0197","0,0147","0,1183","0,8408","0,0069","0,2344","0,6427",0,0,"0,0207","0,0154","0,0799","0,8771",0,0,"0,1319",0,0,0,0,"0,8681","0,1319","0,2925","0,278","206,22","217,03",,
tienda_mes,4315,1/7/2026,REFRIGERADO,Veterana,27,145,14.711,"101,33","0,4092","5,54","11,64",0,0,"0,8502","2,77","3,02","17,18","24,23","0,3544","5,54","11,51",0,0,"0,8502","2,77","2,59","17,05","23,62","0,0548",0,"0,1307",0,0,0,0,"0,4229","0,1307","0,6085","0,0172","0,2279","0,4808",0,0,"0,035","0,115","0,1241","0,7087","0,0149","0,2337","0,4884",0,0,"0,0359","0,1175","0,1096","0,7221","0,1",0,"0,3",0,0,0,0,"0,6","0,3","0,2405","0,2344","252,25","258,61",,
tienda_mes,4315,1/7/2026,CONGELADO,Veterana,27,116,4.421,"38,47","0,3727","2,32","5,29",0,0,"1,11","2,12","3,18","7,61","14,39","0,3727","2,32","5,21",0,0,"0,9413","2,12","2,34","7,53","13,3",0,0,"0,0779",0,0,"0,1679",0,"0,8461","0,0779","1,09","0,0257","0,1636","0,3654",0,0,"0,0744","0,1506","0,2203","0,529","0,0277","0,1747","0,3896",0,0,"0,0707","0,1597","0,1775","0,5644",0,0,"0,0449",0,0,"0,0735",0,"0,8816","0,0449","0,3787","0,3519","162,78","174,32",,
tienda_mes,4315,1/7/2026,FRESCOS,Veterana,27,137,8.531,"62,19","0,301",0,0,"15,45","1,11","1,17","4,12","3,91","15,45","26,06","0,301",0,0,"15,26","1,11","1,17","4,12","1,98","15,26","23,94",0,0,0,"0,1848",0,0,0,"1,94","0,1848","2,12","0,0116",0,0,"0,5939","0,043","0,0449","0,1581","0,1485","0,5939","0,0125",0,0,"0,6378","0,0466","0,049","0,1716","0,0825","0,6378",0,0,0,"0,1507",0,0,0,"0,8493","0,1507","0,4239","0,3886","144,88","157,44",,
tienda_mes,4315,1/7/2026,FYV,Veterana,27,122,9.077,"75,42","0,4881",0,0,"9,41","4,24","0,9612","2,78","2,8","9,41","20,68","0,4881",0,0,"9,22","4,14","0,9612","2,78","1,43","9,22","19,02",0,0,0,"0,1934","0,1057",0,0,"1,36","0,1934","1,66","0,0237",0,0,"0,4549","0,204","0,047","0,1368","0,1336","0,4549","0,026",0,0,"0,4845","0,2155","0,0509","0,1471","0,076","0,4845",0,0,0,"0,1176","0,0839",0,0,"0,7984","0,1176","0,2776","0,2555","220,31","238,77",,
tienda_mes,4315,1/7/2026,HORNO,Veterana,27,76,1.485,"19,43","0,3319","0,6986","1,23",0,0,"0,244","1,65","0,9518","1,93","5,1","0,3319","0,6986","1,23",0,0,"0,244","1,65","0,3841","1,93","4,53",0,0,0,0,0,0,0,"0,5678",0,"0,5678","0,0644","0,1466","0,2525",0,0,"0,0523","0,3447","0,1395","0,3991","0,0722","0,1582","0,2674",0,0,"0,0567","0,3748","0,0707","0,4256",0,0,0,0,0,0,0,1,0,"0,2714","0,244","255,51","275,37",,
tienda_mes,4315,1/7/2026,PENDIENTES,Veterana,21,26,64,"2,29","0,1912","0,2527","0,2177",0,0,"0,2046","0,3762","4,73","0,4704","5,98","0,1912","0,2527","0,2177",0,0,"0,2046","0,3762","0,8719","0,4704","2,11",0,0,0,0,0,0,0,"3,86",0,"3,86","0,0783","0,0896","0,0534",0,0,"0,1451","0,1311","0,5024","0,143","0,1209","0,1304","0,0788",0,0,"0,2227","0,241","0,2063","0,2092",0,0,0,0,0,0,0,1,0,"3,16","0,7918","70,5","123,22",,
tienda_mes,4346,1/7/2026,GLOBAL,Liebre,27,,99.815,,,,,,,,,,,,,,,,,,,,,,,,,,,,,,,,,,,,,,,,,,,,,,,,,,,,,,,,,,,,,,,"0,3036","0,2901"
tienda_mes,4346,1/7/2026,SECOS,Veterana,27,367,55.166,"149,48","1,19","9,92","22,31",0,0,"1,38","1,45","3,72","32,24","39,97","1,19","9,92","22,06",0,0,"1,32","1,45","2,43","31,99","38,38",0,0,"0,2499",0,0,"0,0561",0,"1,29","0,2499","1,59","0,03","0,2484","0,5571",0,0,"0,0347","0,0361","0,0937","0,8055","0,0312","0,2586","0,5742",0,0,"0,0346","0,0376","0,0637","0,8328",0,0,"0,1122",0,0,"0,0305",0,"0,8572","0,1122","0,269","0,2584","224,65","233,91",,
tienda_mes,4346,1/7/2026,REFRIGERADO,Veterana,27,176,18.185,"102,96","1,4","6,5","14,65",0,0,"1,2","2,49","3,63","21,15","29,88","1,31","6,5","13,78",0,0,"1,07","2,49","2,72","20,28","27,87","0,0924",0,"0,871",0,0,"0,125",0,"0,9167","0,871","2,01","0,0473","0,218","0,4912",0,0,"0,0402","0,0826","0,1208","0,7092","0,047","0,2329","0,4949",0,0,"0,0388","0,0882","0,0983","0,7278","0,0737",0,"0,4748",0,0,"0,0389",0,"0,4126","0,4748","0,2928","0,2728","208,75","222,61",,
tienda_mes,4346,1/7/2026,CONGELADO,Veterana,27,132,5.819,"43,81","1,64","3,16","8,06",0,0,"0,8468","1,99","3,26","11,23","18,96","1,64","3,13","7,57",0,0,"0,7049","1,99","2,55","10,69","17,58",0,"0,0344","0,498",0,0,"0,1419",0,"0,7039","0,5324","1,38","0,0874","0,1658","0,425",0,0,"0,0445","0,1056","0,1716","0,5908","0,0954","0,1764","0,4295",0,0,"0,0408","0,1136","0,1443","0,6059",0,"0,0396","0,3569",0,0,"0,0769",0,"0,5266","0,3965","0,4375","0,406","139,62","150,79",,
tienda_mes,4346,1/7/2026,FRESCOS,Veterana,27,154,10.779,"69,47","1,46",0,0,"16,84","0,9765","1,07","3,72","2,85","16,84","26,92","1,42",0,0,"16,79","0,9765","1,07","3,72","2,28","16,79","26,26","0,0414",0,0,"0,0554",0,0,0,"0,5641","0,0554","0,6609","0,0546",0,0,"0,6247","0,0362","0,0403","0,1392","0,105","0,6247","0,0542",0,0,"0,6374","0,037","0,0411","0,1423","0,0879","0,6374","0,1111",0,0,"0,0669",0,0,0,"0,822","0,0669","0,391","0,3823","155,44","159,1",,
tienda_mes,4346,1/7/2026,FYV,Veterana,27,126,8.260,"65,17","1,86",0,0,"8,15","3,79","1,56","2,88","2,26","8,15","20,5","1,75",0,0,"8,1","3,79","1,56","2,88","1,69","8,1","19,77","0,1076",0,0,"0,0521",0,0,0,"0,5743","0,0521","0,734","0,0897",0,0,"0,3993","0,1851","0,0766","0,1416","0,1077","0,3993","0,0884",0,0,"0,4092","0,1915","0,0789","0,1469","0,0851","0,4092","0,1238",0,0,"0,0717",0,0,0,"0,8045","0,0717","0,3223","0,3089","191,16","197,2",,
tienda_mes,4346,1/7/2026,HORNO,Veterana,27,71,1.123,"16,14","0,2085","1,15","1,42",0,0,"1,19","3,16","0,256","2,57","7,37","0,2085","1,15","1,42",0,0,"1,19","3,16","0,256","2,57","7,37",0,0,0,0,0,0,0,0,0,0,"0,03","0,1579","0,1885",0,0,"0,1584","0,4301","0,0351","0,3464","0,03","0,1579","0,1885",0,0,"0,1584","0,4301","0,0351","0,3464",,,,,,,,,,"0,4663","0,4663","136,32","136,32",,
tienda_mes,4346,1/7/2026,PENDIENTES,Veterana,27,64,478,"7,31","0,4","0,8363","1,38",0,0,"0,5215","1,63","0,782","2,22","5,55","0,4","0,8363","1,21",0,0,"0,4133","1,54","0,4342","2,04","4,83",0,0,"0,1768",0,0,"0,1082","0,0845","0,3478","0,1768","0,7172","0,0844","0,1486","0,2135",0,0,"0,1171","0,3099","0,1266","0,3621","0,1014","0,159","0,2104",0,0,"0,1134","0,3293","0,0865","0,3694",0,0,"0,1667",0,0,"0,1667","0,1667","0,5","0,1667","0,9383","0,7939","88,98","98,23",,
tienda_mes,4353,1/7/2026,GLOBAL,Liebre,27,,16.403,,,,,,,,,,,,,,,,,,,,,,,,,,,,,,,,,,,,,,,,,,,,,,,,,,,,,,,,,,,,,,,"0,2985","0,2359"
tienda_mes,4353,1/7/2026,SECOS,No veterana,27,74,9.598,"123,61","0,5095","10,37","16,15",0,0,"0,1728","0,3387","5,34","26,52","32,88","0,5095","10,37","16,15",0,0,"0,1728","0,3387","2,12","26,52","29,67",0,0,0,0,0,0,0,"3,21",0,"3,21","0,0166","0,3182","0,4929",0,0,"0,0053","0,0106","0,1564","0,8111","0,0181","0,3499","0,5431",0,0,"0,0058","0,0116","0,0716","0,8929",0,0,0,0,0,0,0,1,0,"0,2741","0,2492","226,62","250,15",,
tienda_mes,4353,1/7/2026,REFRIGERADO,No veterana,27,34,2.671,"76,02","0,1564","4,78","7,03",0,0,"0,1655","0,4516","7,47","11,81","20,05","0,1564","4,78","7,03",0,0,"0,1655","0,4516","0,4081","11,81","12,99",0,0,0,0,0,0,0,"7,06",0,"7,06","0,0102","0,2542","0,4015",0,0,"0,0095","0,0247","0,2999","0,6557","0,0139","0,3553","0,5444",0,0,"0,0117","0,033","0,0417","0,8997",0,0,0,0,0,0,0,1,0,"0,2582","0,1709","265,59","368,31",,
tienda_mes,4353,1/7/2026,CONGELADO,No veterana,27,31,921,"29,74","0,2427","2,15","4,11",0,0,"0,1604","0,8001","5,03","6,26","12,49","0,2427","2,15","3,81",0,0,"0,1604","0,8001","0,207","5,96","7,37",0,0,"0,2942",0,0,0,0,"4,82","0,2942","5,12","0,0273","0,1882","0,3627",0,0,"0,0152","0,078","0,3286","0,5508","0,0449","0,277","0,504",0,0,"0,0257","0,115","0,0334","0,781",0,0,"0,0667",0,0,0,0,"0,9333","0,0667","0,5253","0,246","176,95","268,05",,
tienda_mes,4353,1/7/2026,FRESCOS,No veterana,27,31,1.618,"51,81","0,1996",0,0,"9,93","0,5","0,8489","1,3","7,52","9,93","20,29","0,1996",0,0,"9,93","0,5","0,8489","1,3","1,25","9,93","14,03",0,0,0,0,0,0,0,"6,26",0,"6,26","0,0116",0,0,"0,5058","0,0221","0,0519","0,0761","0,3326","0,5058","0,0159",0,0,"0,6781","0,0305","0,0733","0,1027","0,0995","0,6781",0,0,0,0,0,0,0,1,0,"0,434","0,2761","173,91","230,5",,
tienda_mes,4353,1/7/2026,FYV,No veterana,27,27,1.065,"39,44","0,383",0,0,"4,1","1,88","0,3837","1,35","3,31","4,1","11,41","0,383",0,0,"4,1","1,88","0,3837","1,35","0,4495","4,1","8,55",0,0,0,0,0,0,0,"2,86",0,"2,86","0,0585",0,0,"0,4017","0,1778","0,0548","0,1436","0,1636","0,4017","0,0655",0,0,"0,4564","0,2104","0,0656","0,1546","0,0475","0,4564",0,0,0,0,0,0,0,1,0,"0,3099","0,2249","263,07","324,46",,
tienda_mes,4353,1/7/2026,HORNO,No veterana,25,25,336,"13,44","0,1539","1,14","1,28",0,0,"0,2055","1,27","0,0269","2,42","4,07","0,1539","1,14","1,28",0,0,"0,2055","1,27","0,0269","2,42","4,07",0,0,0,0,0,0,0,0,0,0,"0,0574","0,2308","0,2522",0,0,"0,0737","0,3679","0,018","0,483","0,0574","0,2308","0,2522",0,0,"0,0737","0,3679","0,018","0,483",,,,,,,,,,"0,2683","0,2683","284,24","284,24",,
tienda_mes,4353,1/7/2026,PENDIENTES,No veterana,23,25,194,"6,76","0,0962","0,2998","0,3245",0,0,"0,1221","0,7738","0,1883","0,6243","1,8","0,0962","0,2998","0,3245",0,0,"0,1221","0,7738","0,1883","0,6243","1,8",0,0,0,0,0,0,0,0,0,0,"0,1007","0,1743","0,1335",0,0,"0,1281","0,4282","0,0352","0,3078","0,1007","0,1743","0,1335",0,0,"0,1281","0,4282","0,0352","0,3078",,,,,,,,,,"0,2848","0,2848","294,17","294,17",,
tienda_mes,4389,1/7/2026,GLOBAL,Liebre,27,,55.570,,,,,,,,,,,,,,,,,,,,,,,,,,,,,,,,,,,,,,,,,,,,,,,,,,,,,,,,,,,,,,,"0,2974","0,2889"
tienda_mes,4389,1/7/2026,SECOS,Veterana,27,239,30.565,"124,8","0,899","5,45","24,24",0,0,"0,8135","0,5868","4,1","29,7","36,09","0,8854","5,45","24,22",0,0,"0,8135","0,5868","2,66","29,67","34,61","0,0136",0,"0,0281",0,0,0,0,"1,44","0,0281","1,48","0,0252","0,1519","0,6697",0,0,"0,0225","0,0163","0,1145","0,8216","0,0259","0,1583","0,6975",0,0,"0,0234","0,0169","0,078","0,8558","0,0094",0,"0,0089",0,0,0,0,"0,9817","0,0089","0,2919","0,2798","207,44","216,33",,
tienda_mes,4389,1/7/2026,REFRIGERADO,Veterana,27,103,8.445,"80,59","0,9248","3,5","10,23",0,0,"0,8227","1,85","2,75","13,72","20,07","0,9248","3,5","10,23",0,0,"0,8227","1,85","2,46","13,72","19,78",0,0,0,0,0,0,0,"0,2927",0,"0,2927","0,047","0,1744","0,5073",0,0,"0,0412","0,0914","0,1386","0,6817","0,0475","0,1769","0,5138",0,0,"0,0418","0,0929","0,1271","0,6907",0,0,0,0,0,0,0,1,0,"0,2519","0,2485","240,94","244,13",,
tienda_mes,4389,1/7/2026,CONGELADO,Veterana,27,89,3.647,"40,16","0,8944","1,9","6,27",0,0,"0,4649","1,35","2,77","8,17","13,65","0,8944","1,9","6,27",0,0,"0,4649","1,35","1,9","8,17","12,78",0,0,0,0,0,0,0,"0,8706",0,"0,8706","0,0673","0,1321","0,4607",0,0,"0,0342","0,098","0,2076","0,5929","0,0721","0,1412","0,4923",0,0,"0,0364","0,1049","0,1532","0,6334",0,0,0,0,0,0,0,1,0,"0,3509","0,3303","176,42","188,97",,
tienda_mes,4389,1/7/2026,FRESCOS,Veterana,27,100,6.013,"59,63","0,9675",0,0,"14,52","0,8359","0,9333","2,7","2,48","14,52","22,44","0,9675",0,0,"14,52","0,8359","0,754","2,7","2,4","14,52","22,18",0,0,0,0,0,"0,1793",0,"0,0772",0,"0,2564","0,0445",0,0,"0,6466","0,0374","0,0398","0,1203","0,1115","0,6466","0,0446",0,0,"0,6529","0,0376","0,0345","0,1215","0,1089","0,6529",0,0,0,0,0,"0,5",0,"0,5",0,"0,3811","0,3774","159,52","160,99",,
tienda_mes,4389,1/7/2026,FYV,Veterana,27,89,5.812,"63,72","1,21",0,0,"8,14","3,52","1,27","2,62","2,42","8,14","19,19","1,21",0,0,"8,14","3,45","1,27","2,62","2,31","8,14",19,0,0,0,0,"0,0763",0,0,"0,1042",0,"0,1806","0,0645",0,0,"0,4211","0,1838","0,0665","0,1359","0,1283","0,4211","0,065",0,0,"0,4249","0,1816","0,067","0,137","0,1245","0,4249",0,0,0,0,"0,5",0,0,"0,5",0,"0,3117","0,3091","197,55","199,38",,
tienda_mes,4389,1/7/2026,HORNO,Veterana,27,63,1.072,"16,02","0,208","0,4716","0,9425",0,0,"0,3856","1,62","0,1746","1,41","3,8","0,208","0,4716","0,9425",0,0,"0,3856","1,62","0,1746","1,41","3,8",0,0,0,0,0,0,0,0,0,0,"0,0586","0,1191","0,2269",0,0,"0,1079","0,4426","0,0448","0,346","0,0586","0,1191","0,2269",0,0,"0,1079","0,4426","0,0448","0,346",,,,,,,,,,"0,2912","0,2912","293,96","293,96",,
tienda_mes,4389,1/7/2026,PENDIENTES,Veterana,5,5,16,"3,2","0,4014","0,1484","0,0848",0,0,"0,1435","0,3278","2,46","0,2332","3,57","0,4014","0,1484","0,0848",0,0,"0,1435","0,3278","2,46","0,2332","3,57",0,0,0,0,0,0,0,0,0,0,"0,1424","0,0561","0,0258",0,0,"0,0536","0,1354","0,5868","0,0819","0,1424","0,0561","0,0258",0,0,"0,0536","0,1354","0,5868","0,0819",,,,,,,,,,"2,22","2,22","68,86","68,86",,
tienda_mes,4413,1/7/2026,GLOBAL,Liebre,27,,110.771,,,,,,,,,,,,,,,,,,,,,,,,,,,,,,,,,,,,,,,,,,,,,,,,,,,,,,,,,,,,,,,"0,2837","0,2595"
tienda_mes,4413,1/7/2026,SECOS,Veterana,27,445,67.093,"148,88","1,26","7,3","23,91",0,0,"0,9892","0,7571","5,6","31,21","39,81","1,15","7,25","23,34",0,0,"0,9024","0,7571","2,15","30,59","35,55","0,1087","0,0447","0,5704",0,0,"0,0867",0,"3,45","0,6151","4,26","0,0316","0,1823","0,6002",0,0,"0,0251","0,019","0,1418","0,7825","0,0325","0,2028","0,6573",0,0,"0,0253","0,0212","0,0608","0,8601","0,0202","0,0115","0,1099",0,0,"0,0158",0,"0,8426","0,1214","0,2688","0,2396","224,45","251,75",,
tienda_mes,4413,1/7/2026,REFRIGERADO,Veterana,27,178,17.055,"95,85","0,5055","3,97","10,65",0,0,"0,932","3,39","3,51","14,62","22,96","0,5055","3,97","10,53",0,0,"0,8975","3,35","1,92","14,5","21,18",0,0,"0,1201",0,0,"0,0344","0,0352","1,59","0,1201","1,78","0,0223","0,1728","0,4652",0,0,"0,0415","0,148","0,1502","0,638","0,0244","0,187","0,4969",0,0,"0,0427","0,1583","0,0907","0,6839",0,0,"0,0534",0,0,"0,0238","0,0344","0,8884","0,0534","0,2415","0,2222","253,13",273,,
tienda_mes,4413,1/7/2026,CONGELADO,Veterana,27,141,6.223,"43,66","0,7591","2,41","6,61",0,0,"0,6666","2,07","3,97","9,02","16,49","0,7591","2,29","6,54",0,0,"0,6666","2,07","2,86","8,83","15,19",0,"0,1199","0,0696",0,0,0,0,"1,11","0,1895","1,3","0,0475","0,1452","0,4029",0,0,"0,0414","0,1257","0,2373","0,5481","0,0504","0,1475","0,4309",0,0,"0,0444","0,1343","0,1925","0,5784",0,"0,1429","0,0175",0,0,0,0,"0,8396","0,1604","0,3854","0,3537","161,92","173,11",,
tienda_mes,4413,1/7/2026,FRESCOS,Veterana,27,168,9.089,"53,85","0,6916",0,0,"12,25","0,6444","1,29","2,07","3,47","12,25","20,41","0,6916",0,0,12,"0,6444","1,26","1,98","3,01",12,"19,58",0,0,0,"0,2468",0,"0,0322","0,0954","0,4603","0,2468","0,8347","0,0351",0,0,"0,5974","0,0316","0,0632","0,1012","0,1715","0,5974","0,0364",0,0,"0,6104","0,0327","0,0643","0,1015","0,1548","0,6104",0,0,0,"0,3269",0,"0,0833","0,0527","0,537","0,3269","0,3815","0,366","159,49","165,82",,
tienda_mes,4413,1/7/2026,FYV,Veterana,27,131,9.542,"72,92","1,1",0,0,"8,01","3,18","1,02","3,27","2,64","8,01","19,23","1,1",0,0,"8,01","3,18","1,02","3,27","1,97","8,01","18,56",0,0,0,0,0,0,0,"0,6659",0,"0,6659","0,0578",0,0,"0,4173","0,1657","0,0538","0,1711","0,1344","0,4173","0,0596",0,0,"0,4309","0,171","0,0553","0,1771","0,106","0,4309",0,0,0,0,0,0,0,1,0,"0,2686","0,2595","228,22","235,69",,
tienda_mes,4413,1/7/2026,HORNO,Veterana,27,81,1.381,"17,04","0,2005","0,8211","1,42",0,0,"2,41","1,92","0,355","2,24","7,13","0,2005","0,8211","1,27",0,0,"1,79","1,92","0,038","2,09","6,04",0,0,"0,151",0,0,"0,6186",0,"0,317","0,151","1,09","0,0299","0,1161","0,2095",0,0,"0,324","0,2901","0,0304","0,3256","0,0326","0,131","0,2092",0,0,"0,2964","0,3229","0,0079","0,3403",0,0,"0,1667",0,0,"0,6667",0,"0,1667","0,1667","0,4337","0,3641",156,"174,64",,
tienda_mes,4413,1/7/2026,PENDIENTES,Veterana,17,49,386,"6,9",1,"1,22","1,23",0,0,"0,3793","1,59",4,"2,45","9,42",1,"1,22","1,23",0,0,"0,3793","1,59","2,53","2,45","7,96",0,0,0,0,0,0,0,"1,47",0,"1,47","0,1011","0,1051","0,1141",0,0,"0,0452","0,1617","0,4729","0,2192","0,1188","0,1363","0,1361",0,0,"0,0604","0,2015","0,3469","0,2724",0,0,0,0,0,0,0,1,0,"2,31","2,08","39,99","52,09",,
tienda_mes,4443,1/7/2026,GLOBAL,Liebre,27,,152.138,,,,,,,,,,,,,,,,,,,,,,,,,,,,,,,,,,,,,,,,,,,,,,,,,,,,,,,,,,,,,,,"0,3","0,2699"
tienda_mes,4443,1/7/2026,SECOS,Veterana,27,492,85.727,"172,46","0,5097","10,11","28,93",0,0,"0,4821","1,06","6,65","39,04","47,74","0,4929","10,11","28,34",0,0,"0,4821","1,03","1,29","38,45","41,75","0,0168",0,"0,5895",0,0,0,"0,0304","5,36","0,5895","5,99","0,0107","0,2121","0,6055",0,0,"0,0101","0,0225","0,1391","0,8176","0,0119","0,2421","0,6782",0,0,"0,0116","0,0248","0,0313","0,9203","0,0018",0,"0,0763",0,0,0,"0,0042","0,9177","0,0763","0,2796","0,245","217,29","248,48",,
tienda_mes,4443,1/7/2026,REFRIGERADO,Veterana,27,214,25.339,"117,61","0,3079","5,94","13,91",0,0,"0,7911","2,43","4,35","19,85","27,73","0,3079","5,94","13,85",0,0,"0,7911","2,43","2,11","19,79","25,44",0,0,"0,0599",0,0,0,0,"2,24","0,0599","2,3","0,011","0,2127","0,5026",0,0,"0,0282","0,087","0,1585","0,7153","0,0121","0,2305","0,5494",0,0,"0,0306","0,0945","0,0828","0,7799",0,0,"0,0166",0,0,0,0,"0,9834","0,0166","0,2367","0,2167","257,67","281,75",,
tienda_mes,4443,1/7/2026,CONGELADO,Veterana,27,173,8.815,"50,75","0,2326","3,18","8,33",0,0,"0,7878","2,14","4,47","11,52","19,14","0,2326","3,18","8,1",0,0,"0,7878","2,14","2,37","11,29","16,82",0,0,"0,231",0,0,0,0,"2,1","0,231","2,33","0,0123","0,1673","0,4329",0,0,"0,0417","0,112","0,2338","0,6002","0,0141","0,1883","0,4819",0,0,"0,047","0,1278","0,141","0,6702",0,0,"0,0679",0,0,0,0,"0,9321","0,0679","0,3793","0,3328","160,59","183,91",,
tienda_mes,4443,1/7/2026,FRESCOS,Veterana,27,206,15.790,"75,98","0,4033",0,0,"17,28","1,28","0,9291","4,05","4,65","17,28","28,58","0,4033",0,0,"17,23","1,28","0,9291","4,05","2,53","17,23","26,42",0,0,0,"0,044",0,0,0,"2,12","0,044","2,16","0,014",0,0,"0,605","0,0446","0,0329","0,1419","0,1616","0,605","0,015",0,0,"0,6515","0,0482","0,0354","0,1536","0,0963","0,6515",0,0,0,"0,0107",0,0,0,"0,9893","0,0107","0,3791","0,3509","161,05","173,93",,
tienda_mes,4443,1/7/2026,FYV,Veterana,27,171,12.141,"70,54","0,7847",0,0,"9,51","4,62","1,18","2,97","3,91","9,51","22,98","0,7847",0,0,"9,42","4,54","1,18","2,92","2,49","9,42","21,35",0,0,0,"0,0886","0,0759",0,"0,0455","1,42","0,0886","1,63","0,0341",0,0,"0,4143","0,2011","0,0516","0,1282","0,1706","0,4143","0,0365",0,0,"0,4423","0,213","0,0553","0,1358","0,117","0,4423",0,0,0,"0,026","0,1",0,"0,0228","0,8512","0,026","0,3294","0,3061","184,66","198,95",,
tienda_mes,4443,1/7/2026,HORNO,Veterana,27,112,2.802,"25,06","0,2648","1,33","1,72",0,0,"0,6998","3,31","0,3168","3,05","7,64","0,2648","1,33","1,72",0,0,"0,6998","3,31","0,3168","3,05","7,64",0,0,0,0,0,0,0,0,0,0,"0,033","0,1719","0,2242",0,0,"0,0947","0,4386","0,0376","0,3961","0,033","0,1719","0,2242",0,0,"0,0947","0,4386","0,0376","0,3961",,,,,,,,,,"0,3166","0,3166","202,1","202,1",,
tienda_mes,4443,1/7/2026,PENDIENTES,Veterana,27,133,1.516,"11,25","0,6618","1,23","3,34",0,0,"0,5307","3,32","3,23","4,57","12,31","0,6618","1,23","3,25",0,0,"0,5307","3,32","1,54","4,47","10,53",0,0,"0,0936",0,0,0,0,"1,68","0,0936","1,78","0,0559","0,1027","0,266",0,0,"0,0479","0,2787","0,2487","0,3687","0,0656","0,1203","0,298",0,0,"0,0558","0,3214","0,1389","0,4183",0,0,"0,0714",0,0,0,0,"0,9286","0,0714","1,18","0,9995","57,7","65,85",,
tienda_mes,4458,1/7/2026,GLOBAL,Liebre,27,,101.021,,,,,,,,,,,,,,,,,,,,,,,,,,,,,,,,,,,,,,,,,,,,,,,,,,,,,,,,,,,,,,,"0,2976","0,2936"
tienda_mes,4458,1/7/2026,SECOS,Veterana,27,383,57.226,"148,88","2,61","7,76","28,27",0,0,"1,72","0,7335","1,92","36,02","43,01","2,43","7,71","28,11",0,0,"1,65","0,7335","1,83","35,83","42,47","0,1821","0,0442","0,1531",0,0,"0,0718",0,"0,0878","0,1973","0,539","0,0606","0,1797","0,6576",0,0,"0,0399","0,0171","0,0451","0,8373","0,0572","0,1809","0,6623",0,0,"0,0387","0,0173","0,0436","0,8432","0,3625","0,0537","0,2436",0,0,"0,1553",0,"0,1849","0,2973","0,29","0,2864","207,85","210,5",,
tienda_mes,4458,1/7/2026,REFRIGERADO,Veterana,27,163,17.670,"108,01","1,7","5,17","12,65",0,0,"1,05","2,04","2,1","17,82","24,71","1,66","5,17","12,48",0,0,"1,05","2,04","1,89","17,65","24,29","0,0382",0,"0,1703",0,0,0,0,"0,2059","0,1703","0,4144","0,0687","0,2099","0,511",0,0,"0,0427","0,0823","0,0853","0,7209","0,068","0,2133","0,5132",0,0,"0,0435","0,0835","0,0785","0,7265","0,1429",0,"0,2857",0,0,0,0,"0,5714","0,2857","0,2302","0,2266","262,07","266,74",,
tienda_mes,4458,1/7/2026,CONGELADO,Veterana,27,139,7.234,"51,9","1,56","2,91","7,89",0,0,"1,22","2,29","1,98","10,79","17,85","1,44","2,91","7,89",0,0,"1,16","2,29","1,94","10,79","17,62","0,1232",0,0,0,0,"0,0565",0,"0,0455",0,"0,2251","0,088","0,1631","0,4406",0,0,"0,0685","0,1281","0,1117","0,6037","0,0822","0,165","0,4462",0,0,"0,0662","0,1294","0,111","0,6112","0,5",0,0,0,0,"0,25",0,"0,25",0,"0,3474","0,3427","174,44","176,48",,
tienda_mes,4458,1/7/2026,FRESCOS,Veterana,27,150,10.356,"68,84","1,55",0,0,"15,96","1,16","1,04","4,45","1,5","15,96","25,65","1,55",0,0,"15,83","1,12","1,04","4,45","1,4","15,83","25,38",0,0,0,"0,1307","0,0459",0,0,"0,1007","0,1307","0,2773","0,06",0,0,"0,6222","0,045","0,0405","0,1741","0,0583","0,6222","0,0608",0,0,"0,6242","0,0438","0,0408","0,1758","0,0547","0,6242",0,0,0,"0,5","0,1201",0,0,"0,3799","0,5","0,3761","0,3719","160,94","162,64",,
tienda_mes,4458,1/7/2026,FYV,Veterana,27,109,6.324,"57,32",2,0,0,"7,79","4,39","1,19","3,25","1,24","7,79","19,86","1,95",0,0,"7,61","4,27","1,19","3,25","1,18","7,61","19,45","0,0453",0,0,"0,1775","0,1228",0,0,"0,0665","0,1775","0,412","0,1014",0,0,"0,3889","0,2202","0,0612","0,1648","0,0635","0,3889","0,1017",0,0,"0,3892","0,2181","0,0624","0,1678","0,0609","0,3892","0,25",0,0,"0,1822","0,3178",0,0,"0,25","0,1822","0,3557","0,3489","172,58","175,9",,
tienda_mes,4458,1/7/2026,HORNO,Veterana,27,79,1.878,"24,05","1,24","1,34","1,97",0,0,"0,9238","2,52","0,2443","3,32","8,24","1,07","1,34","1,97",0,0,"0,9238","2,52","0,2443","3,32","8,07","0,1746",0,0,0,0,0,0,0,0,"0,1746","0,149","0,1638","0,2361",0,0,"0,1134","0,3075","0,0302","0,3999","0,1316","0,1681","0,2399",0,0,"0,1148","0,3143","0,0312","0,408",1,0,0,0,0,0,0,0,0,"0,3524","0,345","177,89","182,94",,
tienda_mes,4458,1/7/2026,PENDIENTES,Veterana,27,36,332,"9,62","1,06","0,7203","1,27",0,0,"0,5447","1,87","2,73","1,99","8,19","1,06","0,7203","1,27",0,0,"0,5447","1,87","2,61","1,99","8,07",0,0,0,0,0,0,0,"0,123",0,"0,123","0,1405","0,0872","0,13",0,0,"0,068","0,2192","0,3551","0,2172","0,1436","0,0886","0,132",0,0,"0,0682","0,2212","0,3463","0,2206",0,0,0,0,0,0,0,1,0,"1,28","1,27","65,74","66,67",,
tienda_mes,4472,1/7/2026,GLOBAL,Liebre,27,,191.196,,,,,,,,,,,,,,,,,,,,,,,,,,,,,,,,,,,,,,,,,,,,,,,,,,,,,,,,,,,,,,,"0,2961","0,2866"
tienda_mes,4472,1/7/2026,SECOS,Veterana,27,768,106.277,"137,89","1,46","8,87","20,52",0,0,"1,14","1,07","3,62","29,39","36,68","1,42","8,79","20,45",0,0,"1,13","1,04","2,68","29,24","35,52","0,0334","0,0809","0,0708",0,0,"0,0093","0,0263","0,9443","0,1517","1,16","0,0397","0,242","0,559",0,0,"0,0312","0,0292","0,099","0,801","0,0401","0,2475","0,5754",0,0,"0,0319","0,0294","0,0757","0,8229","0,0254","0,0637","0,0878",0,0,"0,0045","0,0175","0,801","0,1515","0,2665","0,2581","226,06","233,55",,
tienda_mes,4472,1/7/2026,REFRIGERADO,Veterana,27,290,30.058,"103,14","1,18","6,07","10,1",0,0,"0,8338","1,94","3,62","16,17","23,74","1,15","5,85","9,99",0,0,"0,8338","1,94","2,86","15,84","22,63","0,0294","0,2187","0,1051",0,0,0,0,"0,7628","0,3238","1,12","0,0499","0,255","0,4255",0,0,"0,0352","0,0816","0,1528","0,6805","0,051","0,2583","0,4412",0,0,"0,037","0,0855","0,1271","0,6995","0,0149","0,1075","0,0738",0,0,0,0,"0,8038","0,1813","0,2319","0,2214","262,27","275,92",,
tienda_mes,4472,1/7/2026,CONGELADO,Veterana,27,254,11.974,"46,89","1,16","3,2","7,41",0,0,"1,21","2,28","3,68","10,6","18,93","1,13","3,2","7,37",0,0,"1,21","2,24","3,09","10,57","18,24","0,0294",0,"0,0352",0,0,0,"0,0356","0,5924","0,0352","0,6926","0,0611","0,1693","0,3904",0,0,"0,064","0,1205","0,1947","0,5597","0,0618","0,1752","0,4034",0,0,"0,0665","0,1229","0,1702","0,5786","0,0667",0,"0,0384",0,0,0,"0,027","0,8679","0,0384","0,4067","0,3918","149,15","154,65",,
tienda_mes,4472,1/7/2026,FRESCOS,Veterana,27,287,21.018,"73,36","1,16",0,0,"19,07","1,09","1,03","4,62","2,76","19,07","29,73","1,16",0,0,"19,05","1,09","0,999","4,57","2,09","19,05","28,95",0,0,0,"0,0231",0,"0,0264","0,0511","0,6732","0,0231","0,7737","0,0393",0,0,"0,6414","0,0364","0,0344","0,1557","0,0928","0,6414","0,0403",0,0,"0,6571","0,0374","0,0343","0,1582","0,0728","0,6571",0,0,0,"0,0625",0,"0,0625","0,0211","0,8539","0,0625","0,4059","0,3953","149,04","152,8",,
tienda_mes,4472,1/7/2026,FYV,Veterana,27,223,16.706,"74,27","1,6",0,0,"9,76","4,15","1,22","4,23","2,54","9,76","23,5","1,6",0,0,"9,62","4,15","1,22","4,23","2,05","9,62","22,88",0,0,0,"0,1319",0,0,0,"0,4876","0,1319","0,6194","0,0683",0,0,"0,4144","0,176","0,0518","0,1805","0,109","0,4144","0,0702",0,0,"0,4204","0,1807","0,0533","0,1857","0,0898","0,4204",0,0,0,"0,192",0,0,0,"0,808","0,192","0,3244","0,3158","189,09","194,24",,
tienda_mes,4472,1/7/2026,HORNO,Veterana,27,152,3.939,"25,86","0,7359","1,4","1,89",0,0,"0,6992","3,87","0,4705","3,29","9,06","0,6576","1,4","1,88",0,0,"0,6992","3,87","0,4705","3,28","8,98","0,0782",0,"0,0072",0,0,0,0,0,"0,0072","0,0854","0,0801","0,1533","0,209",0,0,"0,0771","0,4288","0,0518","0,3622","0,0731","0,1549","0,2098",0,0,"0,0775","0,4326","0,0521","0,3647","0,5",0,"0,5",0,0,0,0,0,"0,5","0,3538","0,3502","172,36","173,72",,
tienda_mes,4472,1/7/2026,PENDIENTES,Veterana,27,129,1.214,"10,02","1,07","1,33","1,99",0,0,"0,586","3,05","2,77","3,32","10,79","1,07","1,13","1,99",0,0,"0,586","3,05","1,86","3,12","9,68",0,"0,2005",0,0,0,0,0,"0,9155","0,2005","1,12","0,1021","0,1164","0,1789",0,0,"0,0565","0,2834","0,2627","0,2953","0,1127","0,1139","0,1973",0,0,"0,0649","0,3114","0,1999","0,3111",0,"0,0909",0,0,0,0,0,"0,9091","0,0909","1,49","1,34","51,86","59,43",,
tienda_mes,4480,1/7/2026,GLOBAL,Liebre,27,,183.578,,,,,,,,,,,,,,,,,,,,,,,,,,,,,,,,,,,,,,,,,,,,,,,,,,,,,,,,,,,,,,,"0,2989","0,2788"
tienda_mes,4480,1/7/2026,SECOS,Veterana,27,714,99.682,"139,1","1,16","9,54","20,03",0,0,"0,417","0,5714","4,45","29,57","36,16","1,16","9,45","19,89",0,0,"0,417","0,5714","2,32","29,35","33,81",0,"0,0868","0,134",0,0,0,0,"2,13","0,2208","2,35","0,0322","0,2639","0,5535",0,0,"0,0116","0,0158","0,123","0,8174","0,0343","0,2799","0,5877",0,0,"0,0123","0,0169","0,0688","0,8676",0,"0,0323","0,0571",0,0,0,0,"0,9106","0,0894","0,2614","0,2444","231,1","247,05",,
tienda_mes,4480,1/7/2026,REFRIGERADO,Veterana,27,300,32.761,"108,63","0,9578","6,26","12,36",0,0,"1,06","2,49","3,52","18,62","26,66","0,8768","6,18","12,22",0,0,"1,04","2,49","2,5","18,4","25,31","0,081","0,0865","0,141",0,0,"0,0212",0,"1,02","0,2275","1,35","0,0358","0,2335","0,4655",0,0,"0,0399","0,0938","0,1316","0,699","0,0344","0,2422","0,484",0,0,"0,0412","0,0986","0,0996","0,7262","0,0693","0,1327","0,1391",0,0,"0,0067",0,"0,6523","0,2718","0,2463","0,2336","246,63","259,37",,
tienda_mes,4480,1/7/2026,CONGELADO,Veterana,27,233,10.167,"43,28","1,12","2,45","7,24",0,0,"0,7109","2,13","4,54","9,69","18,19","1,12","2,45","7,17",0,0,"0,7109","2,07","1,75","9,62","15,28",0,0,"0,0652",0,0,0,"0,057","2,79","0,0652","2,92","0,062","0,1339","0,3982",0,0,"0,039","0,1165","0,2505","0,5321","0,0738","0,1587","0,4753",0,0,"0,0456","0,135","0,1116","0,634",0,0,"0,0219",0,0,0,"0,0218","0,9563","0,0219","0,4241","0,3557","143,46","172,5",,
tienda_mes,4480,1/7/2026,FRESCOS,Veterana,27,286,20.129,"70,01","1,37",0,0,"18,86","1,13",1,"3,93","3,55","18,86","29,85","1,37",0,0,"18,63","1,13",1,"3,93","2,41","18,63","28,47",0,0,0,"0,2364",0,0,0,"1,14","0,2364","1,38","0,046",0,0,"0,6306","0,0381","0,0337","0,1319","0,1197","0,6306","0,0483",0,0,"0,653","0,0398","0,0353","0,1384","0,0852","0,653",0,0,0,"0,1827",0,0,0,"0,8173","0,1827","0,4288","0,4085",142,"148,72",,
tienda_mes,4480,1/7/2026,FYV,Veterana,27,234,18.160,"77,37","1,2",0,0,"12,6","5,05","1,48","3,1","3,27","12,6","26,69","1,17",0,0,"12,57","4,98","1,43","3,1","1,93","12,57","25,18","0,0277",0,0,"0,0268","0,0668","0,0473",0,"1,35","0,0268","1,52","0,0449",0,0,"0,4723","0,1897","0,0554","0,1168","0,1208","0,4723","0,0467",0,0,"0,4984","0,1981","0,057","0,1237","0,0762","0,4984","0,0088",0,0,"0,0099","0,0387","0,0151",0,"0,9274","0,0099","0,3489","0,3284","175,59","185,04",,
tienda_mes,4480,1/7/2026,HORNO,Veterana,27,122,2.517,"20,68","0,4564","0,9752","2,27",0,0,"0,5149","3,53","3,09","3,25","10,84","0,4564","0,9752","2,27",0,0,"0,5149","3,53","1,16","3,25","8,91",0,0,0,0,0,0,0,"1,93",0,"1,93","0,0431","0,0925","0,2121",0,0,"0,0468","0,3326","0,2728","0,3047","0,0507","0,1098","0,2549",0,0,"0,0579","0,4","0,1267","0,3647",0,0,0,0,0,0,0,1,0,"0,5351","0,4373","119,02","142,51",,
tienda_mes,4480,1/7/2026,PENDIENTES,Veterana,24,47,161,"3,66","0,948","0,4577","0,4911",0,0,"0,794","1,37","3,91","0,9489","7,97","0,948","0,4577","0,4911",0,0,"0,794","1,37","1,82","0,9489","5,88",0,0,0,0,0,0,0,"2,09",0,"2,09","0,1316","0,0667","0,0607",0,0,"0,1051","0,1569","0,479","0,1274","0,1762","0,0901","0,0688",0,0,"0,1535","0,2102","0,3012","0,1589",0,0,0,0,0,0,0,1,0,"3,65","2,3",26,"35,41",,
tienda_mes,4491,1/7/2026,GLOBAL,Liebre,27,,124.558,,,,,,,,,,,,,,,,,,,,,,,,,,,,,,,,,,,,,,,,,,,,,,,,,,,,,,,,,,,,,,,"0,3144","0,2946"
tienda_mes,4491,1/7/2026,SECOS,Veterana,27,509,69.318,"134,77","1,97","10,79","22,48",0,0,"0,9777","1,16","3,52","33,26","40,9","1,89","10,67","22,15",0,0,"0,9561","1,13","2,59","32,82","39,39","0,0851","0,1123","0,3281",0,0,"0,0216","0,0357","0,9257","0,4404","1,51","0,0484","0,2638","0,5494",0,0,"0,0238","0,0285","0,0861","0,8132","0,0481","0,2711","0,5621",0,0,"0,0242","0,0286","0,066","0,8332","0,0664","0,0546","0,228",0,0,"0,0385","0,0385","0,574","0,2826","0,3052","0,2938","197,77","205,37",,
tienda_mes,4491,1/7/2026,REFRIGERADO,Veterana,27,197,19.463,"97,96","0,9741","4,9","9,91",0,0,"0,8442","1,99","3,65","14,81","22,27","0,9741","4,9","9,66",0,0,"0,8442","1,99","2,37","14,56","20,74",0,0,"0,2512",0,0,0,0,"1,28","0,2512","1,53","0,0439","0,2188","0,4454",0,0,"0,0376","0,0892","0,1652","0,6642","0,047","0,235","0,4668",0,0,"0,0405","0,0959","0,1149","0,7018",0,0,"0,1945",0,0,0,0,"0,8055","0,1945","0,2297","0,2137","264,93","284,47",,
tienda_mes,4491,1/7/2026,CONGELADO,Veterana,27,161,6.704,"41,26","1,16","2,53","6,26",0,0,"0,3801","1,92","4,72","8,79","16,97","1,06","2,53","6,19",0,0,"0,3801","1,92","2,61","8,72","14,69","0,1031",0,"0,0673",0,0,0,0,"2,11","0,0673","2,28","0,0671","0,1495","0,3721",0,0,"0,0227","0,1149","0,2737","0,5215","0,0718","0,1693","0,4244",0,0,"0,0259","0,1318","0,1769","0,5936","0,0262",0,"0,0106",0,0,0,0,"0,9632","0,0106","0,4154","0,3603","147,94","170,01",,
tienda_mes,4491,1/7/2026,FRESCOS,Veterana,27,195,13.683,"69,7","1,19",0,0,"16,79","1,11","0,8788","3,5",5,"16,79","28,47","1,1",0,0,"16,35","1,11","0,8788","3,43",2,"16,35","24,86","0,0919",0,0,"0,4414",0,0,"0,0757",3,"0,4414","3,61","0,0421",0,0,"0,591","0,0391","0,0307","0,1232","0,174","0,591","0,0444",0,0,"0,6572","0,0444","0,0352","0,1379","0,0808","0,6572","0,0266",0,0,"0,095",0,0,"0,0159","0,8625","0,095","0,413","0,3597","147,7","168,33",,
tienda_mes,4491,1/7/2026,FYV,Veterana,27,161,13.570,"82,67","1,68",0,0,"10,27","4,92","1,76","3,55","2,67","10,27","24,84","1,6",0,0,"9,86","4,8","1,76","3,55","1,59","9,86","23,15","0,0823",0,0,"0,4038","0,1194",0,0,"1,08","0,4038","1,69","0,0674",0,0,"0,4118","0,198","0,071","0,1448","0,107","0,4118","0,0684",0,0,"0,4247","0,2074","0,0757","0,1544","0,0695","0,4247","0,043",0,0,"0,1767","0,058",0,0,"0,7223","0,1767","0,3143","0,2941","200,33","214,62",,
tienda_mes,4491,1/7/2026,HORNO,Veterana,27,85,1.562,"18,62","0,2578","0,9637","1,84",0,0,"0,5813","3,91","0,3671","2,8","7,92","0,2578","0,9637","1,84",0,0,"0,5813","3,91","0,3671","2,8","7,92",0,0,0,0,0,0,0,0,0,0,"0,0322","0,1233","0,2252",0,0,"0,0764","0,4958","0,0471","0,3485","0,0322","0,1233","0,2252",0,0,"0,0764","0,4958","0,0471","0,3485",,,,,,,,,,"0,4395","0,4395","144,47","144,47",,
tienda_mes,4491,1/7/2026,PENDIENTES,Veterana,25,60,252,"4,17","0,455","0,3836","0,4668",0,0,"0,6182","1,87","3,44","0,8504","7,24","0,455","0,3836","0,4668",0,0,"0,6182","1,87","1,68","0,8504","5,47",0,0,0,0,0,0,0,"1,76",0,"1,76","0,0737","0,0469","0,0427",0,0,"0,1282","0,2865","0,422","0,0897","0,1033","0,0667","0,0554",0,0,"0,1625","0,3557","0,2563","0,1221",0,0,0,0,0,0,0,1,0,"2,31","1,71","40,44","53,87",,
tienda_mes,4534,1/7/2026,GLOBAL,Liebre,27,,65.949,,,,,,,,,,,,,,,,,,,,,,,,,,,,,,,,,,,,,,,,,,,,,,,,,,,,,,,,,,,,,,,"0,2955","0,2836"
tienda_mes,4534,1/7/2026,SECOS,Veterana,27,295,38.493,"129,15","1,06","9,66","19,15",0,0,"1,27","1,39","3,78","28,8","36,31","1,06","9,63","18,92",0,0,"1,27","1,37","2,73","28,55","34,98",0,"0,0272","0,2301",0,0,0,"0,0176","1,05","0,2572","1,33","0,0295","0,266","0,5268",0,0,"0,0355","0,0384","0,1038","0,7928","0,0305","0,2748","0,5399",0,0,"0,0366","0,0393","0,0789","0,8146",0,"0,0081","0,1202",0,0,0,"0,0136","0,8582","0,1283","0,2821","0,2723","213,95","221,58",,
tienda_mes,4534,1/7/2026,REFRIGERADO,Veterana,27,121,10.687,"87,39","0,5411","3,88","8,98",0,0,"0,45","1,99","2,74","12,86","18,59","0,5411","3,88","8,98",0,0,"0,45","1,99","2,49","12,86","18,33",0,0,0,0,0,0,0,"0,2595",0,"0,2595","0,0296","0,2081","0,4847",0,0,"0,0246","0,1062","0,1469","0,6927","0,03","0,2105","0,4906",0,0,"0,0248","0,1076","0,1365","0,7011",0,0,0,0,0,0,0,1,0,"0,2152","0,2125","282,35","285,68",,
tienda_mes,4534,1/7/2026,CONGELADO,Veterana,27,111,4.302,"38,52","0,5114","2,01","4,55",0,0,"0,4726","1,69","2,64","6,56","11,88","0,5114","2,01","4,55",0,0,"0,4726","1,69","2,1","6,56","11,34",0,0,0,0,0,0,0,"0,5413",0,"0,5413","0,0449","0,1668","0,3837",0,0,"0,0405","0,1449","0,219","0,5505","0,0466","0,1741","0,4003",0,0,"0,0429","0,1505","0,1856","0,5743",0,0,0,0,0,0,0,1,0,"0,3156","0,2999","196,65","204,95",,
tienda_mes,4534,1/7/2026,FRESCOS,Veterana,27,118,6.561,"55,37","0,5884",0,0,"11,56","0,6807","0,4765","2,86","4,51","11,56","20,68","0,5884",0,0,"11,56","0,6807","0,4765","2,86","2,75","11,56","18,92",0,0,0,0,0,0,0,"1,77",0,"1,77","0,0297",0,0,"0,5682","0,0337","0,0235","0,1382","0,2068","0,5682","0,0319",0,0,"0,613","0,0364","0,0254","0,1492","0,1442","0,613",0,0,0,0,0,0,0,1,0,"0,3743","0,3443","164,18","176,86",,
tienda_mes,4534,1/7/2026,FYV,Veterana,27,91,4.437,"48,54","0,8111",0,0,"5,91","2,62","0,8586","2,4","2,61","5,91","15,21","0,8111",0,0,"5,79","2,62","0,8586","2,32","2,16","5,79","14,57",0,0,0,"0,1145",0,0,"0,0805","0,4516","0,1145","0,6466","0,0527",0,0,"0,3891","0,1725","0,058","0,1597","0,1681","0,3891","0,0546",0,0,"0,3968","0,1786","0,06","0,1609","0,149","0,3968",0,0,0,"0,3333",0,0,"0,1667","0,5","0,3333","0,3318","0,3184","192,58","199,98",,
tienda_mes,4534,1/7/2026,HORNO,Veterana,27,55,617,"11,23","0,4281",1,"1,74",0,0,"1,32","3,57","0,025","2,74","8,08","0,4281",1,"1,62",0,0,"1,32","3,57","0,025","2,63","7,97",0,0,"0,1129",0,0,0,0,0,"0,1129","0,1129","0,0558","0,124","0,2021",0,0,"0,1856","0,4303","0,0022","0,3261","0,0562","0,1252","0,1944",0,0,"0,1869","0,4351","0,0022","0,3196",0,0,1,0,0,0,0,0,1,"0,8102","0,7969","83,58","84,29",,
tienda_mes,4534,1/7/2026,PENDIENTES,Veterana,27,91,851,"8,5","0,4182","0,9994","2,71",0,"0,0522","0,3658","1,7","1,28","3,71","7,52","0,4182","0,9994","2,27",0,"0,0522","0,3658","1,7","0,8581","3,26","6,65",0,0,"0,4428",0,0,0,0,"0,4257","0,4428","0,8685","0,0555","0,1372","0,3508",0,"0,0109","0,0535","0,236","0,156","0,4881","0,0619","0,1481","0,336",0,"0,0109","0,0591","0,2613","0,1227","0,4842",0,0,"0,4286",0,0,0,0,"0,5714","0,4286","1,13","1,02","72,89","79,8",,
tienda_mes,4544,1/7/2026,GLOBAL,Liebre,27,,190.513,,,,,,,,,,,,,,,,,,,,,,,,,,,,,,,,,,,,,,,,,,,,,,,,,,,,,,,,,,,,,,,"0,3195","0,3094"
tienda_mes,4544,1/7/2026,SECOS,Veterana,27,721,109.237,"150,43","1,06","13,21","24,73",0,0,"0,701","0,9381","4,59","37,94","45,23","1,05","13,2","24,68",0,0,"0,701","0,9306","2,75","37,88","43,32","0,0077","0,0119","0,0501",0,0,0,"0,0075","1,84","0,062","1,92","0,0234","0,2917","0,5467",0,0,"0,0155","0,0209","0,1019","0,8384","0,0243","0,3043","0,5698",0,0,"0,0161","0,0216","0,0639","0,874","0,0052","0,005","0,0262",0,0,0,"0,0033","0,9603","0,0312","0,3016","0,2888","199,95","208,81",,
tienda_mes,4544,1/7/2026,REFRIGERADO,Veterana,27,284,30.806,"108,32","1,01","7,72","13,09",0,0,"1,27","2,4","3,58","20,81","29,08","1,01","7,69","13,06",0,0,"1,24","2,4","2,94","20,76","28,35",0,"0,0329","0,0242",0,0,"0,0248",0,"0,6442","0,0571","0,7261","0,0347","0,2655","0,4499",0,0,"0,0434","0,0824","0,1241","0,7153","0,0356","0,2715","0,4605",0,0,"0,0436","0,0844","0,1042","0,732",0,"0,0203","0,0556",0,0,"0,0153",0,"0,9088","0,0759","0,2692","0,2627","224,25","230,43",,
tienda_mes,4544,1/7/2026,CONGELADO,Veterana,27,246,13.364,"54,07","0,9343","4,06","8,21",0,0,"0,955","2,2","2,8","12,27","19,16","0,9343","4,06","8,21",0,0,"0,955","2,2","2,6","12,27","18,96",0,0,0,0,0,0,0,"0,2001",0,"0,2001","0,0486","0,2123","0,4287",0,0,"0,0496","0,1146","0,1463","0,6409","0,0492","0,2146","0,4331",0,0,"0,0501","0,1159","0,1371","0,6477",0,0,0,0,0,0,0,1,0,"0,3571","0,3532","169,88","171,7",,
tienda_mes,4544,1/7/2026,FRESCOS,Veterana,27,265,19.639,"73,91","0,9561",0,0,"18,04","1,23","1,36","4,11","3,28","18,04","28,98","0,9561",0,0,"18,04","1,23","1,36","4,11","2,57","18,04","28,27",0,0,0,0,0,0,0,"0,7109",0,"0,7109","0,0332",0,0,"0,6227","0,0424","0,0469","0,142","0,1128","0,6227","0,034",0,0,"0,638","0,0434","0,0481","0,1456","0,091","0,638",0,0,0,0,0,0,0,1,0,"0,3938","0,3842","153,45","157,21",,
tienda_mes,4544,1/7/2026,FYV,Veterana,27,198,13.696,"68,64","1,46",0,0,"10,57","5,06","0,9278","3,7","2,95","10,57","24,67","1,46",0,0,"10,48","5,06","0,9278","3,7","2,55","10,48","24,18",0,0,0,"0,0817",0,0,0,"0,406","0,0817","0,4877","0,0597",0,0,"0,4271","0,2043","0,0378","0,1503","0,1207","0,4271","0,061",0,0,"0,4322","0,2083","0,0385","0,1532","0,1068","0,4322",0,0,0,"0,1372",0,0,0,"0,8628","0,1372","0,3665","0,3591","166,6","169,78",,
tienda_mes,4544,1/7/2026,HORNO,Veterana,27,135,3.114,"23,13","0,2561","0,9422","1,97",0,0,"0,7999","4,36","0,306","2,91","8,64","0,2561","0,9422","1,97",0,0,"0,7999","4,36","0,2057","2,91","8,54",0,0,0,0,0,0,0,"0,1003",0,"0,1003","0,0302","0,1098","0,229",0,0,"0,0927","0,5063","0,032","0,3389","0,0304","0,1104","0,2302",0,0,"0,0942","0,5103","0,0245","0,3406",0,0,0,0,0,0,0,1,0,"0,3829","0,378","163,4","164,26",,
tienda_mes,4544,1/7/2026,PENDIENTES,Veterana,27,143,656,"4,38","0,9037","1,02","0,9713",0,0,"0,5368","1,67","2,8","1,99","7,91","0,9037","1,02","0,9713",0,0,"0,5368","1,67","2,06","1,99","7,17",0,0,0,0,0,0,0,"0,7402",0,"0,7402","0,1203","0,1267","0,1081",0,0,"0,0719","0,2011","0,372","0,2348","0,1312","0,1406","0,1186",0,0,"0,0781","0,2223","0,3091","0,2592",0,0,0,0,0,0,0,1,0,"2,08","1,88","33,24","36,18",,
tienda_mes,4556,1/7/2026,GLOBAL,Liebre,27,,64.472,,,,,,,,,,,,,,,,,,,,,,,,,,,,,,,,,,,,,,,,,,,,,,,,,,,,,,,,,,,,,,,"0,2953","0,2774"
tienda_mes,4556,1/7/2026,SECOS,Veterana,27,259,35.180,"134,28","1,04","10,24","20,24",0,0,"0,7228","0,7657","4,49","30,49","37,5","1,04","10,24","20,09",0,0,"0,7228","0,7275","2,82","30,33","35,64",0,0,"0,1544",0,0,0,"0,0382","1,67","0,1544","1,86","0,0278","0,2725","0,5395",0,0,"0,0192","0,0204","0,1205","0,812","0,0292","0,2866","0,5633",0,0,"0,0202","0,0204","0,0803","0,85",0,0,"0,0793",0,0,0,"0,0101","0,9106","0,0793","0,2818","0,2678","214,56","225,93",,
tienda_mes,4556,1/7/2026,REFRIGERADO,Veterana,27,116,12.999,"107,65","0,6367","5,12","9,18",0,0,"0,8261","2,15","3,29","14,3","21,21","0,6367","5,12","8,95",0,0,"0,8261","2,15","2,22","14,07","19,92",0,0,"0,2295",0,0,0,0,"1,07","0,2295","1,3","0,0299","0,2395","0,4341",0,0,"0,0391","0,1006","0,1568","0,6735","0,0317","0,2546","0,4504",0,0,"0,0416","0,1079","0,1139","0,705",0,0,"0,1273",0,0,0,0,"0,8727","0,1273","0,2242","0,2109","306,77","326,86",,
tienda_mes,4556,1/7/2026,CONGELADO,Veterana,27,106,4.469,41,"0,9842","2,45","5,8",0,0,"0,6665","1,47","3,79","8,25","15,16","0,795","2,45","5,8",0,0,"0,6665","1,47","2,95","8,25","14,13","0,1891",0,0,0,0,0,0,"0,8409",0,"1,03","0,0629","0,1618","0,3823",0,0,"0,0445","0,0977","0,2508","0,544","0,0549","0,1715","0,4096",0,0,"0,0472","0,1041","0,2127","0,5811","0,0737",0,0,0,0,0,0,"0,9263",0,"0,3846","0,3616","166,74","180,74",,
tienda_mes,4556,1/7/2026,FRESCOS,Veterana,27,106,5.894,"55,09","0,8173",0,0,"12,73","1,01","0,9105","3,36","5,12","12,73","23,95","0,8173",0,0,"12,73","1,01","0,9105","3,36","2,28","12,73","21,11",0,0,0,0,0,0,0,"2,84",0,"2,84","0,0353",0,0,"0,5307","0,0409","0,04","0,1425","0,2106","0,5307","0,0399",0,0,"0,5991","0,0462","0,045","0,1612","0,1086","0,5991",0,0,0,0,0,0,0,1,0,"0,4472","0,3932","139,01","156,54",,
tienda_mes,4556,1/7/2026,FYV,Veterana,27,87,4.591,"52,77","0,9393",0,0,"6,72","3,67","1,06","2,83","2,33","6,72","17,56","0,9393",0,0,"6,72","3,67","1,06","2,83","1,82","6,72","17,05",0,0,0,0,0,0,0,"0,5093",0,"0,5093","0,054",0,0,"0,3793","0,2081","0,062","0,1641","0,1324","0,3793","0,0568",0,0,"0,3903","0,2136","0,0644","0,1679","0,1071","0,3903",0,0,0,0,0,0,0,1,0,"0,3517","0,3373","180,16","184,51",,
tienda_mes,4556,1/7/2026,HORNO,Veterana,27,61,907,"14,68","0,6944","1,29","2,04",0,0,"0,4058","1,5","0,0668","3,33","5,99","0,6944","1,29","1,9",0,0,"0,4058","1,5","0,0668","3,19","5,86",0,0,"0,1368",0,0,0,0,0,"0,1368","0,1368","0,131","0,1949","0,33",0,0,"0,0741","0,2593","0,0106","0,5249","0,1312","0,1978","0,3258",0,0,"0,0742","0,2604","0,0106","0,5235",0,0,1,0,0,0,0,0,1,"0,4121","0,4043","163,15","163,64",,
tienda_mes,4556,1/7/2026,PENDIENTES,Veterana,27,45,428,"9,56","0,4331","0,474","0,9998",0,0,"0,6286","2,26","3,31","1,47","8,1","0,4331","0,474","0,9998",0,0,"0,6286","2,26","1,83","1,47","6,62",0,0,0,0,0,0,0,"1,48",0,"1,48","0,0589","0,0621","0,1203",0,0,"0,0913","0,2913","0,376","0,1824","0,0662","0,0748","0,1389",0,0,"0,1085","0,3602","0,2513","0,2137",0,0,0,0,0,0,0,1,0,"1,13","0,9268","75,57","92,64",,
tienda_mes,4558,1/7/2026,GLOBAL,Liebre,27,,124.790,,,,,,,,,,,,,,,,,,,,,,,,,,,,,,,,,,,,,,,,,,,,,,,,,,,,,,,,,,,,,,,"0,3177","0,3081"
tienda_mes,4558,1/7/2026,SECOS,Veterana,27,476,71.587,"149,88","1,2","13,38","26,26",0,0,"1,28","1,57","2,79","39,64","46,49","0,917","13,28","25,52",0,0,"1,27","1,55","2,05","38,8","44,59","0,2801","0,1055","0,7366",0,0,"0,0176","0,0214","0,7398","0,8421","1,9","0,0258","0,2874","0,5654",0,0,"0,0278","0,0338","0,0599","0,8528","0,0206","0,2972","0,5723",0,0,"0,0285","0,0348","0,0465","0,8695","0,1578","0,0474","0,3651",0,0,"0,0062","0,0093","0,4142","0,4124","0,3111","0,2982","193,85","202,06",,
tienda_mes,4558,1/7/2026,REFRIGERADO,Veterana,27,187,19.900,"105,76","1,3","6,67","9,97",0,0,"1,24","2,14","2,45","16,64","23,78","1,3","6,67","9,97",0,0,"1,24","2,14","2,02","16,64","23,35",0,0,0,0,0,0,0,"0,4308",0,"0,4308","0,0561","0,2786","0,4197",0,0,"0,0528","0,0896","0,1031","0,6982","0,057","0,2836","0,4273",0,0,"0,0538","0,0913","0,087","0,7109",0,0,0,0,0,0,0,1,0,"0,2261","0,2221","266,06","270,85",,
tienda_mes,4558,1/7/2026,CONGELADO,Veterana,27,162,7.685,"46,81","0,9331","3,42",7,0,0,"0,6094","2,23","1,97","10,43","16,17","0,8921","3,42",7,0,0,"0,6094","2,23","1,89","10,43","16,05","0,041",0,0,0,0,0,0,"0,075",0,"0,1159","0,0588","0,2102","0,4328",0,0,"0,0381","0,1385","0,1217","0,6429","0,0567","0,2115","0,4358",0,0,"0,0383","0,1393","0,1183","0,6474","0,5",0,0,0,0,0,0,"0,5",0,"0,3496","0,3473","173,38","174,56",,
tienda_mes,4558,1/7/2026,FRESCOS,Veterana,27,182,13.515,"73,09","1,61",0,0,"19,32","0,7681","0,5788","3,51","2,2","19,32","27,98","1,55",0,0,"19,18","0,7681","0,5788","3,51","1,94","19,18","27,53","0,0553",0,0,"0,1362",0,0,0,"0,262","0,1362","0,4535","0,0578",0,0,"0,6906","0,0273","0,0211","0,1252","0,0781","0,6906","0,0566",0,0,"0,6964","0,0277","0,0213","0,1274","0,0706","0,6964","0,3333",0,0,"0,1888",0,0,0,"0,4778","0,1888","0,386","0,3796","157,15","159,64",,
tienda_mes,4558,1/7/2026,FYV,Veterana,27,152,9.631,"62,38","1,33",0,0,"10,3","3,7","1,04",3,"2,84","10,3","22,21","1,27",0,0,"10,3","3,7","1,04",3,"2,19","10,3","21,5","0,0588",0,0,0,0,0,0,"0,6461",0,"0,7049","0,0602",0,0,"0,463","0,1657","0,0472","0,1356","0,1283","0,463","0,0596",0,0,"0,4782","0,1712","0,0487","0,1398","0,1024","0,4782","0,099",0,0,0,0,0,0,"0,901",0,"0,3623","0,3502","168,45","173,7",,
tienda_mes,4558,1/7/2026,HORNO,Veterana,27,103,2.228,"21,37","1,46","1,47","1,82",0,0,"1,56","4,86","0,5186","3,29","11,69","1,46","1,47","1,82",0,0,"1,56","4,86","0,5186","3,29","11,69",0,0,0,0,0,0,0,0,0,0,"0,1258","0,1229","0,1543",0,0,"0,1374","0,4169","0,0426","0,2772","0,1258","0,1229","0,1543",0,0,"0,1374","0,4169","0,0426","0,2772",,,,,,,,,,"0,5689","0,5689",110,110,,
tienda_mes,4558,1/7/2026,PENDIENTES,Veterana,27,59,244,"4,23","0,9772","1,02","1,1",0,0,"0,6644","1,93","2,26","2,12","7,94","0,9772","1,02","1,1",0,0,"0,6644","1,93","1,55","2,12","7,23",0,0,0,0,0,0,0,"0,7095",0,"0,7095","0,1387","0,1244","0,1228",0,0,"0,1044","0,2248","0,2848","0,2472","0,1519","0,1311","0,1278",0,0,"0,1172","0,2493","0,2226","0,2589",0,0,0,0,0,0,0,1,0,"2,17","2,02","34,78","39,21",,
tienda_mes,4631,1/7/2026,GLOBAL,Liebre,27,,40.356,,,,,,,,,,,,,,,,,,,,,,,,,,,,,,,,,,,,,,,,,,,,,,,,,,,,,,,,,,,,,,,"0,3099","0,3016"
tienda_mes,4631,1/7/2026,SECOS,No veterana,27,167,23.908,"142,6","0,5017","12,68","20,16",0,0,"1,27","1,22","4,07","32,85","39,9","0,5017","12,59","20,16",0,0,"1,27","1,22","3,15","32,75","38,89",0,"0,095",0,0,0,0,0,"0,9143","0,095","1,01","0,0128","0,3167","0,5041",0,0,"0,0323","0,0309","0,1031","0,8208","0,0132","0,3224","0,5172",0,0,"0,0332","0,0316","0,0824","0,8396",0,"0,0745",0,0,0,0,0,"0,9255","0,0745","0,283","0,2756","215,04","220,36",,
tienda_mes,4631,1/7/2026,REFRIGERADO,No veterana,27,81,6.674,"84,59","0,3586","6,58","8,86",0,0,"0,9016","2,46","3,18","15,44","22,34","0,3586","6,58","8,86",0,0,"0,9016","2,46","2,9","15,44","22,05",0,0,0,0,0,0,0,"0,2889",0,"0,2889","0,0169","0,2926","0,3922",0,0,"0,0407","0,1082","0,1494","0,6848","0,0173","0,2959","0,3978",0,0,"0,0416","0,1099","0,1375","0,6937",0,0,0,0,0,0,0,1,0,"0,266","0,2617","231,6","235,08",,
tienda_mes,4631,1/7/2026,CONGELADO,No veterana,27,62,2.277,"36,85","0,3043","3,13","5,12",0,0,"0,838","2,09","3,66","8,25","15,14","0,3043","3,13","5,12",0,0,"0,838","2,09","3,11","8,25","14,59",0,0,0,0,0,0,0,"0,5497",0,"0,5497","0,022","0,2025","0,3326",0,0,"0,0565","0,1432","0,2433","0,5351","0,0225","0,2087","0,3439",0,0,"0,0584","0,1482","0,2184","0,5526",0,0,0,0,0,0,0,1,0,"0,4217","0,4079","149,09","153,84",,
tienda_mes,4631,1/7/2026,FRESCOS,No veterana,27,74,3.347,"45,69","0,4769",0,0,"11,74","0,5446","0,818","3,1","2,79","11,74","19,47","0,4769",0,0,"11,74","0,5446","0,818","3,1","2,46","11,74","19,14",0,0,0,0,0,0,0,"0,331",0,"0,331","0,0249",0,0,"0,5999","0,0276","0,0417","0,1584","0,1476","0,5999","0,0252",0,0,"0,6085","0,0278","0,0422","0,161","0,1353","0,6085",0,0,0,0,0,0,0,1,0,"0,4427","0,4342","145,43","146,94",,
tienda_mes,4631,1/7/2026,FYV,No veterana,27,58,3.415,"58,55","0,9931",0,0,"7,26","3,34","1,35","2,96","2,8","7,26","18,7","0,9931",0,0,"7,26","3,23","1,35","2,96","2,46","7,26","18,24",0,0,0,0,"0,1149",0,0,"0,341",0,"0,4559","0,0554",0,0,"0,385","0,1758","0,0752","0,1558","0,1528","0,385","0,0572",0,0,"0,3928","0,1757","0,0772","0,1609","0,1362","0,3928",0,0,0,0,"0,3333",0,0,"0,6667",0,"0,3352","0,3256","190,16","194,42",,
tienda_mes,4631,1/7/2026,HORNO,No veterana,27,53,590,"11,13","0,3073","0,9178","1,4",0,0,"1,01","2,38","1,52","2,31","7,53","0,3073","0,9178","1,4",0,0,"1,01","2,38","0,7615","2,31","6,77",0,0,0,0,0,0,0,"0,7554",0,"0,7554","0,0444","0,1233","0,1704",0,0,"0,1525","0,3256","0,1839","0,2937","0,047","0,1331","0,1815",0,0,"0,1642","0,347","0,1271","0,3146",0,0,0,0,0,0,0,1,0,"0,7247","0,6343","96,44","102,38",,
tienda_mes,4631,1/7/2026,PENDIENTES,No veterana,23,34,145,"4,76","0,2128","0,8713","0,1403",0,"0,0276","0,5725","0,9159","1,72","1,01","4,46","0,2128","0,5691","0,1403",0,"0,0276","0,5725","0,9159","1,72","0,7094","4,15",0,"0,3022",0,0,0,0,0,0,"0,3022","0,3022","0,0553","0,1314","0,0218",0,"0,0072","0,1469","0,2245","0,4129","0,1532","0,0567","0,1065","0,0218",0,"0,0072","0,1511","0,2253","0,4315","0,1283",0,1,0,0,0,0,0,0,1,"1,59","1,55","60,42","64,14",,
tienda_mes,4641,1/7/2026,GLOBAL,Liebre,27,,25.612,,,,,,,,,,,,,,,,,,,,,,,,,,,,,,,,,,,,,,,,,,,,,,,,,,,,,,,,,,,,,,,"0,2626","0,2513"
tienda_mes,4641,1/7/2026,SECOS,Veterana,27,103,15.045,"145,46","0,3977","10,22","19,12",0,0,"0,5744","0,5767","3,87","29,35","34,77","0,3977","10,12","19,06",0,0,"0,5744","0,5767","2,55","29,18","33,28",0,"0,1039","0,0618",0,0,0,0,"1,32","0,1656","1,49","0,0119","0,2948","0,5458",0,0,"0,0173","0,017","0,1132","0,8406","0,0126","0,3042","0,5706",0,0,"0,0187","0,0179","0,076","0,8748",0,"0,0833","0,0373",0,0,0,0,"0,8793","0,1207","0,2416","0,2312","252,71","267,76",,
tienda_mes,4641,1/7/2026,REFRIGERADO,Veterana,27,48,4.132,"86,57","0,4651","5,26","9,01",0,0,"0,6651","1,04","3,95","14,27","20,39","0,4651","5,26","9,01",0,0,"0,5384","1,04","2,03","14,27","18,35",0,0,0,0,0,"0,1267",0,"1,92",0,"2,05","0,0225","0,2656","0,4429",0,0,"0,0332","0,0531","0,1827","0,7085","0,0263","0,2835","0,4939",0,0,"0,0293","0,0568","0,1102","0,7774",0,0,0,0,0,"0,0462",0,"0,9538",0,"0,2413","0,2201","256,6","283,72",,
tienda_mes,4641,1/7/2026,CONGELADO,Veterana,27,40,1.495,"38,2","0,2976","3,09","4,92",0,0,"0,6932","1,65","3,51","8,02","14,17","0,2976","3,09","4,92",0,0,"0,6932","1,65","2,86","8,02","13,52",0,0,0,0,0,0,0,"0,6501",0,"0,6501","0,0222","0,216","0,3444",0,0,"0,0513","0,1171","0,249","0,5604","0,0242","0,2229","0,3663",0,0,"0,0519","0,1219","0,2129","0,5892",0,0,0,0,0,0,0,1,0,"0,3854","0,3702","161,9",171,,
tienda_mes,4641,1/7/2026,FRESCOS,Veterana,27,41,2.152,"54,74","0,4501",0,0,"11,46","0,5632","0,6719","3,52","1,73","11,46","18,38","0,4501",0,0,"11,46","0,5632","0,6719","3,52","1,61","11,46","18,26",0,0,0,0,0,0,0,"0,1185",0,"0,1185","0,025",0,0,"0,6226","0,0287","0,0381","0,192","0,0935","0,6226","0,0251",0,0,"0,6254","0,029","0,0384","0,1927","0,0895","0,6254",0,0,0,0,0,0,0,1,0,"0,354","0,3516","178,75","179,34",,
tienda_mes,4641,1/7/2026,FYV,Veterana,27,31,1.952,"61,94","0,6967",0,0,"7,11","4,35","0,8288","2,42","2,52","7,11","17,92","0,6967",0,0,"7,11","4,35","0,8288","2,42","2,37","7,11","17,77",0,0,0,0,0,0,0,"0,146",0,"0,146","0,0418",0,0,"0,3849","0,2337","0,0496","0,1338","0,1563","0,3849","0,0425",0,0,"0,3884","0,2357","0,0499","0,1345","0,1489","0,3884",0,0,0,0,0,0,0,1,0,"0,3327","0,3306","198,8","201,11",,
tienda_mes,4641,1/7/2026,HORNO,Veterana,27,29,518,"17,69","0,2921","1,27","1,71",0,0,"0,4439","2,11","1,46","2,98","7,29","0,2921","1,27","1,71",0,0,"0,4439","2,11","0,3927","2,98","6,22",0,0,0,0,0,0,0,"1,07",0,"1,07","0,0578","0,1938","0,248",0,0,"0,0684","0,3165","0,1155","0,4418","0,0622","0,2047","0,2673",0,0,"0,0707","0,335","0,06","0,4721",0,0,0,0,0,0,0,1,0,"0,4579","0,4035","170,5","182,52",,
tienda_mes,4641,1/7/2026,PENDIENTES,Veterana,26,28,318,"10,58","0,4225","0,8123","0,8236",0,0,"0,3","1,45","0,0784","1,64","3,88","0,4225","0,8123","0,8236",0,0,"0,3","1,45","0,0784","1,64","3,88",0,0,0,0,0,0,0,0,0,0,"0,1104","0,1796","0,1845",0,0,"0,119","0,3828","0,0237","0,3641","0,1104","0,1796","0,1845",0,0,"0,119","0,3828","0,0237","0,3641",,,,,,,,,,"0,4411","0,4411","191,7","191,7",,
tienda_mes,4661,1/7/2026,GLOBAL,Liebre,27,,131.592,,,,,,,,,,,,,,,,,,,,,,,,,,,,,,,,,,,,,,,,,,,,,,,,,,,,,,,,,,,,,,,"0,3117","0,2864"
tienda_mes,4661,1/7/2026,SECOS,Veterana,27,486,71.309,"146,22","0,8023","11,77","25,52",0,0,"0,5719","0,9791","5,3","37,29","44,94","0,8023","11,77","25,29",0,0,"0,5719","0,932","2,11","37,06","41,48",0,0,"0,2267",0,0,0,"0,0471","3,19","0,2267","3,46","0,0179","0,2618","0,5677",0,0,"0,0126","0,0216","0,1184","0,8295","0,0193","0,2838","0,6097",0,0,"0,0136","0,0222","0,0513","0,8935",0,0,"0,0587",0,0,0,"0,0112","0,9302","0,0587","0,3075","0,2838","195,65","212,04",,
tienda_mes,4661,1/7/2026,REFRIGERADO,Veterana,27,204,20.685,"100,94","0,4083","6,43","12,29",0,0,"0,5757","1,91","4,56","18,72","26,18","0,4083","6,43","12,22",0,0,"0,5757","1,88","2,48","18,66","23,99",0,0,"0,0679",0,0,0,"0,0339","2,09","0,0679","2,19","0,0155","0,2449","0,4701",0,0,"0,0219","0,0723","0,1754","0,715","0,0168","0,2671","0,511",0,0,"0,0237","0,0773","0,104","0,7781",0,0,"0,0287",0,0,0,"0,0207","0,9506","0,0287","0,2601","0,2387","232,26","253,88",,
tienda_mes,4661,1/7/2026,CONGELADO,Veterana,27,172,8.791,"51,18","0,505","3,57","8,41",0,0,"0,3793","1,66","4,44","11,98","18,97","0,505","3,57","8,33",0,0,"0,3793","1,66","1,64","11,9","16,09",0,0,"0,079",0,0,0,0,"2,8","0,079","2,88","0,0266","0,1873","0,4446",0,0,"0,0201","0,0876","0,2338","0,6319","0,0316","0,2224","0,5198",0,0,"0,0237","0,1028","0,0997","0,7422",0,0,"0,0562",0,0,0,0,"0,9438","0,0562","0,3734","0,3163","162,29","191,54",,
tienda_mes,4661,1/7/2026,FRESCOS,Veterana,27,193,15.154,"78,63","0,3896",0,0,"19,02","1,17","0,9802","3,01","5,8","19,02","30,36","0,3896",0,0,"19,02","1,17","0,943","3,01","2,19","19,02","26,72",0,0,0,0,0,"0,0372",0,"3,6",0,"3,64","0,0128",0,0,"0,6264","0,0382","0,0322","0,0994","0,1909","0,6264","0,0145",0,0,"0,712","0,0434","0,0352","0,1125","0,0823","0,712",0,0,0,0,0,"0,0055",0,"0,9945",0,"0,3879","0,3411","155,89",177,,
tienda_mes,4661,1/7/2026,FYV,Veterana,27,163,12.646,"77,71","0,7803",0,0,"10,25","4,87","0,7076","2,03","2,86","10,25","21,5","0,7803",0,0,"10,21","4,77","0,7076","2,03","2,63","10,21","21,14",0,0,0,"0,0389","0,0976",0,0,"0,2273","0,0389","0,3638","0,0363",0,0,"0,4759","0,2257","0,033","0,0948","0,1343","0,4759","0,0369",0,0,"0,4821","0,2252","0,0335","0,0963","0,126","0,4821",0,0,0,"0,1429","0,2148",0,0,"0,6423","0,1429","0,2803","0,2758","217,38","220,74",,
tienda_mes,4661,1/7/2026,HORNO,Veterana,27,116,2.834,"24,8","0,2739","1,22","1,89",0,0,"0,4286","3,03","0,7559","3,12","7,61","0,2739","1,22","1,84",0,0,"0,4286","3,03","0,6241","3,07","7,43",0,0,"0,0485",0,0,0,0,"0,1318","0,0485","0,1803","0,0381","0,1623","0,2467",0,0,"0,0566","0,397","0,0992","0,409","0,039","0,1654","0,2461",0,0,"0,0579","0,4055","0,0862","0,4115",0,0,"0,3333",0,0,0,0,"0,6667","0,3333","0,3196","0,311","198,63","202,38",,
tienda_mes,4661,1/7/2026,PENDIENTES,Veterana,26,48,173,"3,32","0,5275","0,3037","0,3709",0,0,"0,2565","0,8551","3,47","0,6746","5,79","0,5275","0,3037","0,3709",0,0,"0,2565","0,8551","2,47","0,6746","4,78",0,0,0,0,0,0,0,1,0,1,"0,0932","0,0867","0,0554",0,0,"0,054","0,1465","0,5642","0,1421","0,1171","0,0992","0,0823",0,0,"0,064","0,1834","0,454","0,1815",0,0,0,0,0,0,0,1,0,"2,34","1,96","38,09","60,22",,
tienda_mes,4678,1/7/2026,GLOBAL,Liebre,27,,85.430,,,,,,,,,,,,,,,,,,,,,,,,,,,,,,,,,,,,,,,,,,,,,,,,,,,,,,,,,,,,,,,"0,2943","0,2861"
tienda_mes,4678,1/7/2026,SECOS,No veterana,27,293,47.343,"161,05","1,82","13,23","22,63",0,0,"0,8999","1,01","4,02","35,85","43,61","1,77","13,2","22,57",0,0,"0,8999","1,01","2,74","35,77","42,19","0,0527","0,0241","0,0628",0,0,0,0,"1,28","0,0868","1,42","0,042","0,3032","0,5188",0,0,"0,0206","0,0233","0,0921","0,822","0,0421","0,3128","0,5346",0,0,"0,0212","0,0241","0,0651","0,8474","0,0187","0,0211","0,025",0,0,0,0,"0,9351","0,0461","0,2719","0,2629","221,67","229,05",,
tienda_mes,4678,1/7/2026,REFRIGERADO,No veterana,27,140,15.219,"108,3","0,6545","7,51","10,43",0,0,"0,9255","2,15","2,83","17,95","24,51","0,6545","7,51","10,36",0,0,"0,9255","2,15","2,79","17,88","24,4",0,0,"0,0686",0,0,0,0,"0,0477","0,0686","0,1162","0,0264","0,3048","0,4264",0,0,"0,038","0,0877","0,1167","0,7311","0,0266","0,3062","0,4257",0,0,"0,0382","0,0881","0,1153","0,7319",0,0,"0,5",0,0,0,0,"0,5","0,5","0,227","0,226","265,51","266,96",,
tienda_mes,4678,1/7/2026,CONGELADO,No veterana,27,126,7.252,"57,51","0,9211","4,74","7,1",0,0,"1,12","2,52","3,29","11,84","19,68","0,8505","4,74","7,04",0,0,"1,12","2,52","3,06","11,78","19,32","0,0706",0,"0,0601",0,0,0,0,"0,2304","0,0601","0,3611","0,0466","0,237","0,362",0,0,"0,0579","0,1281","0,1684","0,599","0,044","0,2413","0,3648",0,0,"0,0589","0,1305","0,1605","0,6061","0,2",0,"0,2",0,0,0,0,"0,6","0,2","0,345","0,3385","176,24","178,92",,
tienda_mes,4678,1/7/2026,FRESCOS,No veterana,27,120,8.682,"72,4","1,15",0,0,"17,52","1,12","1,03","4,97","3,47","17,52","29,26","1,08",0,0,"17,45","1,12","1,03","4,97","2,3","17,45","27,96","0,0731",0,0,"0,0613",0,0,0,"1,17","0,0613","1,31","0,04",0,0,"0,5978","0,0378","0,0358","0,1705","0,1182","0,5978","0,0392",0,0,"0,6231","0,0394","0,0371","0,1782","0,083","0,6231","0,0625",0,0,"0,0194",0,0,0,"0,9181","0,0194","0,4066","0,3891","149,07","155,71",,
tienda_mes,4678,1/7/2026,FYV,No veterana,27,97,5.181,"52,71","1,47",0,0,"6,99","3,59","1,36","3,9","2,12","6,99","19,43","1,47",0,0,"6,86","3,59","1,36","3,82","1,75","6,86","18,85",0,0,0,"0,1238",0,0,"0,0794","0,3729","0,1238","0,5761","0,0773",0,0,"0,3597","0,1829","0,0702","0,1994","0,1104","0,3597","0,0802",0,0,"0,3617","0,1888","0,0721","0,2008","0,0965","0,3617",0,0,0,"0,4",0,0,"0,1121","0,4879","0,4","0,3804","0,3679","165,01","169,44",,
tienda_mes,4678,1/7/2026,HORNO,No veterana,27,70,1.387,"19,71","0,7008","2,02","1,56",0,0,"0,9477","2,94","0,1479","3,58","8,32","0,7008","2,02","1,56",0,0,"0,9477","2,94","0,1479","3,58","8,32",0,0,0,0,0,0,0,0,0,0,"0,0791","0,2401","0,1814",0,0,"0,1241","0,355","0,0203","0,4215","0,0791","0,2401","0,1814",0,0,"0,1241","0,355","0,0203","0,4215",,,,,,,,,,"0,435","0,435","143,13","143,13",,
tienda_mes,4678,1/7/2026,PENDIENTES,No veterana,27,43,366,"9,66","0,676","1,62","1,71",0,0,"0,6104","3,61","2,03","3,33","10,26","0,676","1,62","1,52",0,0,"0,6104","3,61","1,78","3,14","9,81",0,0,"0,1892",0,0,0,0,"0,2553","0,1892","0,4445","0,0752","0,1498","0,1192",0,0,"0,0702","0,3254","0,2603","0,269","0,0767","0,1576","0,1169",0,0,"0,0722","0,3343","0,2424","0,2745",0,0,"0,3333",0,0,0,0,"0,6667","0,3333","1,93","1,89","58,58","60,63",,
tienda_mes,4694,1/7/2026,GLOBAL,Liebre,27,,76.918,,,,,,,,,,,,,,,,,,,,,,,,,,,,,,,,,,,,,,,,,,,,,,,,,,,,,,,,,,,,,,,"0,3031","0,2522"
tienda_mes,4694,1/7/2026,SECOS,Veterana,27,284,42.697,"148,97","0,4093","8,82","26,06",0,0,"0,376","0,5753","7,36","34,88","43,6","0,389","8,82","25,5",0,0,"0,376","0,5492","1,27","34,32","36,9","0,0204",0,"0,5613",0,0,0,"0,0261","6,09","0,5613","6,7","0,0095","0,2019","0,5986",0,0,"0,0089","0,0134","0,1678","0,8004","0,0107","0,2384","0,6912",0,0,"0,0103","0,015","0,0345","0,9295","0,002",0,"0,0788",0,0,0,"0,0026","0,9166","0,0788","0,2933","0,2485","206,14","242,98",,
tienda_mes,4694,1/7/2026,REFRIGERADO,Veterana,27,130,13.106,"100,86","0,173","7,52","10,55",0,0,"0,2085","0,7938","7,46","18,07","26,71","0,173","7,52","10,55",0,0,"0,2085","0,7938","1,15","18,07","20,39",0,0,0,0,0,0,0,"6,32",0,"6,32","0,0066","0,278","0,4015",0,0,"0,0082","0,0314","0,2743","0,6795","0,0084","0,3698","0,5167",0,0,"0,0103","0,0392","0,0556","0,8865",0,0,0,0,0,0,0,1,0,"0,2655","0,203","228,89","297,28",,
tienda_mes,4694,1/7/2026,CONGELADO,Veterana,27,115,5.637,"48,31","0,3734","3,32","6,98",0,0,"0,3676","1,27","6,22","10,3","18,54","0,3734","3,32","6,98",0,0,"0,3676","1,27","1,03","10,3","13,34",0,0,0,0,0,0,0,"5,2",0,"5,2","0,0203","0,1821","0,3829",0,0,"0,0202","0,0696","0,325","0,5649","0,0282","0,2499","0,5275",0,0,"0,0269","0,0958","0,0718","0,7774",0,0,0,0,0,0,0,1,0,"0,3891","0,2797",159,"220,16",,
tienda_mes,4694,1/7/2026,FRESCOS,Veterana,27,125,7.939,"63,06","0,4957",0,0,"14,05","0,9335","0,9487","2,77","5,21","14,05","24,41","0,4957",0,0,"13,92","0,9335","0,9487","2,77","1,65","13,92","20,72",0,0,0,"0,1323",0,0,0,"3,55","0,1323","3,69","0,0209",0,0,"0,5781","0,0383","0,0394","0,1152","0,2081","0,5781","0,0242",0,0,"0,6725","0,045","0,0464","0,1337","0,0782","0,6725",0,0,0,"0,0259",0,0,0,"0,9741","0,0259","0,3922","0,3309","157,02","183,04",,
tienda_mes,4694,1/7/2026,FYV,Veterana,27,94,6.212,"66,08","0,6554",0,0,"6,55","3,96","1,19","2,42","3,44","6,55","18,22","0,6554",0,0,"6,55","3,96","1,19","2,42","1,21","6,55","15,98",0,0,0,0,0,0,0,"2,23",0,"2,23","0,0373",0,0,"0,361","0,22","0,0673","0,1354","0,1789","0,361","0,0422",0,0,"0,4061","0,2475","0,0764","0,1534","0,0745","0,4061",0,0,0,0,0,0,0,1,0,"0,3059","0,2644","219,25","244,54",,
tienda_mes,4694,1/7/2026,HORNO,Veterana,27,72,1.296,"18,4","0,1364","0,8456","1,05",0,0,"0,1531","1,7","0,1851","1,9","4,07","0,1364","0,8456","1,05",0,0,"0,1531","1,7","0,1851","1,9","4,07",0,0,0,0,0,0,0,0,0,0,"0,0336","0,2078","0,2598",0,0,"0,0375","0,4159","0,0454","0,4676","0,0336","0,2078","0,2598",0,0,"0,0375","0,4159","0,0454","0,4676",,,,,,,,,,"0,2262","0,2262","277,11","277,11",,
tienda_mes,4694,1/7/2026,PENDIENTES,Veterana,13,14,31,"2,19","0,3116","0,2722","0,4237",0,0,"0,3032","0,4786","7,68","0,6959","9,47","0,3116","0,2722","0,3131",0,0,"0,3032","0,4786","1,03","0,5853","2,71",0,0,"0,1106",0,0,0,0,"6,64","0,1106","6,76","0,0317","0,0235","0,0311",0,0,"0,0337","0,0613","0,8188","0,0545","0,1731","0,0989","0,0764",0,0,"0,1714","0,2413","0,2389","0,1753",0,0,"0,0173",0,0,0,0,"0,9827","0,0173","5,97","1,36","19,11","106,78",,
tienda_mes,4769,1/7/2026,GLOBAL,Liebre,26,,83.875,,,,,,,,,,,,,,,,,,,,,,,,,,,,,,,,,,,,,,,,,,,,,,,,,,,,,,,,,,,,,,,"0,3125","0,2998"
tienda_mes,4769,1/7/2026,SECOS,Veterana,26,346,48.737,"139,61","1,39","10,36","22,2",0,0,"1,21","1,04","3,36","32,56","39,56","1,34","10,29","21,78",0,0,"1,21","1,04","2,65","32,07","38,32","0,0409","0,0721","0,4181",0,0,0,0,"0,7107","0,4902","1,24","0,0352","0,2619","0,5601",0,0,"0,0307","0,0262","0,0859","0,822","0,0353","0,2686","0,5674",0,0,"0,0317","0,027","0,0699","0,836","0,0112","0,0424","0,31",0,0,0,0,"0,6363","0,3524","0,2854","0,276","211,76","218,67",,
tienda_mes,4769,1/7/2026,REFRIGERADO,Veterana,26,141,12.722,"89,13","0,819","5,56","11,81",0,0,"1,02","1,69","2,9","17,37","23,79","0,819","5,56","11,7",0,0,"1,02","1,69","2,32","17,26","23,1",0,0,"0,1072",0,0,0,0,"0,5814","0,1072","0,6886","0,035","0,2314","0,4984",0,0,"0,0436","0,0707","0,1209","0,7298","0,0359","0,2377","0,508",0,0,"0,0448","0,0727","0,1009","0,7457",0,0,"0,1818",0,0,0,0,"0,8182","0,1818","0,2677","0,2602",227,"233,39",,
tienda_mes,4769,1/7/2026,CONGELADO,Veterana,26,121,5.519,"45,37","1,24","4,08","7,68",0,0,"1,02","1,77","3,36","11,77","19,16","1,24","4,08","7,63",0,0,"0,9793","1,77","2,51","11,71","18,21",0,0,"0,0577",0,0,"0,0416",0,"0,853","0,0577","0,9523","0,0673","0,2078","0,4057",0,0,"0,0534","0,0917","0,1741","0,6135","0,0705","0,2184","0,4217",0,0,"0,0544","0,0965","0,1385","0,64",0,0,"0,0909",0,0,"0,0181",0,"0,8909","0,0909","0,4285","0,4073","145,67","152,36",,
tienda_mes,4769,1/7/2026,FRESCOS,Veterana,26,129,9.043,"69,88","1,61",0,0,"17,93","0,9097","0,8021","2,81","3,89","17,93","27,95","1,52",0,0,"17,67","0,9097","0,8021","2,72","1,87","17,67","25,5","0,0847",0,0,"0,262",0,0,"0,0857","2,02","0,262","2,45","0,0582",0,0,"0,6451","0,0327","0,0291","0,1027","0,1323","0,6451","0,0604",0,0,"0,6907","0,0353","0,0315","0,1072","0,0749","0,6907","0,0556",0,0,"0,1034",0,0,"0,0556","0,7855","0,1034","0,4051","0,3688","153,66","165,73",,
tienda_mes,4769,1/7/2026,FYV,Veterana,26,105,6.184,"58,53","1,68",0,0,"8,63","3,81","1,46","2,42","2,35","8,63","20,35","1,68",0,0,"8,63","3,75","1,46","2,42","1,77","8,63","19,71",0,0,0,0,"0,0585",0,0,"0,5802",0,"0,6386","0,0838",0,0,"0,4235","0,1876","0,0726","0,1199","0,1125","0,4235","0,0866",0,0,"0,4357","0,1904","0,0749","0,123","0,0894","0,4357",0,0,0,0,"0,1667",0,0,"0,8333",0,"0,3555","0,3442","175,12","180,09",,
tienda_mes,4769,1/7/2026,HORNO,Veterana,26,65,1.413,"21,56","1,08","1,39","1,4",0,0,"1,19","3,08","0,2563","2,79","8,4","1,08","1,39","1,4",0,0,"1,19","3,08","0,2563","2,79","8,4",0,0,0,0,0,0,0,0,0,0,"0,1318","0,1644","0,1637",0,0,"0,1489","0,3648","0,0264","0,3281","0,1318","0,1644","0,1637",0,0,"0,1489","0,3648","0,0264","0,3281",,,,,,,,,,"0,4225","0,4225","155,09","155,09",,
tienda_mes,4769,1/7/2026,PENDIENTES,Veterana,24,46,256,"5,3","0,5907","0,8906","0,9045",0,0,"0,5403","1,41","2,86","1,8","7,19","0,5907","0,7574","0,9045",0,0,"0,5403","1,41","1,61","1,66","5,82",0,"0,1332",0,0,0,0,0,"1,24","0,1332","1,38","0,1079","0,0839","0,0954",0,0,"0,1197","0,1972","0,396","0,1793","0,1254","0,0973","0,1196",0,0,"0,1336","0,233","0,291","0,2169",0,"0,1429",0,0,0,0,0,"0,8571","0,1429","1,81","1,38","49,55","59,99",,
tienda_mes,4770,1/7/2026,GLOBAL,Liebre,27,,70.359,,,,,,,,,,,,,,,,,,,,,,,,,,,,,,,,,,,,,,,,,,,,,,,,,,,,,,,,,,,,,,,"0,3194","0,3088"
tienda_mes,4770,1/7/2026,SECOS,Veterana,27,266,38.632,"144,35","0,7965","16,5","20,78",0,0,"1,39","1,09","3,34","37,28","43,89","0,7965","16,5","20,62",0,0,"1,39","1,09","2,68","37,12","43,08",0,0,"0,1548",0,0,0,0,"0,6605","0,1548","0,8153","0,0182","0,376","0,4724",0,0,"0,0318","0,025","0,0766","0,8484","0,0186","0,383","0,478",0,0,"0,0324","0,0254","0,0626","0,861",0,0,"0,1287",0,0,0,0,"0,8713","0,1287","0,3054","0,2996","197,24","200,92",,
tienda_mes,4770,1/7/2026,REFRIGERADO,Veterana,27,125,12.496,"99,56","0,2969","8,22","10,37",0,0,"1,35","1,81","2,97","18,6","25,02","0,2969","8,22","10,37",0,0,"1,35","1,81","2,54","18,6","24,59",0,0,0,0,0,0,0,"0,432",0,"0,432","0,012","0,3273","0,4144",0,0,"0,0542","0,0723","0,1198","0,7417","0,0122","0,333","0,4219",0,0,"0,055","0,0736","0,1043","0,7548",0,0,0,0,0,0,0,1,0,"0,2527","0,2482","238,72","243,06",,
tienda_mes,4770,1/7/2026,CONGELADO,Veterana,27,109,4.764,"43,96","0,4716","3,85","6,13",0,0,"1,01","1,59","3,16","9,98","16,21","0,4716","3,85","6,13",0,0,"1,01","1,59","1,95","9,98",15,0,0,0,0,0,0,0,"1,21",0,"1,21","0,0298","0,2374","0,3779",0,0,"0,0618","0,0988","0,1944","0,6153","0,0318","0,2569","0,4113",0,0,"0,0669","0,107","0,1261","0,6682",0,0,0,0,0,0,0,1,0,"0,3725","0,3445","162,73","177,6",,
tienda_mes,4770,1/7/2026,FRESCOS,Veterana,27,118,7.451,"62,84","0,4628",0,0,"15,02","1,07","1,19","4,54","3,94","15,02","26,23","0,4628",0,0,"15,02","1,07","1,19","4,54","2,47","15,02","24,76",0,0,0,0,0,0,0,"1,47",0,"1,47","0,0183",0,0,"0,573","0,0406","0,0458","0,1747","0,1475","0,573","0,0192",0,0,"0,6046","0,0427","0,0483","0,1845","0,1007","0,6046",0,0,0,0,0,0,0,1,0,"0,4223","0,3988","143,96","151,74",,
tienda_mes,4770,1/7/2026,FYV,Veterana,27,93,5.246,"56,34","0,9288",0,0,"6,96","3,79","1,34","2,65","3,42","6,96","19,09","0,9288",0,0,"6,96","3,69","1,34","2,65","1,97","6,96","17,53",0,0,0,0,"0,0999",0,0,"1,46",0,"1,56","0,0495",0,0,"0,3646","0,1981","0,0711","0,1402","0,1764","0,3646","0,0537",0,0,"0,3947","0,2103","0,078","0,152","0,1112","0,3947",0,0,0,0,"0,0235",0,0,"0,9765",0,"0,3571","0,323","177,52","191,43",,
tienda_mes,4770,1/7/2026,HORNO,Veterana,27,68,1.180,"17,32","0,2906","1,18","1,53",0,0,"0,8594","3,04","0,142","2,71","7,04","0,2906","1,18","1,53",0,0,"0,8594","3,04","0,142","2,71","7,04",0,0,0,0,0,0,0,0,0,0,"0,0397","0,1638","0,2153",0,0,"0,1262","0,4332","0,0218","0,3792","0,0397","0,1638","0,2153",0,0,"0,1262","0,4332","0,0218","0,3792",,,,,,,,,,"0,4179","0,4179","149,33","149,33",,
tienda_mes,4770,1/7/2026,PENDIENTES,Veterana,27,59,590,"9,44","0,2667","0,7114","0,8131",0,0,"0,5848","3,13","1,73","1,52","7,23","0,2667","0,7114","0,8131",0,0,"0,5848","3,13","0,8382","1,52","6,35",0,0,0,0,0,0,0,"0,8874",0,"0,8874","0,0487","0,1073","0,1124",0,0,"0,0905","0,4669","0,1743","0,2197","0,0499","0,1128","0,1169",0,0,"0,098","0,5014","0,121","0,2297",0,0,0,0,0,0,0,1,0,"0,8633","0,7677","86,44","93,04",,
